identification_id	material_entity_id	media_id	nucleotide_analysis_id	nucleotide_sequence_id	occurrence_id	organism_id	verbatim_identification	is_accepted_identification	taxon_formula	type_status	type_designation_type	identified_by	identified_by_id	date_identified	identification_references	taxon_assignment_method	identification_verification_status	identification_remarks	taxon_id	scientific_name_id	geo_classification_code	geo_name	scientific_name	scientific_name_authorship	vernacular_name	taxon_rank	external_classification_source	kingdom	phylum	class	order	family	subfamily	genus	generic_name	subgenus	infrageneric_epithet	specific_epithet	infraspecific_epithet	cultivar_epithet	name_according_to	nomenclatural_code	nomenclatural_status	name_published_in	name_published_in_year	taxon_remarks	feedback_url
a2c04e38-ce30-4bc9-9732-710d73bdf730		https://inaturalist-open-data.s3.amazonaws.com/photos/2156910/medium.jpg					Anna's Hummingbird	true	A			David Kaposi	109975	2015-07-20 03:49:24 UTC									Calypte anna		Anna's Hummingbird			Animalia	Chordata	Aves	Apodiformes	Trochilidae	Trochilinae	Calypte	Calypte												
10e5fe50-4a82-429e-809d-0f59d306708b		https://inaturalist-open-data.s3.amazonaws.com/photos/2160291/medium.jpg					tree tobacco	true	A			David Kaposi	109975	2015-07-21 00:47:38 UTC									Nicotiana glauca		tree tobacco			Plantae	Tracheophyta	Magnoliopsida	Solanales	Solanaceae	Nicotianoideae	Nicotiana	Nicotiana												
2f1300b4-dd2f-4c52-a53e-81975e40c68c		https://inaturalist-open-data.s3.amazonaws.com/photos/3536791/medium.jpg					Checkered White	true	A			David Kaposi	109975	2016-05-01 02:06:06 UTC									Pontia protodice		Checkered White			Animalia	Arthropoda	Insecta	Lepidoptera	Pieridae	Pierinae	Pontia	Pontia												
e160fdf0-8c15-4c58-96ce-cc28fe95d47a		https://static.inaturalist.org/photos/3536795/medium.jpg					Gray Hairstreak	true	A			David Kaposi	109975	2016-05-01 02:06:10 UTC									Strymon melinus		Gray Hairstreak			Animalia	Arthropoda	Insecta	Lepidoptera	Lycaenidae	Theclinae	Strymon	Strymon												
b33361e6-fb60-4cf5-a888-425b701082b7		https://inaturalist-open-data.s3.amazonaws.com/photos/3545284/medium.jpg					Duskywings	true	A			David Kaposi	109975	2016-05-01 17:59:51 UTC									Encelia californica		California brittlebush			Plantae	Tracheophyta	Magnoliopsida	Asterales	Asteraceae	Asteroideae	Encelia	Encelia												
bba6d7eb-6095-4e94-bd5a-e6fdda1783e9		https://inaturalist-open-data.s3.amazonaws.com/photos/4277219/medium.jpg					Sonoran Bumble Bee	true	A			Jesse Rorabaugh	52839	2016-07-16 19:29:16 UTC									Bombus sonorus		Sonoran Bumble Bee			Animalia	Arthropoda	Insecta	Hymenoptera	Apidae	Apinae	Bombus	Bombus												
62b15292-619a-46a8-ba6a-7481429a9bda		https://inaturalist-open-data.s3.amazonaws.com/photos/5614905/medium.jpg					Cloudless Sulphur	true	A			Rosalind Helfand	121050	2016-11-26 04:42:04 UTC									Phoebis sennae		Cloudless Sulphur			Animalia	Arthropoda	Insecta	Lepidoptera	Pieridae	Coliadinae	Phoebis	Phoebis												
070023cf-f665-4152-bd51-7780b2a34afa		https://inaturalist-open-data.s3.amazonaws.com/photos/6105218/medium.jpg					Anna's Hummingbird	true	A			Rosalind Helfand	121050	2017-01-23 19:21:28 UTC									Calypte anna		Anna's Hummingbird			Animalia	Chordata	Aves	Apodiformes	Trochilidae	Trochilinae	Calypte	Calypte												
4f86d49c-8c4d-45ed-9747-1574486cdbe8		https://inaturalist-open-data.s3.amazonaws.com/photos/7722979/medium.jpg					Buckwheat Root Borer	true	A			David Kaposi	109975	2017-05-10 11:52:57 UTC									Synanthedon polygoni		Buckwheat Root Borer Moth			Animalia	Arthropoda	Insecta	Lepidoptera	Sesiidae	Sesiinae	Synanthedon	Synanthedon												
47bf4ffc-5869-4bd3-8424-fae994293cc6		https://inaturalist-open-data.s3.amazonaws.com/photos/7732852/medium.jpg					Bernardino Blue	true	A			David Kaposi	109975	2017-05-11 01:22:15 UTC									Euphilotes bernardino		Bernardino Blue			Animalia	Arthropoda	Insecta	Lepidoptera	Lycaenidae	Polyommatinae	Euphilotes	Euphilotes												
0c4f0de9-9f1e-47f6-8da3-fdca0416fd0d		https://inaturalist-open-data.s3.amazonaws.com/photos/17593582/medium.jpg					Valley Carpenter Bee	true	A			Rosalind Helfand	121050	2018-05-07 18:58:20 UTC									Xylocopa sonorina		Valley Carpenter Bee			Animalia	Arthropoda	Insecta	Hymenoptera	Apidae	Xylocopinae	Xylocopa	Xylocopa												
00402098-5b31-4adf-8824-35044066ad4b		https://inaturalist-open-data.s3.amazonaws.com/photos/17596625/medium.jpg					Gray Buckeye	true	A			Rosalind Helfand	121050	2018-05-07 19:50:30 UTC									Junonia grisea		Gray Buckeye			Animalia	Arthropoda	Insecta	Lepidoptera	Nymphalidae	Nymphalinae	Junonia	Junonia												
3bac18d3-a343-436b-bf3d-5aad4b238a5e		https://inaturalist-open-data.s3.amazonaws.com/photos/20290139/medium.jpg					Van Dyke's Bumble Bee	true	A			Rosalind Helfand	121050	2018-06-25 04:15:56 UTC									Bombus vandykei		Van Dyke's Bumble Bee			Animalia	Arthropoda	Insecta	Hymenoptera	Apidae	Apinae	Bombus	Bombus												
68073ea6-951c-4580-aaba-a34fd45b28c2		https://inaturalist-open-data.s3.amazonaws.com/photos/3557760/medium.jpg					California Buckwheat	true	A			David Kaposi	109975	2018-08-13 11:58:58 UTC									Eriogonum fasciculatum		California Buckwheat			Plantae	Tracheophyta	Magnoliopsida	Caryophyllales	Polygonaceae	Eriogonoideae	Eriogonum	Eriogonum												
fd68429c-1a57-47bb-a305-a4b5d9646d58		https://inaturalist-open-data.s3.amazonaws.com/photos/24658812/medium.jpg					Gulf Fritillary	true	A			Rosalind Helfand	121050	2018-09-10 18:11:47 UTC									Dione vanillae		Gulf Fritillary			Animalia	Arthropoda	Insecta	Lepidoptera	Nymphalidae	Heliconiinae	Dione	Dione												
878ad0ab-d93d-45d0-a91a-4a46e8a99102		https://inaturalist-open-data.s3.amazonaws.com/photos/24977634/medium.jpg					Fiery Skipper	true	A			Rosalind Helfand	121050	2018-09-16 08:41:10 UTC									Hylephila phyleus		Fiery Skipper			Animalia	Arthropoda	Insecta	Lepidoptera	Hesperiidae	Hesperiinae	Hylephila	Hylephila												
89467d25-dc46-469f-b9c9-736f896d4d35		https://inaturalist-open-data.s3.amazonaws.com/photos/31206832/medium.jpg					San Clemente Island triteleia	true	A				266196	2019-02-08 22:21:35 UTC									Triteleia clementina		San Clemente Island triteleia			Plantae	Tracheophyta	Liliopsida	Asparagales	Asparagaceae	Brodiaeoideae	Triteleia	Triteleia												
918ecebf-1e99-40d5-b7bf-2601cb0a3511		https://inaturalist-open-data.s3.amazonaws.com/photos/32659906/medium.jpg					Allen's Hummingbird	true	A				1520013	2019-03-11 00:10:15 UTC									Selasphorus sasin		Allen's Hummingbird			Animalia	Chordata	Aves	Apodiformes	Trochilidae	Trochilinae	Selasphorus	Selasphorus												
6bb6a373-462a-46bf-b388-320f2bd833a0		https://inaturalist-open-data.s3.amazonaws.com/photos/32820278/medium.jpeg					island senecio	true	A			Casey H. Richart	34488	2019-03-14 15:15:18 UTC									Senecio lyonii		island senecio			Plantae	Tracheophyta	Magnoliopsida	Asterales	Asteraceae	Asteroideae	Senecio	Senecio												
73d4336e-4c38-454c-bc83-a5cb05abd519		https://inaturalist-open-data.s3.amazonaws.com/photos/32820282/medium.jpeg					island senecio	true	A			Casey H. Richart	34488	2019-03-14 15:15:28 UTC									Senecio lyonii		island senecio			Plantae	Tracheophyta	Magnoliopsida	Asterales	Asteraceae	Asteroideae	Senecio	Senecio												
b043170a-28d3-429c-93de-40e5b0effd87		https://inaturalist-open-data.s3.amazonaws.com/photos/32820474/medium.jpeg					Yellow-spotted Bromeliad Fly	true	A			Casey H. Richart	34488	2019-03-14 15:20:13 UTC									Copestylum avidum		Yellow-spotted Bromeliad Fly			Animalia	Arthropoda	Insecta	Diptera	Syrphidae	Eristalinae	Copestylum	Copestylum												
00805955-8060-4094-8e04-3a9fc975def1		https://inaturalist-open-data.s3.amazonaws.com/photos/32820532/medium.jpeg					California brittlebush	true	A			Casey H. Richart	34488	2019-03-14 15:22:14 UTC									Encelia californica		California brittlebush			Plantae	Tracheophyta	Magnoliopsida	Asterales	Asteraceae	Asteroideae	Encelia	Encelia												
b330a9d8-5945-40d3-9e44-5c45b69a4069		https://inaturalist-open-data.s3.amazonaws.com/photos/32820607/medium.jpg					Copestylum lentum	true	A			Casey H. Richart	34488	2019-03-14 15:25:18 UTC									Copestylum lentum					Animalia	Arthropoda	Insecta	Diptera	Syrphidae	Eristalinae	Copestylum	Copestylum												
404df053-1662-418e-a6e5-42475d03f220		https://inaturalist-open-data.s3.amazonaws.com/photos/32821116/medium.jpeg					Sharp-toothed Sanicle	true	A			Casey H. Richart	34488	2019-03-14 15:37:42 UTC									Sanicula arguta		Sharp-toothed Sanicle			Plantae	Tracheophyta	Magnoliopsida	Apiales	Apiaceae	Saniculoideae	Sanicula	Sanicula												
0615a0c8-9165-4e51-acd8-d8d0a54ee095		https://inaturalist-open-data.s3.amazonaws.com/photos/32821244/medium.jpeg					Sharp-toothed Sanicle	true	A			Casey H. Richart	34488	2019-03-14 15:41:00 UTC									Sanicula arguta		Sharp-toothed Sanicle			Plantae	Tracheophyta	Magnoliopsida	Apiales	Apiaceae	Saniculoideae	Sanicula	Sanicula												
8dd8e5de-21ba-452f-9fb8-adbcdb032154		https://inaturalist-open-data.s3.amazonaws.com/photos/32821348/medium.jpeg					Sharp-toothed Sanicle	true	A			Casey H. Richart	34488	2019-03-14 15:44:02 UTC									Sanicula arguta		Sharp-toothed Sanicle			Plantae	Tracheophyta	Magnoliopsida	Apiales	Apiaceae	Saniculoideae	Sanicula	Sanicula												
f5e0368f-1410-4158-b0bd-fd919132a5e4		https://inaturalist-open-data.s3.amazonaws.com/photos/33120103/medium.jpg					White-bowed Smoothwing	true	A			Sula Vanderplank	246499	2019-03-20 02:54:30 UTC									Scaeva affinis		White-bowed Smoothwing			Animalia	Arthropoda	Insecta	Diptera	Syrphidae	Syrphinae	Scaeva	Scaeva												
9d6a59f2-b8d0-4c32-9b8f-9e20972f00d0		https://inaturalist-open-data.s3.amazonaws.com/photos/33818702/medium.jpeg					San Clemente Island milkvetch	true	A			Casey H. Richart	34488	2019-03-31 16:08:56 UTC									Astragalus nevinii		San Clemente Island milkvetch			Plantae	Tracheophyta	Magnoliopsida	Fabales	Fabaceae	Faboideae	Astragalus	Astragalus												
c89b68a7-670c-4c0e-aa22-e01f9e379d3b		https://inaturalist-open-data.s3.amazonaws.com/photos/33819513/medium.jpeg					common yarrow	true	A			Casey H. Richart	34488	2019-03-31 16:21:29 UTC									Achillea millefolium		common yarrow			Plantae	Tracheophyta	Magnoliopsida	Asterales	Asteraceae	Asteroideae	Achillea	Achillea												
61b43393-05d1-4c41-92e4-c49972f48489		https://inaturalist-open-data.s3.amazonaws.com/photos/33819647/medium.jpg					Copestylum lentum	true	A			Casey H. Richart	34488	2019-03-31 16:23:37 UTC									Copestylum lentum					Animalia	Arthropoda	Insecta	Diptera	Syrphidae	Eristalinae	Copestylum	Copestylum												
2e68a503-491f-403a-9102-c55d1c223bf6		https://inaturalist-open-data.s3.amazonaws.com/photos/33819659/medium.jpeg					common yarrow	true	A			Casey H. Richart	34488	2019-03-31 16:23:47 UTC									Achillea millefolium		common yarrow			Plantae	Tracheophyta	Magnoliopsida	Asterales	Asteraceae	Asteroideae	Achillea	Achillea												
14cc235a-81df-49d2-8c60-a11ad49aa8cd		https://inaturalist-open-data.s3.amazonaws.com/photos/33819871/medium.jpeg					island senecio	true	A			Casey H. Richart	34488	2019-03-31 16:27:42 UTC									Senecio lyonii		island senecio			Plantae	Tracheophyta	Magnoliopsida	Asterales	Asteraceae	Asteroideae	Senecio	Senecio												
47df225a-08eb-49df-9876-561e0c9b8f5c		https://inaturalist-open-data.s3.amazonaws.com/photos/33820016/medium.jpeg					California brittlebush	true	A			Casey H. Richart	34488	2019-03-31 16:30:22 UTC									Encelia californica		California brittlebush			Plantae	Tracheophyta	Magnoliopsida	Asterales	Asteraceae	Asteroideae	Encelia	Encelia												
2dfbc00a-74f8-49f1-8f4e-01d16988cf85		https://inaturalist-open-data.s3.amazonaws.com/photos/33820160/medium.jpg					Large-tailed Aphideater	true	A			Casey H. Richart	34488	2019-03-31 16:32:49 UTC									Eupeodes volucris		Large-tailed Aphideater			Animalia	Arthropoda	Insecta	Diptera	Syrphidae	Syrphinae	Eupeodes	Eupeodes												
928d1022-3504-40b7-89f9-82175bd0c29f		https://inaturalist-open-data.s3.amazonaws.com/photos/33820176/medium.jpg					Yellow-spotted Bromeliad Fly	true	A			Casey H. Richart	34488	2019-03-31 16:33:05 UTC									Copestylum avidum		Yellow-spotted Bromeliad Fly			Animalia	Arthropoda	Insecta	Diptera	Syrphidae	Eristalinae	Copestylum	Copestylum												
a504fc93-f4b1-43c1-baa2-ccece77da31d		https://inaturalist-open-data.s3.amazonaws.com/photos/33820186/medium.jpeg					island senecio	true	A			Casey H. Richart	34488	2019-03-31 16:33:10 UTC									Senecio lyonii		island senecio			Plantae	Tracheophyta	Magnoliopsida	Asterales	Asteraceae	Asteroideae	Senecio	Senecio												
05e945b6-4555-4aca-be29-28bf7643f161		https://inaturalist-open-data.s3.amazonaws.com/photos/33820195/medium.jpg					Copestylum lentum	true	A			Casey H. Richart	34488	2019-03-31 16:33:17 UTC									Copestylum lentum					Animalia	Arthropoda	Insecta	Diptera	Syrphidae	Eristalinae	Copestylum	Copestylum												
0c5db851-fa22-4b62-9809-035e0a7f057f		https://inaturalist-open-data.s3.amazonaws.com/photos/33820206/medium.jpeg					island senecio	true	A			Casey H. Richart	34488	2019-03-31 16:33:30 UTC									Senecio lyonii		island senecio			Plantae	Tracheophyta	Magnoliopsida	Asterales	Asteraceae	Asteroideae	Senecio	Senecio												
831b592d-2864-42d7-b959-5e85a01496dc		https://inaturalist-open-data.s3.amazonaws.com/photos/33820324/medium.jpg					Yellow-spotted Bromeliad Fly	true	A			Casey H. Richart	34488	2019-03-31 16:35:33 UTC									Copestylum avidum		Yellow-spotted Bromeliad Fly			Animalia	Arthropoda	Insecta	Diptera	Syrphidae	Eristalinae	Copestylum	Copestylum												
00639785-b671-4c27-abb4-4cbc6126d082		https://inaturalist-open-data.s3.amazonaws.com/photos/33820343/medium.jpeg					California brittlebush	true	A			Casey H. Richart	34488	2019-03-31 16:35:50 UTC									Encelia californica		California brittlebush			Plantae	Tracheophyta	Magnoliopsida	Asterales	Asteraceae	Asteroideae	Encelia	Encelia												
59e9ea57-40f1-450a-9cfd-74c1b2f95d91		https://inaturalist-open-data.s3.amazonaws.com/photos/33820352/medium.jpg					California Mountain-Digger Bee	true	A			Casey H. Richart	34488	2019-03-31 16:35:59 UTC									Habropoda depressa		California Mountain-Digger Bee			Animalia	Arthropoda	Insecta	Hymenoptera	Apidae	Apinae	Habropoda	Habropoda												
88c4f351-2245-4706-bda9-e324d72c069d		https://inaturalist-open-data.s3.amazonaws.com/photos/33820377/medium.jpeg					San Clemente Island paintbrush	true	A			Casey H. Richart	34488	2019-03-31 16:36:17 UTC									Castilleja grisea		San Clemente Island paintbrush			Plantae	Tracheophyta	Magnoliopsida	Lamiales	Orobanchaceae		Castilleja	Castilleja												
09966499-9bb0-45da-b1e1-34c4fe215234		https://inaturalist-open-data.s3.amazonaws.com/photos/33820500/medium.jpeg					tidy tips	true	A			Casey H. Richart	34488	2019-03-31 16:38:26 UTC									Layia platyglossa		tidy tips			Plantae	Tracheophyta	Magnoliopsida	Asterales	Asteraceae	Asteroideae	Layia	Layia												
619a46b0-d8a8-484e-bd91-d70b9a237cf7		https://inaturalist-open-data.s3.amazonaws.com/photos/33820908/medium.jpeg					many-flowered phacelia	true	A			Casey H. Richart	34488	2019-03-31 16:46:00 UTC									Phacelia floribunda		many-flowered phacelia			Plantae	Tracheophyta	Magnoliopsida	Boraginales	Boraginaceae	Hydrophylloideae	Phacelia	Phacelia												
483203ee-acb2-43d6-98f8-dcd93f22c4aa		https://inaturalist-open-data.s3.amazonaws.com/photos/33820927/medium.jpg					Large-tailed Aphideater	true	A			Casey H. Richart	34488	2019-03-31 16:46:29 UTC									Eupeodes volucris		Large-tailed Aphideater			Animalia	Arthropoda	Insecta	Diptera	Syrphidae	Syrphinae	Eupeodes	Eupeodes												
f813804f-22cd-478c-b8a9-3aba6a87e284		https://inaturalist-open-data.s3.amazonaws.com/photos/33822091/medium.jpg					Anthidium collectum	true	A			Casey H. Richart	34488	2019-03-31 17:05:19 UTC									Anthidium collectum					Animalia	Arthropoda	Insecta	Hymenoptera	Megachilidae	Megachilinae	Anthidium	Anthidium												
862a11a8-e2c3-4216-adb3-066fb267ae67		https://inaturalist-open-data.s3.amazonaws.com/photos/33822105/medium.jpeg					Acmispon argophyllus argenteus	true	A			Casey H. Richart	34488	2019-03-31 17:05:31 UTC									Acmispon argophyllus argenteus					Plantae	Tracheophyta	Magnoliopsida	Fabales	Fabaceae	Faboideae	Acmispon	Acmispon												
b232cde4-d52f-4561-afee-f131222ee1cf		https://static.inaturalist.org/photos/270698968/medium.jpg					Western Honey Bee	true	A			Dkt7sc	477693	2023-04-25 06:04:24 UTC									Apis mellifera		Western Honey Bee			Animalia	Arthropoda	Insecta	Hymenoptera	Apidae	Apinae	Apis	Apis												
38bde9ce-65fe-4832-b833-4c2920eb7ff5		https://inaturalist-open-data.s3.amazonaws.com/photos/33822155/medium.jpeg					island senecio	true	A			Casey H. Richart	34488	2019-03-31 17:06:16 UTC									Senecio lyonii		island senecio			Plantae	Tracheophyta	Magnoliopsida	Asterales	Asteraceae	Asteroideae	Senecio	Senecio												
3f42ab47-6ce6-4de9-8504-92fe2a13f052		https://inaturalist-open-data.s3.amazonaws.com/photos/33822414/medium.jpg					Copestylum lentum	true	A			Casey H. Richart	34488	2019-03-31 17:09:58 UTC									Copestylum lentum					Animalia	Arthropoda	Insecta	Diptera	Syrphidae	Eristalinae	Copestylum	Copestylum												
88326187-af06-4f24-9b3e-7a0fe682d86e		https://inaturalist-open-data.s3.amazonaws.com/photos/33822451/medium.jpeg					island senecio	true	A			Casey H. Richart	34488	2019-03-31 17:10:25 UTC									Senecio lyonii		island senecio			Plantae	Tracheophyta	Magnoliopsida	Asterales	Asteraceae	Asteroideae	Senecio	Senecio												
0f169d81-fda0-4c13-aaaf-8cb0dba5fdca		https://inaturalist-open-data.s3.amazonaws.com/photos/33822514/medium.jpeg					island senecio	true	A			Casey H. Richart	34488	2019-03-31 17:11:33 UTC									Senecio lyonii		island senecio			Plantae	Tracheophyta	Magnoliopsida	Asterales	Asteraceae	Asteroideae	Senecio	Senecio												
b143c86d-edb9-4fe1-82d3-5a6ec7de24fc		https://inaturalist-open-data.s3.amazonaws.com/photos/33822529/medium.jpeg					island senecio	true	A			Casey H. Richart	34488	2019-03-31 17:11:43 UTC									Senecio lyonii		island senecio			Plantae	Tracheophyta	Magnoliopsida	Asterales	Asteraceae	Asteroideae	Senecio	Senecio												
ae12f34b-acfd-4bb0-acb1-737f4a9b1f03		https://inaturalist-open-data.s3.amazonaws.com/photos/33822880/medium.jpg					Copestylum marginatum	true	A			Casey H. Richart	34488	2019-03-31 17:16:48 UTC									Copestylum marginatum					Animalia	Arthropoda	Insecta	Diptera	Syrphidae	Eristalinae	Copestylum	Copestylum												
8c9eef27-e65e-45ac-83ac-ea3139fab0dc		https://inaturalist-open-data.s3.amazonaws.com/photos/33822901/medium.jpg					Copestylum lentum	true	A			Casey H. Richart	34488	2019-03-31 17:17:05 UTC									Copestylum lentum					Animalia	Arthropoda	Insecta	Diptera	Syrphidae	Eristalinae	Copestylum	Copestylum												
81e79161-b9cf-4a92-9618-413506b15eff		https://inaturalist-open-data.s3.amazonaws.com/photos/33822909/medium.jpg					Yellow-spotted Bromeliad Fly	true	A			Casey H. Richart	34488	2019-03-31 17:17:13 UTC									Copestylum avidum		Yellow-spotted Bromeliad Fly			Animalia	Arthropoda	Insecta	Diptera	Syrphidae	Eristalinae	Copestylum	Copestylum												
360804fc-3055-41eb-80ea-8bf7727ce021		https://inaturalist-open-data.s3.amazonaws.com/photos/33822978/medium.jpg					leafy malacothrix	true	A			Casey H. Richart	34488	2019-03-31 17:18:25 UTC									Malacothrix foliosa foliosa		leafy malacothrix			Plantae	Tracheophyta	Magnoliopsida	Asterales	Asteraceae	Cichorioideae	Malacothrix	Malacothrix												
f55827bd-5582-462b-ac04-71d102f249f2		https://inaturalist-open-data.s3.amazonaws.com/photos/33964729/medium.jpeg					Copestylum lentum	true	A			Cedric Lee	12809	2019-04-02 21:08:27 UTC									Copestylum lentum					Animalia	Arthropoda	Insecta	Diptera	Syrphidae	Eristalinae	Copestylum	Copestylum												
340248d0-1c29-47f6-a932-f3494568a0d1		https://inaturalist-open-data.s3.amazonaws.com/photos/33964750/medium.jpeg					Copestylum lentum	true	A			Cedric Lee	12809	2019-04-02 21:08:27 UTC									Copestylum lentum					Animalia	Arthropoda	Insecta	Diptera	Syrphidae	Eristalinae	Copestylum	Copestylum												
a1b48406-f0f6-4542-9e56-cfe81be460b3		https://inaturalist-open-data.s3.amazonaws.com/photos/33965025/medium.jpeg					Copestylum lentum	true	A			Cedric Lee	12809	2019-04-02 21:08:31 UTC									Copestylum lentum					Animalia	Arthropoda	Insecta	Diptera	Syrphidae	Eristalinae	Copestylum	Copestylum												
8081964c-cb3d-4dea-809f-57eb7ba2ef4d		https://inaturalist-open-data.s3.amazonaws.com/photos/33965088/medium.jpeg					Copestylum lentum	true	A			Cedric Lee	12809	2019-04-02 21:08:33 UTC									Copestylum lentum					Animalia	Arthropoda	Insecta	Diptera	Syrphidae	Eristalinae	Copestylum	Copestylum												
07ef3781-5da0-4d95-adcc-aab747775ebd		https://inaturalist-open-data.s3.amazonaws.com/photos/33965144/medium.jpeg					Yellow-spotted Bromeliad Fly	true	A			Cedric Lee	12809	2019-04-02 21:08:35 UTC									Copestylum avidum		Yellow-spotted Bromeliad Fly			Animalia	Arthropoda	Insecta	Diptera	Syrphidae	Eristalinae	Copestylum	Copestylum												
f9514351-5d0f-41c8-b1cf-1ab86b3670e2		https://inaturalist-open-data.s3.amazonaws.com/photos/33965268/medium.jpeg					Copestylum lentum	true	A			Cedric Lee	12809	2019-04-02 21:08:42 UTC									Copestylum lentum					Animalia	Arthropoda	Insecta	Diptera	Syrphidae	Eristalinae	Copestylum	Copestylum												
fde772f1-bf7b-4e6c-858f-4eb8e60c5437		https://inaturalist-open-data.s3.amazonaws.com/photos/33965341/medium.jpeg					Nausigaster unimaculata	true	A			Cedric Lee	12809	2019-04-02 21:08:48 UTC									Nausigaster unimaculata		Single-spotted Dimpleback			Animalia	Arthropoda	Insecta	Diptera	Syrphidae	Eristalinae	Nausigaster	Nausigaster												
d39f8437-cfa0-4a94-9c23-0903e102f7b7		https://inaturalist-open-data.s3.amazonaws.com/photos/33965423/medium.jpeg					Anthidium collectum	true	A			Cedric Lee	12809	2019-04-02 21:08:50 UTC									Anthidium collectum					Animalia	Arthropoda	Insecta	Hymenoptera	Megachilidae	Megachilinae	Anthidium	Anthidium												
57b1bdb3-439a-46e6-bb32-50bb2dd1bf82		https://inaturalist-open-data.s3.amazonaws.com/photos/33965530/medium.jpeg					Golden Yarrow	true	A			Cedric Lee	12809	2019-04-02 21:08:51 UTC									Eriophyllum confertiflorum		Golden Yarrow			Plantae	Tracheophyta	Magnoliopsida	Asterales	Asteraceae	Asteroideae	Eriophyllum	Eriophyllum												
7c609cea-ee44-4cf5-9c49-e605a139dddc		https://inaturalist-open-data.s3.amazonaws.com/photos/33965540/medium.jpeg					Yellow-spotted Bromeliad Fly	true	A			Cedric Lee	12809	2019-04-02 21:08:52 UTC									Copestylum avidum		Yellow-spotted Bromeliad Fly			Animalia	Arthropoda	Insecta	Diptera	Syrphidae	Eristalinae	Copestylum	Copestylum												
0597aeff-caf8-4c6b-8fad-b18b508ac4d4		https://inaturalist-open-data.s3.amazonaws.com/photos/33965564/medium.jpeg					Copestylum marginatum	true	A			Cedric Lee	12809	2019-04-02 21:08:53 UTC									Copestylum lentum					Animalia	Arthropoda	Insecta	Diptera	Syrphidae	Eristalinae	Copestylum	Copestylum												
2ea3c0a9-cd0e-4176-bf55-427c45785fcc		https://inaturalist-open-data.s3.amazonaws.com/photos/33965579/medium.jpeg					Lemonade Berry	true	A			Cedric Lee	12809	2019-04-02 21:08:54 UTC									Rhus integrifolia		lemonade berry			Plantae	Tracheophyta	Magnoliopsida	Sapindales	Anacardiaceae	Anacardioideae	Rhus	Rhus												
d14994bf-6dce-4b84-928c-b555f29d7e74		https://inaturalist-open-data.s3.amazonaws.com/photos/33968790/medium.jpeg					Acmispon argophyllus argenteus	true	A			Cedric Lee	12809	2019-04-02 21:08:56 UTC									Acmispon argophyllus argenteus					Plantae	Tracheophyta	Magnoliopsida	Fabales	Fabaceae	Faboideae	Acmispon	Acmispon												
8efea209-cb52-4fbc-af5d-a1bede454cac		https://inaturalist-open-data.s3.amazonaws.com/photos/33969972/medium.jpeg					San Clemente Island Bush-Mallow	true	A			Cedric Lee	12809	2019-04-02 21:08:58 UTC									Malacothamnus clementinus		San Clemente Island bushmallow			Plantae	Tracheophyta	Magnoliopsida	Malvales	Malvaceae	Malvoideae	Malacothamnus	Malacothamnus												
3a4ca8af-5c87-4e28-bac7-1e0ed9407492		https://inaturalist-open-data.s3.amazonaws.com/photos/33965190/medium.jpeg					Common Yarrow	true	A			Cedric Lee	12809	2019-04-02 21:32:43 UTC									Achillea millefolium		common yarrow			Plantae	Tracheophyta	Magnoliopsida	Asterales	Asteraceae	Asteroideae	Achillea	Achillea												
b29e1bd3-aa4a-43fc-adb4-5acb49748b7a		https://inaturalist-open-data.s3.amazonaws.com/photos/33965423/medium.jpeg					Silver Bird's-foot Trefoil	true	A			Cedric Lee	12809	2019-04-02 21:45:43 UTC									Acmispon argophyllus		silver bird's-foot trefoil			Plantae	Tracheophyta	Magnoliopsida	Fabales	Fabaceae	Faboideae	Acmispon	Acmispon												
410c38cb-9f3f-46b7-af17-64b1cb189ff9		https://inaturalist-open-data.s3.amazonaws.com/photos/34401280/medium.jpg					Mournful Duskywing	true	A			Jenny Hazlehurst	513070	2019-04-08 23:53:00 UTC									Erynnis tristis		Mournful Duskywing			Animalia	Arthropoda	Insecta	Lepidoptera	Hesperiidae	Pyrginae	Erynnis	Erynnis												
adc3cd40-208a-4358-8689-ab92e9a6fc85		https://inaturalist-open-data.s3.amazonaws.com/photos/34674979/medium.jpeg					Alfalfa Looper	true	A			Jenny Hazlehurst	513070	2019-04-12 22:38:21 UTC									Autographa californica		Alfalfa Looper			Animalia	Arthropoda	Insecta	Lepidoptera	Noctuidae	Plusiinae	Autographa	Autographa												
ff079182-298a-454b-933f-9446c47f98a4		https://inaturalist-open-data.s3.amazonaws.com/photos/34675059/medium.jpeg					san clemente island larkspur	true	A			Jenny Hazlehurst	513070	2019-04-12 22:39:49 UTC									Delphinium variegatum kinkiense		san clemente island larkspur			Plantae	Tracheophyta	Magnoliopsida	Ranunculales	Ranunculaceae	Ranunculoideae	Delphinium	Delphinium												
040a2c46-0e04-4a42-b01e-98eeea755547		https://inaturalist-open-data.s3.amazonaws.com/photos/34768622/medium.jpeg					island senecio	true	A			Demi Eslava	1577275	2019-04-14 02:33:19 UTC									Senecio lyonii		island senecio			Plantae	Tracheophyta	Magnoliopsida	Asterales	Asteraceae	Asteroideae	Senecio	Senecio												
597089f8-da0e-4ddc-b2c9-fc3a5d398585		https://inaturalist-open-data.s3.amazonaws.com/photos/34768684/medium.jpeg					Copestylum marginatum	true	A			Demi Eslava	1577275	2019-04-14 02:34:16 UTC									Copestylum marginatum					Animalia	Arthropoda	Insecta	Diptera	Syrphidae	Eristalinae	Copestylum	Copestylum												
f467e3f2-1090-4eb9-a1fb-8851e3f76bcb		https://inaturalist-open-data.s3.amazonaws.com/photos/34768714/medium.jpeg					Yellow-spotted Bromeliad Fly	true	A			Demi Eslava	1577275	2019-04-14 02:34:43 UTC									Copestylum avidum		Yellow-spotted Bromeliad Fly			Animalia	Arthropoda	Insecta	Diptera	Syrphidae	Eristalinae	Copestylum	Copestylum												
e7c1a2b0-6a3a-4848-8f21-504e1c703c8b		https://inaturalist-open-data.s3.amazonaws.com/photos/34768770/medium.jpeg					Copestylum marginatum	true	A			Demi Eslava	1577275	2019-04-14 02:35:34 UTC									Copestylum marginatum					Animalia	Arthropoda	Insecta	Diptera	Syrphidae	Eristalinae	Copestylum	Copestylum												
f8251b51-8a0c-4446-bc13-267af4d76512		https://inaturalist-open-data.s3.amazonaws.com/photos/34768917/medium.jpeg					Dipterostemon capitatus	true	A			Demi Eslava	1577275	2019-04-14 02:37:49 UTC									Dipterostemon capitatus		Blue Dicks			Plantae	Tracheophyta	Liliopsida	Asparagales	Asparagaceae	Brodiaeoideae	Dipterostemon	Dipterostemon												
c932aa37-ac6d-4ff3-b990-da1044801721		https://inaturalist-open-data.s3.amazonaws.com/photos/34854454/medium.jpeg					San Clemente Island paintbrush	true	A			Demi Eslava	1577275	2019-04-15 02:24:25 UTC									Castilleja grisea		San Clemente Island paintbrush			Plantae	Tracheophyta	Magnoliopsida	Lamiales	Orobanchaceae		Castilleja	Castilleja												
5703af07-9666-41b8-9456-f9ebae05b18e		https://inaturalist-open-data.s3.amazonaws.com/photos/34854472/medium.jpg					Anna's Hummingbird	true	A			Demi Eslava	1577275	2019-04-15 02:24:53 UTC									Calypte anna		Anna's Hummingbird			Animalia	Chordata	Aves	Apodiformes	Trochilidae	Trochilinae	Calypte	Calypte												
456b11fb-10b4-44ae-a585-eb3cc77bb8cb		https://inaturalist-open-data.s3.amazonaws.com/photos/35116820/medium.jpg					Anthidium collectum	true	A			Demi Eslava	1577275	2019-04-18 16:54:53 UTC									Anthidium collectum					Animalia	Arthropoda	Insecta	Hymenoptera	Megachilidae	Megachilinae	Anthidium	Anthidium												
359dee1a-f009-4b74-b2da-2d5e7c7e935f		https://inaturalist-open-data.s3.amazonaws.com/photos/35116871/medium.jpeg					Acmispon argophyllus argenteus	true	A			Demi Eslava	1577275	2019-04-18 16:55:21 UTC									Acmispon argophyllus argenteus					Plantae	Tracheophyta	Magnoliopsida	Fabales	Fabaceae	Faboideae	Acmispon	Acmispon												
eb10747c-36c9-4a35-afb2-110f887b7c0b		https://inaturalist-open-data.s3.amazonaws.com/photos/35424689/medium.jpeg					Copestylum lentum	true	A			Jenny Hazlehurst	513070	2019-04-22 00:38:05 UTC									Copestylum lentum					Animalia	Arthropoda	Insecta	Diptera	Syrphidae	Eristalinae	Copestylum	Copestylum												
976031cb-59a6-423e-829f-be933bb8c585		https://inaturalist-open-data.s3.amazonaws.com/photos/35424712/medium.jpeg					Dipterostemon capitatus capitatus	true	A			Jenny Hazlehurst	513070	2019-04-22 00:38:23 UTC									Dipterostemon capitatus capitatus					Plantae	Tracheophyta	Liliopsida	Asparagales	Asparagaceae	Brodiaeoideae	Dipterostemon	Dipterostemon												
46cbfbc3-2f5e-4014-b8e6-f576ef8e1dec		https://inaturalist-open-data.s3.amazonaws.com/photos/35448369/medium.jpeg					Emory's rock daisy	true	A			Casey H. Richart	34488	2019-04-22 06:16:50 UTC									Perityle emoryi		Emory's rockdaisy			Plantae	Tracheophyta	Magnoliopsida	Asterales	Asteraceae	Asteroideae	Perityle	Perityle												
2f7a79eb-351b-4d1d-acb6-ef684f08dcd5		https://inaturalist-open-data.s3.amazonaws.com/photos/35448391/medium.jpeg					island morning-glory	true	A			Casey H. Richart	34488	2019-04-22 06:17:04 UTC									Calystegia macrostegia amplissima		Southern island morning-glory			Plantae	Tracheophyta	Magnoliopsida	Solanales	Convolvulaceae	Convolvuloideae	Calystegia	Calystegia												
92f91cc5-07a7-4cb6-8f27-80aeeb45c58f		https://inaturalist-open-data.s3.amazonaws.com/photos/35448404/medium.jpeg					island morning-glory	true	A			Casey H. Richart	34488	2019-04-22 06:17:52 UTC									Calystegia macrostegia amplissima		Southern island morning-glory			Plantae	Tracheophyta	Magnoliopsida	Solanales	Convolvulaceae	Convolvuloideae	Calystegia	Calystegia												
8ce38eeb-ddc6-40d0-a08b-1fb3386a98e0		https://inaturalist-open-data.s3.amazonaws.com/photos/35448415/medium.jpeg					island morning-glory	true	A			Casey H. Richart	34488	2019-04-22 06:18:08 UTC									Calystegia macrostegia amplissima		Southern island morning-glory			Plantae	Tracheophyta	Magnoliopsida	Solanales	Convolvulaceae	Convolvuloideae	Calystegia	Calystegia												
d62313cc-70cf-4617-b058-822913a731cc		https://inaturalist-open-data.s3.amazonaws.com/photos/35448547/medium.jpeg					san clemente island larkspur	true	A			Casey H. Richart	34488	2019-04-22 06:21:50 UTC									Delphinium variegatum kinkiense		san clemente island larkspur			Plantae	Tracheophyta	Magnoliopsida	Ranunculales	Ranunculaceae	Ranunculoideae	Delphinium	Delphinium												
f55ebad9-7968-4c3d-8345-a2f5cb6c4e63		https://inaturalist-open-data.s3.amazonaws.com/photos/35448591/medium.jpeg					san clemente island larkspur	true	A			Casey H. Richart	34488	2019-04-22 06:22:29 UTC									Delphinium variegatum kinkiense		san clemente island larkspur			Plantae	Tracheophyta	Magnoliopsida	Ranunculales	Ranunculaceae	Ranunculoideae	Delphinium	Delphinium												
685dbb25-a781-4786-b4c5-2bf685f517b6		https://inaturalist-open-data.s3.amazonaws.com/photos/35448620/medium.jpeg					common yarrow	true	A			Casey H. Richart	34488	2019-04-22 06:23:10 UTC									Achillea millefolium		common yarrow			Plantae	Tracheophyta	Magnoliopsida	Asterales	Asteraceae	Asteroideae	Achillea	Achillea												
c5c2df0f-8ba1-4dc5-960b-9a7d01dcf987		https://inaturalist-open-data.s3.amazonaws.com/photos/35448640/medium.jpeg					common yarrow	true	A			Casey H. Richart	34488	2019-04-22 06:23:29 UTC									Achillea millefolium		common yarrow			Plantae	Tracheophyta	Magnoliopsida	Asterales	Asteraceae	Asteroideae	Achillea	Achillea												
1151dc87-4b26-4abf-b75b-b94a8d86b7d8		https://inaturalist-open-data.s3.amazonaws.com/photos/35448646/medium.jpeg					common yarrow	true	A			Casey H. Richart	34488	2019-04-22 06:23:41 UTC									Achillea millefolium		common yarrow			Plantae	Tracheophyta	Magnoliopsida	Asterales	Asteraceae	Asteroideae	Achillea	Achillea												
4641a14f-06c2-4d10-a398-7f590d8301f8		https://inaturalist-open-data.s3.amazonaws.com/photos/35448659/medium.jpeg					common yarrow	true	A			Casey H. Richart	34488	2019-04-22 06:23:52 UTC									Achillea millefolium		common yarrow			Plantae	Tracheophyta	Magnoliopsida	Asterales	Asteraceae	Asteroideae	Achillea	Achillea												
7d494e4c-0169-4401-b937-3cd311a93abc		https://inaturalist-open-data.s3.amazonaws.com/photos/35448667/medium.jpeg					common goldfields	true	A			Casey H. Richart	34488	2019-04-22 06:24:03 UTC									Lasthenia gracilis		common goldfields			Plantae	Tracheophyta	Magnoliopsida	Asterales	Asteraceae	Asteroideae	Lasthenia	Lasthenia												
bc6fe2cd-13c9-4dc4-9194-6c9cfbbc8b1d		https://inaturalist-open-data.s3.amazonaws.com/photos/35448792/medium.jpg					Bird Hover Fly	true	A			Casey H. Richart	34488	2019-04-22 06:26:15 UTC									Eupeodes volucris		Large-tailed Aphideater			Animalia	Arthropoda	Insecta	Diptera	Syrphidae	Syrphinae	Eupeodes	Eupeodes												
4e4b61af-9cb7-4e52-8e57-5a0207d4ff24		https://inaturalist-open-data.s3.amazonaws.com/photos/35448802/medium.jpeg					California brittlebush	true	A			Casey H. Richart	34488	2019-04-22 06:26:23 UTC									Encelia californica		California brittlebush			Plantae	Tracheophyta	Magnoliopsida	Asterales	Asteraceae	Asteroideae	Encelia	Encelia												
5db3bd37-7b41-41e5-9bec-470a90982f54		https://inaturalist-open-data.s3.amazonaws.com/photos/35448877/medium.jpg					Bird Hover Fly	true	A			Casey H. Richart	34488	2019-04-22 06:28:01 UTC									Eupeodes volucris		Large-tailed Aphideater			Animalia	Arthropoda	Insecta	Diptera	Syrphidae	Syrphinae	Eupeodes	Eupeodes												
b5aff2a6-3f60-467f-b3dd-bc0b8fd83083		https://inaturalist-open-data.s3.amazonaws.com/photos/35449802/medium.jpeg					Island Tarplant	true	A			Casey H. Richart	34488	2019-04-22 06:52:45 UTC									Deinandra clementina		Island Tarplant			Plantae	Tracheophyta	Magnoliopsida	Asterales	Asteraceae	Asteroideae	Deinandra	Deinandra												
6766a47f-e0bc-4358-af0f-5c1c34136e08		https://inaturalist-open-data.s3.amazonaws.com/photos/35449815/medium.jpeg					Island Tarplant	true	A			Casey H. Richart	34488	2019-04-22 06:53:08 UTC									Deinandra clementina		Island Tarplant			Plantae	Tracheophyta	Magnoliopsida	Asterales	Asteraceae	Asteroideae	Deinandra	Deinandra												
e88a015e-1d0f-4fe0-9735-0c2eb5d5447a		https://inaturalist-open-data.s3.amazonaws.com/photos/35449997/medium.jpeg					Southern island morning-glory	true	A			Casey H. Richart	34488	2019-04-22 06:57:43 UTC									Calystegia macrostegia amplissima		Southern island morning-glory			Plantae	Tracheophyta	Magnoliopsida	Solanales	Convolvulaceae	Convolvuloideae	Calystegia	Calystegia												
5afc13f5-ca08-437b-87d6-92d60440ab2d		https://inaturalist-open-data.s3.amazonaws.com/photos/35450199/medium.jpeg					San Clemente Island bush-mallow	true	A			Casey H. Richart	34488	2019-04-22 07:04:34 UTC									Malacothamnus clementinus		San Clemente Island bushmallow			Plantae	Tracheophyta	Magnoliopsida	Malvales	Malvaceae	Malvoideae	Malacothamnus	Malacothamnus												
22e659ff-1057-49ef-8b2b-7ee43e8ac89a		https://inaturalist-open-data.s3.amazonaws.com/photos/35450207/medium.jpeg					leafy malacothrix	true	A			Casey H. Richart	34488	2019-04-22 07:04:49 UTC									Malacothrix foliosa foliosa		leafy malacothrix			Plantae	Tracheophyta	Magnoliopsida	Asterales	Asteraceae	Cichorioideae	Malacothrix	Malacothrix												
2e6ee19e-9d94-4422-b624-59a6cb0e3951		https://inaturalist-open-data.s3.amazonaws.com/photos/35450226/medium.jpeg					leafy malacothrix	true	A			Casey H. Richart	34488	2019-04-22 07:05:22 UTC									Malacothrix foliosa foliosa		leafy malacothrix			Plantae	Tracheophyta	Magnoliopsida	Asterales	Asteraceae	Cichorioideae	Malacothrix	Malacothrix												
771e9e1a-d1df-45f4-a6ae-f0228b5cb9e3		https://inaturalist-open-data.s3.amazonaws.com/photos/35633093/medium.jpeg					Emory's rock daisy	true	A			Casey H. Richart	34488	2019-04-24 06:35:37 UTC									Perityle emoryi		Emory's rockdaisy			Plantae	Tracheophyta	Magnoliopsida	Asterales	Asteraceae	Asteroideae	Perityle	Perityle												
defe4318-ef84-4f21-b61d-de3af3b65c75		https://inaturalist-open-data.s3.amazonaws.com/photos/35633100/medium.jpg					Copestylum marginatum	true	A			Casey H. Richart	34488	2019-04-24 06:35:46 UTC									Copestylum lentum					Animalia	Arthropoda	Insecta	Diptera	Syrphidae	Eristalinae	Copestylum	Copestylum												
2af539d3-0329-426b-aa6a-db99bb622600		https://inaturalist-open-data.s3.amazonaws.com/photos/35633131/medium.jpeg					Emory's rock daisy	true	A			Casey H. Richart	34488	2019-04-24 06:36:25 UTC									Perityle emoryi		Emory's rockdaisy			Plantae	Tracheophyta	Magnoliopsida	Asterales	Asteraceae	Asteroideae	Perityle	Perityle												
b145e1ea-7438-4fff-9df1-5b2bee75d9d2		https://inaturalist-open-data.s3.amazonaws.com/photos/35633137/medium.jpg					Copestylum marginatum	true	A			Casey H. Richart	34488	2019-04-24 06:36:36 UTC									Copestylum lentum					Animalia	Arthropoda	Insecta	Diptera	Syrphidae	Eristalinae	Copestylum	Copestylum												
e96c4d63-5c4f-4075-b336-ecc9527a4f56		https://inaturalist-open-data.s3.amazonaws.com/photos/35633150/medium.jpeg					Emory's rock daisy	true	A			Casey H. Richart	34488	2019-04-24 06:36:49 UTC									Perityle emoryi		Emory's rockdaisy			Plantae	Tracheophyta	Magnoliopsida	Asterales	Asteraceae	Asteroideae	Perityle	Perityle												
9540f26f-f4e1-4756-a925-bdae6b0a6349		https://inaturalist-open-data.s3.amazonaws.com/photos/35633156/medium.jpg					Bird Hover Fly	true	A			Casey H. Richart	34488	2019-04-24 06:36:59 UTC									Eupeodes volucris		Large-tailed Aphideater			Animalia	Arthropoda	Insecta	Diptera	Syrphidae	Syrphinae	Eupeodes	Eupeodes												
1ae7d46f-52b9-4bbe-be39-4a850a69616a		https://inaturalist-open-data.s3.amazonaws.com/photos/35633162/medium.jpg					Copestylum lentum	true	A			Casey H. Richart	34488	2019-04-24 06:37:06 UTC									Copestylum lentum					Animalia	Arthropoda	Insecta	Diptera	Syrphidae	Eristalinae	Copestylum	Copestylum												
48f78a52-ea88-4a14-9ef5-f8d4113c56d3		https://inaturalist-open-data.s3.amazonaws.com/photos/35633186/medium.jpg					Agapostemon subtilior	true	A			Casey H. Richart	34488	2019-04-24 06:37:37 UTC									Agapostemon subtilior		Fine Striped Sweat Bee			Animalia	Arthropoda	Insecta	Hymenoptera	Halictidae	Halictinae	Agapostemon	Agapostemon												
a41894db-612b-4198-9265-128787158a16		https://inaturalist-open-data.s3.amazonaws.com/photos/35633210/medium.jpg					Yellow-spotted Bromeliad Fly	true	A			Casey H. Richart	34488	2019-04-24 06:38:13 UTC									Copestylum avidum		Yellow-spotted Bromeliad Fly			Animalia	Arthropoda	Insecta	Diptera	Syrphidae	Eristalinae	Copestylum	Copestylum												
2fcc56b6-05b1-4b21-a70b-098b9d7908fc		https://inaturalist-open-data.s3.amazonaws.com/photos/35633258/medium.jpg					Alfalfa Looper	true	A			Casey H. Richart	34488	2019-04-24 06:39:11 UTC									Autographa californica		Alfalfa Looper			Animalia	Arthropoda	Insecta	Lepidoptera	Noctuidae	Plusiinae	Autographa	Autographa												
8bc507a4-181d-4b99-826e-d65fd7ce44f8		https://inaturalist-open-data.s3.amazonaws.com/photos/35633265/medium.jpg					White-lined Sphinx Moth	true	A			Casey H. Richart	34488	2019-04-24 06:39:22 UTC									Hyles lineata		White-lined Sphinx			Animalia	Arthropoda	Insecta	Lepidoptera	Sphingidae	Macroglossinae	Hyles	Hyles												
0d541669-bdfa-423e-83e7-de9972fbc3d4		https://inaturalist-open-data.s3.amazonaws.com/photos/35633282/medium.jpeg					san clemente island larkspur	true	A			Casey H. Richart	34488	2019-04-24 06:39:38 UTC									Delphinium variegatum kinkiense		san clemente island larkspur			Plantae	Tracheophyta	Magnoliopsida	Ranunculales	Ranunculaceae	Ranunculoideae	Delphinium	Delphinium												
11444ab7-c9de-41d4-86dc-42bf4f8043fa		https://inaturalist-open-data.s3.amazonaws.com/photos/35633298/medium.jpg					Western Aphideater	true	A			Casey H. Richart	34488	2019-04-24 06:39:59 UTC									Eupeodes fumipennis		Western Aphideater			Animalia	Arthropoda	Insecta	Diptera	Syrphidae	Syrphinae	Eupeodes	Eupeodes												
191c1375-3702-45fb-b82d-e99c0cc1b5e9		https://inaturalist-open-data.s3.amazonaws.com/photos/35633315/medium.jpg					Yellow-spotted Bromeliad Fly	true	A			Casey H. Richart	34488	2019-04-24 06:40:17 UTC									Copestylum avidum		Yellow-spotted Bromeliad Fly			Animalia	Arthropoda	Insecta	Diptera	Syrphidae	Eristalinae	Copestylum	Copestylum												
373f690d-c797-48c4-905e-e249b3a78aaa		https://inaturalist-open-data.s3.amazonaws.com/photos/35633326/medium.jpg					Copestylum lentum	true	A			Casey H. Richart	34488	2019-04-24 06:40:29 UTC									Copestylum lentum					Animalia	Arthropoda	Insecta	Diptera	Syrphidae	Eristalinae	Copestylum	Copestylum												
63d143c7-f570-4d20-a3bc-0d7178722a2b		https://inaturalist-open-data.s3.amazonaws.com/photos/35633351/medium.jpg					Copestylum marginatum	true	A			Casey H. Richart	34488	2019-04-24 06:40:58 UTC									Copestylum lentum					Animalia	Arthropoda	Insecta	Diptera	Syrphidae	Eristalinae	Copestylum	Copestylum												
b0c6a0c5-d1b2-4bb1-acdb-313c73f5671e		https://inaturalist-open-data.s3.amazonaws.com/photos/35652511/medium.jpeg					San Clemente Island lotus	true	A			Casey H. Richart	34488	2019-04-24 14:50:35 UTC									Acmispon dendroideus traskiae		San Clemente Island lotus			Plantae	Tracheophyta	Magnoliopsida	Fabales	Fabaceae	Faboideae	Acmispon	Acmispon												
b65ed471-7c3b-467f-b493-88ca3f8dac41		https://inaturalist-open-data.s3.amazonaws.com/photos/35652534/medium.jpg					California Mountain-Digger Bee	true	A			Casey H. Richart	34488	2019-04-24 14:51:11 UTC									Habropoda depressa		California Mountain-Digger Bee			Animalia	Arthropoda	Insecta	Hymenoptera	Apidae	Apinae	Habropoda	Habropoda												
d2da4d5a-54eb-478e-8792-1fab808cab43		https://inaturalist-open-data.s3.amazonaws.com/photos/35652724/medium.jpg					Yellow-spotted Bromeliad Fly	true	A			Casey H. Richart	34488	2019-04-24 14:53:58 UTC									Copestylum avidum		Yellow-spotted Bromeliad Fly			Animalia	Arthropoda	Insecta	Diptera	Syrphidae	Eristalinae	Copestylum	Copestylum												
2c3fe67e-9604-4da3-93f0-19d71d324a5f		https://inaturalist-open-data.s3.amazonaws.com/photos/35652767/medium.jpeg					island senecio	true	A			Casey H. Richart	34488	2019-04-24 14:54:22 UTC									Senecio lyonii		island senecio			Plantae	Tracheophyta	Magnoliopsida	Asterales	Asteraceae	Asteroideae	Senecio	Senecio												
0093036b-d4b2-44df-a147-be86c57ec12b		https://inaturalist-open-data.s3.amazonaws.com/photos/35652777/medium.jpg					Copestylum lentum	true	A			Casey H. Richart	34488	2019-04-24 14:54:45 UTC									Copestylum lentum					Animalia	Arthropoda	Insecta	Diptera	Syrphidae	Eristalinae	Copestylum	Copestylum												
38ce2db9-ade8-4a5f-9b75-60ef7c48c977		https://inaturalist-open-data.s3.amazonaws.com/photos/35716315/medium.jpg					Bird Hover Fly	true	A			Casey H. Richart	34488	2019-04-25 06:17:49 UTC									Eupeodes volucris		Large-tailed Aphideater			Animalia	Arthropoda	Insecta	Diptera	Syrphidae	Syrphinae	Eupeodes	Eupeodes												
c4cfabe3-3764-44ed-ab47-b539ca5af753		https://inaturalist-open-data.s3.amazonaws.com/photos/35716334/medium.jpeg					Racemed Fiestaflower	true	A			Casey H. Richart	34488	2019-04-25 06:18:16 UTC									Pholistoma racemosum		Racemed Fiestaflower			Plantae	Tracheophyta	Magnoliopsida	Boraginales	Boraginaceae	Hydrophylloideae	Pholistoma	Pholistoma												
42807a16-49ce-4d9c-a9fe-21d8f20aee07		https://inaturalist-open-data.s3.amazonaws.com/photos/35716454/medium.jpg					Bird Hover Fly	true	A			Casey H. Richart	34488	2019-04-25 06:22:22 UTC									Eupeodes volucris		Large-tailed Aphideater			Animalia	Arthropoda	Insecta	Diptera	Syrphidae	Syrphinae	Eupeodes	Eupeodes												
bd4bf543-7457-4c4d-bdf1-2dd09af514a8		https://inaturalist-open-data.s3.amazonaws.com/photos/35716467/medium.jpeg					Golden-spined Cereus	true	A			Casey H. Richart	34488	2019-04-25 06:22:37 UTC									Bergerocactus emoryi		Golden-spined Cereus			Plantae	Tracheophyta	Magnoliopsida	Caryophyllales	Cactaceae	Cactoideae	Bergerocactus	Bergerocactus												
e3b12264-3318-4fd2-8e00-fbb0bdf84e97		https://inaturalist-open-data.s3.amazonaws.com/photos/35716531/medium.jpeg					Island Tarplant	true	A			Casey H. Richart	34488	2019-04-25 06:24:19 UTC									Deinandra clementina		Island Tarplant			Plantae	Tracheophyta	Magnoliopsida	Asterales	Asteraceae	Asteroideae	Deinandra	Deinandra												
0a7477b9-7657-4bd8-9f04-610af0d5ea93		https://inaturalist-open-data.s3.amazonaws.com/photos/35716546/medium.jpeg					Island Tarplant	true	A			Casey H. Richart	34488	2019-04-25 06:24:49 UTC									Deinandra clementina		Island Tarplant			Plantae	Tracheophyta	Magnoliopsida	Asterales	Asteraceae	Asteroideae	Deinandra	Deinandra												
d20628b5-e206-48a4-8e5b-e567b45ed353		https://inaturalist-open-data.s3.amazonaws.com/photos/35716553/medium.jpg					Bird Hover Fly	true	A			Casey H. Richart	34488	2019-04-25 06:25:11 UTC									Eupeodes volucris		Large-tailed Aphideater			Animalia	Arthropoda	Insecta	Diptera	Syrphidae	Syrphinae	Eupeodes	Eupeodes												
463615de-6dff-4085-8349-b0d94a94bb88		https://inaturalist-open-data.s3.amazonaws.com/photos/35716581/medium.jpeg					Island Tarplant	true	A			Casey H. Richart	34488	2019-04-25 06:25:47 UTC									Deinandra clementina		Island Tarplant			Plantae	Tracheophyta	Magnoliopsida	Asterales	Asteraceae	Asteroideae	Deinandra	Deinandra												
5f7e4206-12d7-4adb-bf59-146da9bee7c4		https://inaturalist-open-data.s3.amazonaws.com/photos/35716587/medium.jpg					Copestylum violaceum	true	A			Casey H. Richart	34488	2019-04-25 06:26:01 UTC									Copestylum violaceum		Purple Bromeliad Fly			Animalia	Arthropoda	Insecta	Diptera	Syrphidae	Eristalinae	Copestylum	Copestylum												
dc03752f-7009-4cb0-a0a6-f7b252c82fb3		https://inaturalist-open-data.s3.amazonaws.com/photos/35716820/medium.jpg					Nausigaster unimaculata	true	A			Casey H. Richart	34488	2019-04-25 06:33:09 UTC									Nausigaster unimaculata		Single-spotted Dimpleback			Animalia	Arthropoda	Insecta	Diptera	Syrphidae	Eristalinae	Nausigaster	Nausigaster												
e99f0fb1-f818-47b8-91d4-9d2bca2b651e		https://inaturalist-open-data.s3.amazonaws.com/photos/35716833/medium.jpeg					Emory's rock daisy	true	A			Casey H. Richart	34488	2019-04-25 06:33:29 UTC									Perityle emoryi		Emory's rockdaisy			Plantae	Tracheophyta	Magnoliopsida	Asterales	Asteraceae	Asteroideae	Perityle	Perityle												
5ea66aaa-7c6e-4168-845f-0ed608bbde88		https://inaturalist-open-data.s3.amazonaws.com/photos/35716911/medium.jpg					Copestylum lentum	true	A			Casey H. Richart	34488	2019-04-25 06:35:57 UTC									Copestylum lentum					Animalia	Arthropoda	Insecta	Diptera	Syrphidae	Eristalinae	Copestylum	Copestylum												
3f0d64fc-0e42-47cc-93f6-b07614eeb716		https://inaturalist-open-data.s3.amazonaws.com/photos/35716917/medium.jpg					Yellow-spotted Bromeliad Fly	true	A			Casey H. Richart	34488	2019-04-25 06:36:09 UTC									Copestylum avidum		Yellow-spotted Bromeliad Fly			Animalia	Arthropoda	Insecta	Diptera	Syrphidae	Eristalinae	Copestylum	Copestylum												
94d84c82-58c8-49a7-97f1-013983814104		https://inaturalist-open-data.s3.amazonaws.com/photos/36487757/medium.jpeg					Bird Hover Fly	true	A			Cedric Lee	12809	2019-04-28 04:45:13 UTC									Eupeodes volucris		Large-tailed Aphideater			Animalia	Arthropoda	Insecta	Diptera	Syrphidae	Syrphinae	Eupeodes	Eupeodes												
5b56dc8f-8705-40fe-a987-a4eab5949aae		https://inaturalist-open-data.s3.amazonaws.com/photos/37360204/medium.jpeg					White Clover	true	A			Cedric Lee	12809	2019-04-30 06:55:22 UTC									Trifolium repens		white clover			Plantae	Tracheophyta	Magnoliopsida	Fabales	Fabaceae	Faboideae	Trifolium	Trifolium												
85342686-3ef9-4566-929f-1c4578a817f2		https://inaturalist-open-data.s3.amazonaws.com/photos/37360213/medium.jpeg					Western Honey Bee	true	A			Cedric Lee	12809	2019-04-30 06:55:23 UTC									Apis mellifera		Western Honey Bee			Animalia	Arthropoda	Insecta	Hymenoptera	Apidae	Apinae	Apis	Apis												
7e7dd3d1-ce37-4405-b80b-a94163e6d6b9		https://inaturalist-open-data.s3.amazonaws.com/photos/37451103/medium.jpg					Large-tailed Aphideater	true	A			Jenny Hazlehurst	513070	2019-04-30 20:57:02 UTC									Eupeodes volucris		Large-tailed Aphideater			Animalia	Arthropoda	Insecta	Diptera	Syrphidae	Syrphinae	Eupeodes	Eupeodes												
0eeee2fd-6af1-431f-b377-2be2a1c80e37		https://inaturalist-open-data.s3.amazonaws.com/photos/37452282/medium.jpg					Acmispon argophyllus argenteus	true	A			Jenny Hazlehurst	513070	2019-04-30 21:05:09 UTC									Acmispon argophyllus argenteus					Plantae	Tracheophyta	Magnoliopsida	Fabales	Fabaceae	Faboideae	Acmispon	Acmispon												
3140d72a-ec20-44e7-8ef5-d3086d19d182		https://inaturalist-open-data.s3.amazonaws.com/photos/37767223/medium.jpg					Rancher's fiddleneck	true	A			Sula Vanderplank	246499	2019-05-03 05:02:31 UTC									Amsinckia menziesii intermedia		Rancher's fiddleneck			Plantae	Tracheophyta	Magnoliopsida	Boraginales	Boraginaceae	Cynoglossoideae	Amsinckia	Amsinckia												
613d66ea-e32a-4716-8c60-18272af4be83		https://inaturalist-open-data.s3.amazonaws.com/photos/37767309/medium.jpg					Scaeva affinis	true	A			Sula Vanderplank	246499	2019-05-03 05:07:27 UTC									Scaeva affinis		White-bowed Smoothwing			Animalia	Arthropoda	Insecta	Diptera	Syrphidae	Syrphinae	Scaeva	Scaeva												
998f98aa-dbf8-4815-affd-b0026290cb78		https://inaturalist-open-data.s3.amazonaws.com/photos/38469342/medium.jpeg					Island Tarplant	true	A			Jenny Hazlehurst	513070	2019-05-10 03:32:20 UTC									Deinandra clementina		Island Tarplant			Plantae	Tracheophyta	Magnoliopsida	Asterales	Asteraceae	Asteroideae	Deinandra	Deinandra												
6370a4a8-e2a2-4a44-be98-9b413028f832		https://inaturalist-open-data.s3.amazonaws.com/photos/38693737/medium.jpg					San Clemente Island bush-mallow	true	A			Jenny Hazlehurst	513070	2019-05-10 03:47:10 UTC									Malacothamnus clementinus		San Clemente Island bushmallow			Plantae	Tracheophyta	Magnoliopsida	Malvales	Malvaceae	Malvoideae	Malacothamnus	Malacothamnus												
f6a0b5b1-1f2c-4b86-9970-db39792b34c6		https://inaturalist-open-data.s3.amazonaws.com/photos/38693801/medium.jpg					Large-tailed Aphideater	true	A			Jenny Hazlehurst	513070	2019-05-12 17:33:56 UTC									Eupeodes volucris		Large-tailed Aphideater			Animalia	Arthropoda	Insecta	Diptera	Syrphidae	Syrphinae	Eupeodes	Eupeodes												
8c0bce07-4ec2-4c12-b8f2-9ac549ff75af		https://inaturalist-open-data.s3.amazonaws.com/photos/38693828/medium.jpg					San Clemente Island bush-mallow	true	A			Jenny Hazlehurst	513070	2019-05-12 17:34:14 UTC									Malacothamnus clementinus		San Clemente Island bushmallow			Plantae	Tracheophyta	Magnoliopsida	Malvales	Malvaceae	Malvoideae	Malacothamnus	Malacothamnus												
b693feea-3339-441c-8074-5794a06803a6		https://inaturalist-open-data.s3.amazonaws.com/photos/38693851/medium.jpg					Painted Lady	true	A			Jenny Hazlehurst	513070	2019-05-12 17:34:30 UTC									Vanessa cardui		Painted Lady			Animalia	Arthropoda	Insecta	Lepidoptera	Nymphalidae	Nymphalinae	Vanessa	Vanessa												
9b9ff499-8440-4d2f-8f13-a2603c834f4d		https://inaturalist-open-data.s3.amazonaws.com/photos/38693905/medium.jpeg					San Clemente Island bush-mallow	true	A			Jenny Hazlehurst	513070	2019-05-12 17:35:01 UTC									Malacothamnus clementinus		San Clemente Island bushmallow			Plantae	Tracheophyta	Magnoliopsida	Malvales	Malvaceae	Malvoideae	Malacothamnus	Malacothamnus												
e03c397a-6759-400f-8d79-f5f6d4adb3e9		https://inaturalist-open-data.s3.amazonaws.com/photos/38826589/medium.jpeg					island morning-glory	true	A			Casey H. Richart	34488	2019-05-14 01:33:45 UTC									Calystegia macrostegia amplissima		Southern island morning-glory			Plantae	Tracheophyta	Magnoliopsida	Solanales	Convolvulaceae	Convolvuloideae	Calystegia	Calystegia												
b4caafef-ce18-4c5f-b54c-7255b0ddf27a		https://inaturalist-open-data.s3.amazonaws.com/photos/38826625/medium.jpeg					island morning-glory	true	A			Casey H. Richart	34488	2019-05-14 01:34:27 UTC									Calystegia macrostegia amplissima		Southern island morning-glory			Plantae	Tracheophyta	Magnoliopsida	Solanales	Convolvulaceae	Convolvuloideae	Calystegia	Calystegia												
b904040b-da6a-4f48-a0d0-897489ca926b		https://inaturalist-open-data.s3.amazonaws.com/photos/38826895/medium.jpeg					Diadasia bituberculata	true	A			Casey H. Richart	34488	2019-05-14 01:38:18 UTC									Diadasia bituberculata		Bindweed Turret Bee			Animalia	Arthropoda	Insecta	Hymenoptera	Apidae	Apinae	Diadasia	Diadasia												
cdfbad9d-149f-4a7b-ace3-2efa6d235277		https://inaturalist-open-data.s3.amazonaws.com/photos/38826914/medium.jpeg					sea fig	true	A			Casey H. Richart	34488	2019-05-14 01:38:28 UTC									Carpobrotus edulis		sea fig			Plantae	Tracheophyta	Magnoliopsida	Caryophyllales	Aizoaceae	Ruschioideae	Carpobrotus	Carpobrotus												
7a408a06-098c-4a9c-9d65-b6e5b8738bc2		https://inaturalist-open-data.s3.amazonaws.com/photos/38826934/medium.jpg					Diadasia bituberculata	true	A			Casey H. Richart	34488	2019-05-14 01:38:47 UTC									Diadasia bituberculata		Bindweed Turret Bee			Animalia	Arthropoda	Insecta	Hymenoptera	Apidae	Apinae	Diadasia	Diadasia												
a1d53c6c-5f3f-4205-9463-685dfeb2f99f		https://inaturalist-open-data.s3.amazonaws.com/photos/38828534/medium.jpg					Diadasia bituberculata	true	A			Casey H. Richart	34488	2019-05-14 01:43:40 UTC									Diadasia bituberculata		Bindweed Turret Bee			Animalia	Arthropoda	Insecta	Hymenoptera	Apidae	Apinae	Diadasia	Diadasia												
8cc6bbd2-318f-4add-9a35-d0c6750a8119		https://inaturalist-open-data.s3.amazonaws.com/photos/38831202/medium.jpeg					Eriophyllum confertiflorum confertiflorum	true	A			Casey H. Richart	34488	2019-05-14 02:32:17 UTC									Eriophyllum confertiflorum confertiflorum					Plantae	Tracheophyta	Magnoliopsida	Asterales	Asteraceae	Asteroideae	Eriophyllum	Eriophyllum												
f4685c39-294e-4e94-b476-d55958889030		https://inaturalist-open-data.s3.amazonaws.com/photos/38831217/medium.jpeg					Golden Yarrow	true	A			Casey H. Richart	34488	2019-05-14 02:32:27 UTC									Eriophyllum confertiflorum		Golden Yarrow			Plantae	Tracheophyta	Magnoliopsida	Asterales	Asteraceae	Asteroideae	Eriophyllum	Eriophyllum												
f3c2b274-a8ed-4ee8-a9ed-d684ff73877a		https://inaturalist-open-data.s3.amazonaws.com/photos/38831232/medium.jpeg					Eriophyllum confertiflorum confertiflorum	true	A			Casey H. Richart	34488	2019-05-14 02:32:36 UTC									Eriophyllum confertiflorum confertiflorum					Plantae	Tracheophyta	Magnoliopsida	Asterales	Asteraceae	Asteroideae	Eriophyllum	Eriophyllum												
375d2cae-1d86-4e4c-ad81-a1d589a09088		https://inaturalist-open-data.s3.amazonaws.com/photos/38833523/medium.jpeg					common yarrow	true	A			Casey H. Richart	34488	2019-05-14 02:59:48 UTC									Achillea millefolium		common yarrow			Plantae	Tracheophyta	Magnoliopsida	Asterales	Asteraceae	Asteroideae	Achillea	Achillea												
74a74109-2142-4610-8f7a-e0de38920838		https://inaturalist-open-data.s3.amazonaws.com/photos/38833548/medium.jpeg					common yarrow	true	A			Casey H. Richart	34488	2019-05-14 03:00:04 UTC									Achillea millefolium		common yarrow			Plantae	Tracheophyta	Magnoliopsida	Asterales	Asteraceae	Asteroideae	Achillea	Achillea												
10999d5f-da64-4354-a3d3-375db2ae144e		https://inaturalist-open-data.s3.amazonaws.com/photos/38833568/medium.jpeg					common yarrow	true	A			Casey H. Richart	34488	2019-05-14 03:00:13 UTC									Achillea millefolium		common yarrow			Plantae	Tracheophyta	Magnoliopsida	Asterales	Asteraceae	Asteroideae	Achillea	Achillea												
5b08870d-c0ea-4594-a5bb-d91223ba9296		https://inaturalist-open-data.s3.amazonaws.com/photos/38833652/medium.jpeg					Southern island morning-glory	true	A			Casey H. Richart	34488	2019-05-14 03:01:06 UTC									Calystegia macrostegia amplissima		Southern island morning-glory			Plantae	Tracheophyta	Magnoliopsida	Solanales	Convolvulaceae	Convolvuloideae	Calystegia	Calystegia												
7314697f-8569-4187-88d9-8868c2d27de0		https://inaturalist-open-data.s3.amazonaws.com/photos/38833660/medium.jpeg					San Clemente Island brodiaea	true	A			Casey H. Richart	34488	2019-05-14 03:01:14 UTC									Brodiaea kinkiensis		San Clemente Island brodiaea			Plantae	Tracheophyta	Liliopsida	Asparagales	Asparagaceae	Brodiaeoideae	Brodiaea	Brodiaea												
19877b57-0dea-4034-84a8-101273a8f7bf		https://inaturalist-open-data.s3.amazonaws.com/photos/38833880/medium.jpeg					San Clemente Island paintbrush	true	A			Casey H. Richart	34488	2019-05-14 03:04:31 UTC									Castilleja grisea		San Clemente Island paintbrush			Plantae	Tracheophyta	Magnoliopsida	Lamiales	Orobanchaceae		Castilleja	Castilleja												
4ccb32d1-1ddf-4b05-aa5e-844499831e30		https://inaturalist-open-data.s3.amazonaws.com/photos/38835528/medium.jpeg					island morning-glory	true	A			Casey H. Richart	34488	2019-05-14 03:26:39 UTC									Calystegia macrostegia amplissima		Southern island morning-glory			Plantae	Tracheophyta	Magnoliopsida	Solanales	Convolvulaceae	Convolvuloideae	Calystegia	Calystegia												
b017dc81-9e01-469d-9343-b087baf318a7		https://inaturalist-open-data.s3.amazonaws.com/photos/38835536/medium.jpg					Diadasia bituberculata	true	A			Casey H. Richart	34488	2019-05-14 03:26:49 UTC									Diadasia bituberculata		Bindweed Turret Bee			Animalia	Arthropoda	Insecta	Hymenoptera	Apidae	Apinae	Diadasia	Diadasia												
24da3c5f-d3e6-46ec-a6b4-f759f38449b6		https://inaturalist-open-data.s3.amazonaws.com/photos/38835557/medium.jpeg					island morning-glory	true	A			Casey H. Richart	34488	2019-05-14 03:26:54 UTC									Calystegia macrostegia amplissima		Southern island morning-glory			Plantae	Tracheophyta	Magnoliopsida	Solanales	Convolvulaceae	Convolvuloideae	Calystegia	Calystegia												
eb347272-c9dc-4b9e-9bcb-9a5563430964		https://inaturalist-open-data.s3.amazonaws.com/photos/38835604/medium.jpeg					San Clemente Island brodiaea	true	A			Casey H. Richart	34488	2019-05-14 03:27:32 UTC									Brodiaea kinkiensis		San Clemente Island brodiaea			Plantae	Tracheophyta	Liliopsida	Asparagales	Asparagaceae	Brodiaeoideae	Brodiaea	Brodiaea												
88be4c8e-4663-476d-8a0f-2f5306ca6ac8		https://inaturalist-open-data.s3.amazonaws.com/photos/38835638/medium.jpeg					island morning-glory	true	A			Casey H. Richart	34488	2019-05-14 03:28:04 UTC									Calystegia macrostegia amplissima		Southern island morning-glory			Plantae	Tracheophyta	Magnoliopsida	Solanales	Convolvulaceae	Convolvuloideae	Calystegia	Calystegia												
f433cfa8-08f9-4896-955d-5b074a057490		https://inaturalist-open-data.s3.amazonaws.com/photos/38835656/medium.jpeg					Golden Yarrow	true	A			Casey H. Richart	34488	2019-05-14 03:28:16 UTC									Eriophyllum confertiflorum		Golden Yarrow			Plantae	Tracheophyta	Magnoliopsida	Asterales	Asteraceae	Asteroideae	Eriophyllum	Eriophyllum												
d16f094e-55f2-4d71-bdd3-d42f0cee037a		https://inaturalist-open-data.s3.amazonaws.com/photos/38835669/medium.jpeg					common yarrow	true	A			Casey H. Richart	34488	2019-05-14 03:28:27 UTC									Achillea millefolium		common yarrow			Plantae	Tracheophyta	Magnoliopsida	Asterales	Asteraceae	Asteroideae	Achillea	Achillea												
02b92dbe-018d-42d0-88cd-c0cd8219aca9		https://inaturalist-open-data.s3.amazonaws.com/photos/38835681/medium.jpeg					Golden Yarrow	true	A			Casey H. Richart	34488	2019-05-14 03:28:36 UTC									Eriophyllum confertiflorum		Golden Yarrow			Plantae	Tracheophyta	Magnoliopsida	Asterales	Asteraceae	Asteroideae	Eriophyllum	Eriophyllum												
ecad5bd0-08a0-4805-bef4-8c11e8998588		https://inaturalist-open-data.s3.amazonaws.com/photos/38835711/medium.jpeg					common yarrow	true	A			Casey H. Richart	34488	2019-05-14 03:28:55 UTC									Achillea millefolium		common yarrow			Plantae	Tracheophyta	Magnoliopsida	Asterales	Asteraceae	Asteroideae	Achillea	Achillea												
bce43c91-624f-466b-b932-7f4d96205225		https://inaturalist-open-data.s3.amazonaws.com/photos/38835719/medium.jpeg					common yarrow	true	A			Casey H. Richart	34488	2019-05-14 03:29:04 UTC									Achillea millefolium		common yarrow			Plantae	Tracheophyta	Magnoliopsida	Asterales	Asteraceae	Asteroideae	Achillea	Achillea												
461a1e55-b79d-4c13-8fc9-70a8f59c5219		https://inaturalist-open-data.s3.amazonaws.com/photos/38835755/medium.jpeg					San Clemente Island brodiaea	true	A			Casey H. Richart	34488	2019-05-14 03:29:30 UTC									Brodiaea kinkiensis		San Clemente Island brodiaea			Plantae	Tracheophyta	Liliopsida	Asparagales	Asparagaceae	Brodiaeoideae	Brodiaea	Brodiaea												
2646a30b-191d-4d5c-b8b5-a7ccea2f8bcb		https://inaturalist-open-data.s3.amazonaws.com/photos/38835764/medium.jpeg					Golden Yarrow	true	A			Casey H. Richart	34488	2019-05-14 03:29:41 UTC									Eriophyllum confertiflorum		Golden Yarrow			Plantae	Tracheophyta	Magnoliopsida	Asterales	Asteraceae	Asteroideae	Eriophyllum	Eriophyllum												
d50c4441-d1a1-4657-919d-3fdf29d0662f		https://inaturalist-open-data.s3.amazonaws.com/photos/38835933/medium.jpeg					leafy malacothrix	true	A			Casey H. Richart	34488	2019-05-14 03:31:46 UTC									Malacothrix foliosa foliosa		leafy malacothrix			Plantae	Tracheophyta	Magnoliopsida	Asterales	Asteraceae	Cichorioideae	Malacothrix	Malacothrix												
cceacf38-54d8-42a1-9f3e-e3142f37fff3		https://inaturalist-open-data.s3.amazonaws.com/photos/38835996/medium.jpeg					Coast Cholla	true	A			Casey H. Richart	34488	2019-05-14 03:32:42 UTC									Cylindropuntia prolifera		Coast Cholla			Plantae	Tracheophyta	Magnoliopsida	Caryophyllales	Cactaceae	Opuntioideae	Cylindropuntia	Cylindropuntia												
2bc0e985-3bbc-4344-8f56-0e119e54b285		https://inaturalist-open-data.s3.amazonaws.com/photos/38836101/medium.jpeg					Golden-spined Cereus	true	A			Casey H. Richart	34488	2019-05-14 03:34:00 UTC									Bergerocactus emoryi		Golden-spined Cereus			Plantae	Tracheophyta	Magnoliopsida	Caryophyllales	Cactaceae	Cactoideae	Bergerocactus	Bergerocactus												
759628ce-45b5-44ff-97fe-3f64c3a956e7		https://inaturalist-open-data.s3.amazonaws.com/photos/38837765/medium.jpeg					Island Tarplant	true	A			Casey H. Richart	34488	2019-05-14 03:56:35 UTC									Deinandra clementina		Island Tarplant			Plantae	Tracheophyta	Magnoliopsida	Asterales	Asteraceae	Asteroideae	Deinandra	Deinandra												
daeae514-7f4f-47fa-af92-c4a0c71cd6fd		https://inaturalist-open-data.s3.amazonaws.com/photos/38837770/medium.jpeg					Island Tarplant	true	A			Casey H. Richart	34488	2019-05-14 03:56:44 UTC									Deinandra clementina		Island Tarplant			Plantae	Tracheophyta	Magnoliopsida	Asterales	Asteraceae	Asteroideae	Deinandra	Deinandra												
d2075d7e-be45-4722-98db-56c8889efc7c		https://inaturalist-open-data.s3.amazonaws.com/photos/38837780/medium.jpeg					Island Tarplant	true	A			Casey H. Richart	34488	2019-05-14 03:57:02 UTC									Deinandra clementina		Island Tarplant			Plantae	Tracheophyta	Magnoliopsida	Asterales	Asteraceae	Asteroideae	Deinandra	Deinandra												
bee6f3cc-3cbc-4524-b2cc-e99edf2119c5		https://inaturalist-open-data.s3.amazonaws.com/photos/38843673/medium.jpg					Copestylum lentum	true	A			Casey H. Richart	34488	2019-05-14 05:42:15 UTC									Copestylum lentum					Animalia	Arthropoda	Insecta	Diptera	Syrphidae	Eristalinae	Copestylum	Copestylum												
5367ea60-bbcd-472b-b329-6febc0aad6b6		https://inaturalist-open-data.s3.amazonaws.com/photos/38837818/medium.jpeg					island morning-glory	true	A			Casey H. Richart	34488	2019-05-14 03:57:25 UTC									Calystegia macrostegia amplissima		Southern island morning-glory			Plantae	Tracheophyta	Magnoliopsida	Solanales	Convolvulaceae	Convolvuloideae	Calystegia	Calystegia												
c3898682-966f-45c5-af01-aa4da8e718ed		https://inaturalist-open-data.s3.amazonaws.com/photos/38837829/medium.jpeg					island morning-glory	true	A			Casey H. Richart	34488	2019-05-14 03:57:35 UTC									Calystegia macrostegia amplissima		Southern island morning-glory			Plantae	Tracheophyta	Magnoliopsida	Solanales	Convolvulaceae	Convolvuloideae	Calystegia	Calystegia												
179657a0-9ea6-4724-95e1-72c325d96953		https://inaturalist-open-data.s3.amazonaws.com/photos/38837872/medium.jpeg					leafy malacothrix	true	A			Casey H. Richart	34488	2019-05-14 03:58:14 UTC									Malacothrix foliosa foliosa		leafy malacothrix			Plantae	Tracheophyta	Magnoliopsida	Asterales	Asteraceae	Cichorioideae	Malacothrix	Malacothrix												
0c2aeb83-529f-421a-9b1b-bcb22a89be9a		https://inaturalist-open-data.s3.amazonaws.com/photos/38838349/medium.jpeg					leafy malacothrix	true	A			Casey H. Richart	34488	2019-05-14 03:58:52 UTC									Malacothrix foliosa foliosa		leafy malacothrix			Plantae	Tracheophyta	Magnoliopsida	Asterales	Asteraceae	Cichorioideae	Malacothrix	Malacothrix												
a231034a-57fa-43b2-a054-34c78d9ebf50		https://inaturalist-open-data.s3.amazonaws.com/photos/38838375/medium.jpeg					bright green dudleya	true	A			Casey H. Richart	34488	2019-05-14 04:08:09 UTC									Dudleya virens virens		bright green dudleya			Plantae	Tracheophyta	Magnoliopsida	Saxifragales	Crassulaceae	Sempervivoideae	Dudleya	Dudleya												
ec387444-b13d-494f-94ad-f664a0b46549		https://inaturalist-open-data.s3.amazonaws.com/photos/38838410/medium.jpg					Mexican Cactus Fly	true	A			Casey H. Richart	34488	2019-05-14 04:08:54 UTC									Copestylum mexicanum		Mexican Cactus Fly			Animalia	Arthropoda	Insecta	Diptera	Syrphidae	Eristalinae	Copestylum	Copestylum												
6d142bb0-dadf-4b56-95f0-5c5491340786		https://inaturalist-open-data.s3.amazonaws.com/photos/38839511/medium.jpg					Copestylum lentum	true	A			Casey H. Richart	34488	2019-05-14 04:27:07 UTC									Copestylum lentum					Animalia	Arthropoda	Insecta	Diptera	Syrphidae	Eristalinae	Copestylum	Copestylum												
ef94c2a9-a2f3-4f32-9c60-bb7e6ba97a31		https://inaturalist-open-data.s3.amazonaws.com/photos/38839523/medium.jpeg					Nevin's Woolly Sunflower	true	A			Casey H. Richart	34488	2019-05-14 04:27:13 UTC									Constancea nevinii		Nevin's Woolly Sunflower			Plantae	Tracheophyta	Magnoliopsida	Asterales	Asteraceae	Asteroideae	Constancea	Constancea												
fd773c74-cf05-4a66-a5ee-30fb1733a053		https://inaturalist-open-data.s3.amazonaws.com/photos/38839529/medium.jpg					Anthidium collectum	true	A			Casey H. Richart	34488	2019-05-14 04:27:23 UTC									Anthidium collectum					Animalia	Arthropoda	Insecta	Hymenoptera	Megachilidae	Megachilinae	Anthidium	Anthidium												
6a9978e5-e9fa-4c7d-a499-da45158c9d46		https://inaturalist-open-data.s3.amazonaws.com/photos/38839586/medium.jpg					Gray Hairstreak	true	A			Casey H. Richart	34488	2019-05-14 04:28:08 UTC									Strymon melinus		Gray Hairstreak			Animalia	Arthropoda	Insecta	Lepidoptera	Lycaenidae	Theclinae	Strymon	Strymon												
77b7d153-789b-4553-b379-563c8328e5b7		https://inaturalist-open-data.s3.amazonaws.com/photos/38839615/medium.jpg					Yellow-spotted Bromeliad Fly	true	A			Casey H. Richart	34488	2019-05-14 04:28:33 UTC									Copestylum avidum		Yellow-spotted Bromeliad Fly			Animalia	Arthropoda	Insecta	Diptera	Syrphidae	Eristalinae	Copestylum	Copestylum												
0aeed1dc-813b-41fd-9fd2-21a822bf28f7		https://inaturalist-open-data.s3.amazonaws.com/photos/38839632/medium.jpeg					California chicory	true	A			Casey H. Richart	34488	2019-05-14 04:28:48 UTC									Rafinesquia californica		California chicory			Plantae	Tracheophyta	Magnoliopsida	Asterales	Asteraceae	Cichorioideae	Rafinesquia	Rafinesquia												
a294fd84-7f25-4169-8d81-6910c0aceda3		https://inaturalist-open-data.s3.amazonaws.com/photos/38839661/medium.jpg					Copestylum marginatum	true	A			Casey H. Richart	34488	2019-05-14 04:29:19 UTC									Copestylum marginatum					Animalia	Arthropoda	Insecta	Diptera	Syrphidae	Eristalinae	Copestylum	Copestylum												
1f4a132a-7b8f-4fc5-b4c2-0e65947cfd9b		https://inaturalist-open-data.s3.amazonaws.com/photos/38839716/medium.jpeg					leafy malacothrix	true	A			Casey H. Richart	34488	2019-05-14 04:30:12 UTC									Malacothrix foliosa foliosa		leafy malacothrix			Plantae	Tracheophyta	Magnoliopsida	Asterales	Asteraceae	Cichorioideae	Malacothrix	Malacothrix												
803ad9d3-0cfd-4830-9d0a-1b4109f82a43		https://inaturalist-open-data.s3.amazonaws.com/photos/38839720/medium.jpg					Copestylum lentum	true	A			Casey H. Richart	34488	2019-05-14 04:30:23 UTC									Copestylum lentum					Animalia	Arthropoda	Insecta	Diptera	Syrphidae	Eristalinae	Copestylum	Copestylum												
b173419c-307d-4615-863f-3521bfd73b6c		https://inaturalist-open-data.s3.amazonaws.com/photos/38839753/medium.jpg					California Mountain-Digger Bee	true	A			Casey H. Richart	34488	2019-05-14 04:30:54 UTC									Habropoda depressa		California Mountain-Digger Bee			Animalia	Arthropoda	Insecta	Hymenoptera	Apidae	Apinae	Habropoda	Habropoda												
57d981d0-f6ab-4fa8-a649-e74e020a12e6		https://inaturalist-open-data.s3.amazonaws.com/photos/38839758/medium.jpeg					many-flowered phacelia	true	A			Casey H. Richart	34488	2019-05-14 04:31:00 UTC									Phacelia floribunda		many-flowered phacelia			Plantae	Tracheophyta	Magnoliopsida	Boraginales	Boraginaceae	Hydrophylloideae	Phacelia	Phacelia												
4f816d63-07a4-4198-b13c-5adb849fe193		https://inaturalist-open-data.s3.amazonaws.com/photos/38839809/medium.jpeg					Common Sow-thistle	true	A			Casey H. Richart	34488	2019-05-14 04:32:08 UTC									Sonchus oleraceus		Common Sow-thistle			Plantae	Tracheophyta	Magnoliopsida	Asterales	Asteraceae	Cichorioideae	Sonchus	Sonchus												
231e9b42-dc1d-45db-8e62-b4094e3063d1		https://inaturalist-open-data.s3.amazonaws.com/photos/38839823/medium.jpeg					Copestylum lentum	true	A			Casey H. Richart	34488	2019-05-14 04:32:24 UTC									Copestylum lentum					Animalia	Arthropoda	Insecta	Diptera	Syrphidae	Eristalinae	Copestylum	Copestylum												
0f923ece-02f6-4876-8108-e30721d5d4f9		https://inaturalist-open-data.s3.amazonaws.com/photos/38839824/medium.jpg					Diadasia bituberculata	true	A			Casey H. Richart	34488	2019-05-14 04:32:32 UTC									Diadasia bituberculata		Bindweed Turret Bee			Animalia	Arthropoda	Insecta	Hymenoptera	Apidae	Apinae	Diadasia	Diadasia												
a64910ca-82f3-4107-9b2b-4614841e9b19		https://inaturalist-open-data.s3.amazonaws.com/photos/38839844/medium.jpg					Diadasia bituberculata	true	A			Casey H. Richart	34488	2019-05-14 04:33:01 UTC									Diadasia bituberculata		Bindweed Turret Bee			Animalia	Arthropoda	Insecta	Hymenoptera	Apidae	Apinae	Diadasia	Diadasia												
6bb31e37-953f-4de6-a7cf-6eebe5466b66		https://inaturalist-open-data.s3.amazonaws.com/photos/38839852/medium.jpg					Diadasia bituberculata	true	A			Casey H. Richart	34488	2019-05-14 04:33:13 UTC									Diadasia bituberculata		Bindweed Turret Bee			Animalia	Arthropoda	Insecta	Hymenoptera	Apidae	Apinae	Diadasia	Diadasia												
d61b90ee-9e20-43a1-977e-fa6cbde27a57		https://inaturalist-open-data.s3.amazonaws.com/photos/38840651/medium.jpeg					Coast Cholla	true	A			Casey H. Richart	34488	2019-05-14 04:49:20 UTC									Cylindropuntia prolifera		Coast Cholla			Plantae	Tracheophyta	Magnoliopsida	Caryophyllales	Cactaceae	Opuntioideae	Cylindropuntia	Cylindropuntia												
17b99d97-358a-4ea7-8677-f856ff974662		https://inaturalist-open-data.s3.amazonaws.com/photos/38840668/medium.jpeg					coastal prickly pear	true	A			Casey H. Richart	34488	2019-05-14 04:49:37 UTC									Opuntia littoralis		Coastal Pricklypear			Plantae	Tracheophyta	Magnoliopsida	Caryophyllales	Cactaceae	Opuntioideae	Opuntia	Opuntia												
18f451f4-457e-4f32-9c60-71d4b34d7db7		https://inaturalist-open-data.s3.amazonaws.com/photos/38841183/medium.jpeg					Shortpod Mustard	true	A			Casey H. Richart	34488	2019-05-14 04:58:44 UTC									Hirschfeldia incana		Shortpod Mustard			Plantae	Tracheophyta	Magnoliopsida	Brassicales	Brassicaceae	Brassicoideae	Hirschfeldia	Hirschfeldia												
4f269096-5dce-4b46-825f-c063acdbcbe0		https://inaturalist-open-data.s3.amazonaws.com/photos/38841709/medium.jpg					Alfalfa Looper	true	A			Casey H. Richart	34488	2019-05-14 05:07:03 UTC									Autographa californica		Alfalfa Looper			Animalia	Arthropoda	Insecta	Lepidoptera	Noctuidae	Plusiinae	Autographa	Autographa												
cf0b27b3-6283-4e37-b76b-8ac1098b1a2b		https://inaturalist-open-data.s3.amazonaws.com/photos/38841721/medium.jpg					Bird Hover Fly	true	A			Casey H. Richart	34488	2019-05-14 05:07:14 UTC									Eupeodes volucris		Large-tailed Aphideater			Animalia	Arthropoda	Insecta	Diptera	Syrphidae	Syrphinae	Eupeodes	Eupeodes												
adb3c3e2-3c31-4123-b324-17299a4745aa		https://inaturalist-open-data.s3.amazonaws.com/photos/38841729/medium.jpg					Copestylum lentum	true	A			Casey H. Richart	34488	2019-05-14 05:07:24 UTC									Copestylum lentum					Animalia	Arthropoda	Insecta	Diptera	Syrphidae	Eristalinae	Copestylum	Copestylum												
5816fe3f-4e0a-492e-abbd-3c542e454133		https://inaturalist-open-data.s3.amazonaws.com/photos/38841739/medium.jpg					Painted Lady	true	A			Casey H. Richart	34488	2019-05-14 05:07:36 UTC									Vanessa cardui		Painted Lady			Animalia	Arthropoda	Insecta	Lepidoptera	Nymphalidae	Nymphalinae	Vanessa	Vanessa												
0778caf3-6e08-402d-af8c-98e18b35b570		https://inaturalist-open-data.s3.amazonaws.com/photos/38841745/medium.jpg					Copestylum violaceum	true	A			Casey H. Richart	34488	2019-05-14 05:07:43 UTC									Copestylum violaceum					Animalia	Arthropoda	Insecta	Diptera	Syrphidae	Eristalinae	Copestylum	Copestylum												
cd1e836a-84c7-4375-b854-9dc4dbcfd9e3		https://inaturalist-open-data.s3.amazonaws.com/photos/38841756/medium.jpg					Copestylum marginatum	true	A			Casey H. Richart	34488	2019-05-14 05:07:55 UTC									Copestylum lentum					Animalia	Arthropoda	Insecta	Diptera	Syrphidae	Eristalinae	Copestylum	Copestylum												
9a0fdee8-dd67-414c-9bf5-84e110ccbde9		https://inaturalist-open-data.s3.amazonaws.com/photos/38841766/medium.jpg					American Lady	true	A			Casey H. Richart	34488	2019-05-14 05:08:07 UTC									Vanessa virginiensis		American Lady			Animalia	Arthropoda	Insecta	Lepidoptera	Nymphalidae	Nymphalinae	Vanessa	Vanessa												
8fc82db6-0fb7-49c6-9ebf-658c0bbb5d94		https://inaturalist-open-data.s3.amazonaws.com/photos/38841778/medium.jpg					Yellow-spotted Bromeliad Fly	true	A			Casey H. Richart	34488	2019-05-14 05:08:24 UTC									Copestylum avidum		Yellow-spotted Bromeliad Fly			Animalia	Arthropoda	Insecta	Diptera	Syrphidae	Eristalinae	Copestylum	Copestylum												
7f78ecd1-9bda-430e-8565-833ccd6d29ca		https://inaturalist-open-data.s3.amazonaws.com/photos/38841785/medium.jpg					Bird Hover Fly	true	A			Casey H. Richart	34488	2019-05-14 05:08:30 UTC									Eupeodes volucris		Large-tailed Aphideater			Animalia	Arthropoda	Insecta	Diptera	Syrphidae	Syrphinae	Eupeodes	Eupeodes												
63edc654-2f23-4c48-8dec-af2bd2d34964		https://inaturalist-open-data.s3.amazonaws.com/photos/38841788/medium.jpg					Diadasia bituberculata	true	A			Casey H. Richart	34488	2019-05-14 05:08:37 UTC									Diadasia bituberculata		Bindweed Turret Bee			Animalia	Arthropoda	Insecta	Hymenoptera	Apidae	Apinae	Diadasia	Diadasia												
18c04ff9-398a-4611-a992-9ca45a20b313		https://inaturalist-open-data.s3.amazonaws.com/photos/38841832/medium.jpg					Alfalfa Looper	true	A			Casey H. Richart	34488	2019-05-14 05:09:26 UTC									Autographa californica		Alfalfa Looper			Animalia	Arthropoda	Insecta	Lepidoptera	Noctuidae	Plusiinae	Autographa	Autographa												
7765f50a-a0ec-4a7e-83c1-c3f80b58ff25		https://inaturalist-open-data.s3.amazonaws.com/photos/38842530/medium.jpg					Diadasia bituberculata	true	A			Casey H. Richart	34488	2019-05-14 05:20:39 UTC									Diadasia bituberculata		Bindweed Turret Bee			Animalia	Arthropoda	Insecta	Hymenoptera	Apidae	Apinae	Diadasia	Diadasia												
25b0a996-d4d0-4ef3-85a9-f592f907eb27		https://inaturalist-open-data.s3.amazonaws.com/photos/38842546/medium.jpeg					island morning-glory	true	A			Casey H. Richart	34488	2019-05-14 05:20:50 UTC									Calystegia macrostegia amplissima		Southern island morning-glory			Plantae	Tracheophyta	Magnoliopsida	Solanales	Convolvulaceae	Convolvuloideae	Calystegia	Calystegia												
ad820f21-bf41-461f-92a2-43531677ac4e		https://inaturalist-open-data.s3.amazonaws.com/photos/38842561/medium.jpeg					Malva assurgentiflora glabra	true	A			Casey H. Richart	34488	2019-05-14 05:21:00 UTC									Malva assurgentiflora		Island Mallow			Plantae	Tracheophyta	Magnoliopsida	Malvales	Malvaceae	Malvoideae	Malva	Malva												
e3a2bbb3-8a50-4ff9-bbce-fc04ec97bb17		https://inaturalist-open-data.s3.amazonaws.com/photos/38842570/medium.jpg					Diadasia bituberculata	true	A			Casey H. Richart	34488	2019-05-14 05:21:07 UTC									Diadasia bituberculata		Bindweed Turret Bee			Animalia	Arthropoda	Insecta	Hymenoptera	Apidae	Apinae	Diadasia	Diadasia												
e6a5ec65-4807-4f2a-8ba7-29217da463d0		https://inaturalist-open-data.s3.amazonaws.com/photos/38842600/medium.jpg					Painted Lady	true	A			Casey H. Richart	34488	2019-05-14 05:21:25 UTC									Vanessa cardui		Painted Lady			Animalia	Arthropoda	Insecta	Lepidoptera	Nymphalidae	Nymphalinae	Vanessa	Vanessa												
8d0dd5b1-8e06-47d1-93a6-8e2cb654bfda		https://inaturalist-open-data.s3.amazonaws.com/photos/38843385/medium.jpg					Diadasia bituberculata	true	A			Casey H. Richart	34488	2019-05-14 05:36:21 UTC									Diadasia bituberculata		Bindweed Turret Bee			Animalia	Arthropoda	Insecta	Hymenoptera	Apidae	Apinae	Diadasia	Diadasia												
6758ee88-dfa5-4b06-b34a-d0646fcbf493		https://inaturalist-open-data.s3.amazonaws.com/photos/38843410/medium.jpg					Diadasia	true	A			Casey H. Richart	34488	2019-05-14 05:36:36 UTC									Diadasia					Animalia	Arthropoda	Insecta	Hymenoptera	Apidae	Apinae	Diadasia	Diadasia												
278040df-7e6b-4e59-b713-1c31e96225a4		https://inaturalist-open-data.s3.amazonaws.com/photos/38843417/medium.jpeg					Acmispon argophyllus argenteus	true	A			Casey H. Richart	34488	2019-05-14 05:36:43 UTC									Acmispon argophyllus argenteus					Plantae	Tracheophyta	Magnoliopsida	Fabales	Fabaceae	Faboideae	Acmispon	Acmispon												
36a38cc8-adee-4978-b919-395a4bc9dca0		https://inaturalist-open-data.s3.amazonaws.com/photos/38843426/medium.jpg					Painted Lady	true	A			Casey H. Richart	34488	2019-05-14 05:36:52 UTC									Vanessa cardui		Painted Lady			Animalia	Arthropoda	Insecta	Lepidoptera	Nymphalidae	Nymphalinae	Vanessa	Vanessa												
b69c750c-611f-41b3-a174-f91f7b0d330c		https://inaturalist-open-data.s3.amazonaws.com/photos/38843437/medium.jpg					Nausigaster unimaculata	true	A			Casey H. Richart	34488	2019-05-14 05:37:03 UTC									Nausigaster unimaculata		Single-spotted Dimpleback			Animalia	Arthropoda	Insecta	Diptera	Syrphidae	Eristalinae	Nausigaster	Nausigaster												
51796f71-2382-4c65-8981-786d09bf1120		https://inaturalist-open-data.s3.amazonaws.com/photos/38843632/medium.jpg					Copestylum lentum	true	A			Casey H. Richart	34488	2019-05-14 05:41:36 UTC									Copestylum lentum					Animalia	Arthropoda	Insecta	Diptera	Syrphidae	Eristalinae	Copestylum	Copestylum												
f480f540-91a5-4d81-9f69-d5c2225cd5b3		https://inaturalist-open-data.s3.amazonaws.com/photos/38843642/medium.jpg					Copestylum lentum	true	A			Casey H. Richart	34488	2019-05-14 05:41:46 UTC									Copestylum lentum					Animalia	Arthropoda	Insecta	Diptera	Syrphidae	Eristalinae	Copestylum	Copestylum												
fe58507e-4d54-4e4a-b120-f1f54177289c		https://inaturalist-open-data.s3.amazonaws.com/photos/38843669/medium.jpg					Copestylum lentum	true	A			Casey H. Richart	34488	2019-05-14 05:42:09 UTC									Copestylum lentum					Animalia	Arthropoda	Insecta	Diptera	Syrphidae	Eristalinae	Copestylum	Copestylum												
a27e5373-c002-4ea8-957f-7c53e40640f0		https://inaturalist-open-data.s3.amazonaws.com/photos/38843691/medium.jpg					Agapostemon subtilior	true	A			Casey H. Richart	34488	2019-05-14 05:42:40 UTC									Agapostemon subtilior		Fine Striped Sweat Bee			Animalia	Arthropoda	Insecta	Hymenoptera	Halictidae	Halictinae	Agapostemon	Agapostemon												
ad3f8681-154b-4af2-937e-c663f5756a55		https://inaturalist-open-data.s3.amazonaws.com/photos/38843700/medium.jpg					Cisthene faustinula	true	A			Casey H. Richart	34488	2019-05-14 05:42:52 UTC									Cisthene faustinula					Animalia	Arthropoda	Insecta	Lepidoptera	Erebidae	Arctiinae	Cisthene	Cisthene												
00e0e5a0-a584-439e-8703-03bd20caaf4b		https://inaturalist-open-data.s3.amazonaws.com/photos/38843728/medium.jpg					Copestylum lentum	true	A			Casey H. Richart	34488	2019-05-14 05:43:28 UTC									Copestylum lentum					Animalia	Arthropoda	Insecta	Diptera	Syrphidae	Eristalinae	Copestylum	Copestylum												
ea4cd87a-b986-46b7-9fb7-8ef547f082ba		https://inaturalist-open-data.s3.amazonaws.com/photos/38843749/medium.jpg					Copestylum lentum	true	A			Casey H. Richart	34488	2019-05-14 05:43:48 UTC									Copestylum lentum					Animalia	Arthropoda	Insecta	Diptera	Syrphidae	Eristalinae	Copestylum	Copestylum												
710f26ba-154e-4a9a-a841-ec99cfffb83f		https://inaturalist-open-data.s3.amazonaws.com/photos/38843825/medium.jpeg					coastal prickly pear	true	A			Casey H. Richart	34488	2019-05-14 05:45:18 UTC									Opuntia littoralis		Coastal Pricklypear			Plantae	Tracheophyta	Magnoliopsida	Caryophyllales	Cactaceae	Opuntioideae	Opuntia	Opuntia												
e2e8f8ef-7585-4017-9c07-f155626bacc0		https://inaturalist-open-data.s3.amazonaws.com/photos/38838423/medium.jpeg					Golden Yarrow	true	A			Casey H. Richart	34488	2019-05-14 20:35:16 UTC									Eriophyllum confertiflorum		Golden Yarrow			Plantae	Tracheophyta	Magnoliopsida	Asterales	Asteraceae	Asteroideae	Eriophyllum	Eriophyllum												
7a9e7773-7e13-4991-a5c2-aa56517f3d92		https://inaturalist-open-data.s3.amazonaws.com/photos/39147613/medium.jpeg					Coast Cholla	true	A			Stephanie Calloway	195291	2019-05-17 23:02:03 UTC									Cylindropuntia prolifera		Coast Cholla			Plantae	Tracheophyta	Magnoliopsida	Caryophyllales	Cactaceae	Opuntioideae	Cylindropuntia	Cylindropuntia												
e851d9a2-f0d2-420c-a0d0-5f7288059d70		https://inaturalist-open-data.s3.amazonaws.com/photos/39153247/medium.jpeg					Emory's rock daisy	true	A			Stephanie Calloway	195291	2019-05-18 00:13:45 UTC									Perityle emoryi		Emory's rockdaisy			Plantae	Tracheophyta	Magnoliopsida	Asterales	Asteraceae	Asteroideae	Perityle	Perityle												
5bd13604-73d4-4de4-90ac-a247117a9f1b		https://inaturalist-open-data.s3.amazonaws.com/photos/39167916/medium.png					California Mountain-Digger Bee	true	A			Stephanie Calloway	195291	2019-05-18 03:37:52 UTC									Habropoda depressa		California Mountain-Digger Bee			Animalia	Arthropoda	Insecta	Hymenoptera	Apidae	Apinae	Habropoda	Habropoda												
3c76b219-d6e8-46d1-9871-a3fd76bc0a87		https://inaturalist-open-data.s3.amazonaws.com/photos/39167916/medium.png					San Clemente Island paintbrush	true	A			Stephanie Calloway	195291	2019-05-18 03:38:24 UTC									Castilleja grisea		San Clemente Island paintbrush			Plantae	Tracheophyta	Magnoliopsida	Lamiales	Orobanchaceae		Castilleja	Castilleja												
d06fcdf3-a8fd-4003-979f-e44a9d8aa4e4		https://inaturalist-open-data.s3.amazonaws.com/photos/39574902/medium.jpg					Western Honey Bee	true	A				1520013	2019-05-22 03:11:14 UTC									Apis mellifera		Western Honey Bee			Animalia	Arthropoda	Insecta	Hymenoptera	Apidae	Apinae	Apis	Apis												
e02f0560-741f-410a-9f66-0063c11aa05e		https://inaturalist-open-data.s3.amazonaws.com/photos/39847185/medium.jpg					alkali mariposa lily	true	A			Stephanie Calloway	195291	2019-05-25 01:04:06 UTC									Calochortus striatus		Alkali Mariposa Lily			Plantae	Tracheophyta	Liliopsida	Liliales	Liliaceae	Calochortoideae	Calochortus	Calochortus												
e0c0fca8-4b46-41bb-ba82-d1a13473e981		https://inaturalist-open-data.s3.amazonaws.com/photos/39927014/medium.jpg					Western Honey Bee	true	A			Stephanie Calloway	195291	2019-05-25 19:49:10 UTC									Apis mellifera		Western Honey Bee			Animalia	Arthropoda	Insecta	Hymenoptera	Apidae	Apinae	Apis	Apis												
d8d7dbf2-fbf1-460f-99e5-cfa3a75d68fc		https://inaturalist-open-data.s3.amazonaws.com/photos/41033534/medium.jpg					Diadasia bituberculata	true	A			Stephanie Calloway	195291	2019-06-05 04:30:31 UTC									Diadasia bituberculata		Bindweed Turret Bee			Animalia	Arthropoda	Insecta	Hymenoptera	Apidae	Apinae	Diadasia	Diadasia												
6a6b5cc4-7d97-494d-b5d0-03fe176e5c91		https://inaturalist-open-data.s3.amazonaws.com/photos/41033757/medium.jpg					Island Tarplant	true	A			Stephanie Calloway	195291	2019-06-05 04:35:55 UTC									Deinandra clementina		Island Tarplant			Plantae	Tracheophyta	Magnoliopsida	Asterales	Asteraceae	Asteroideae	Deinandra	Deinandra												
e2789d44-e921-4794-97d1-f9685e87e4e1		https://inaturalist-open-data.s3.amazonaws.com/photos/41034471/medium.jpg					bright green dudleya	true	A			Stephanie Calloway	195291	2019-06-05 04:51:12 UTC									Dudleya virens virens		bright green dudleya			Plantae	Tracheophyta	Magnoliopsida	Saxifragales	Crassulaceae	Sempervivoideae	Dudleya	Dudleya												
59094765-f5ba-4447-a7d6-6618b3d2366e		https://inaturalist-open-data.s3.amazonaws.com/photos/41034557/medium.jpg					Anthophora urbana clementina	true	A			Stephanie Calloway	195291	2019-06-05 04:53:07 UTC									Anthophora urbana clementina		San Clemente Digger Bee			Animalia	Arthropoda	Insecta	Hymenoptera	Apidae	Apinae	Anthophora	Anthophora												
8801ae67-3044-42cc-b189-a7ab7e585d43		https://inaturalist-open-data.s3.amazonaws.com/photos/41034893/medium.jpg					San Clemente Sand Wasp	true	A			Stephanie Calloway	195291	2019-06-05 05:01:51 UTC									Bembix americana dugi		San Clemente Sand Wasp			Animalia	Arthropoda	Insecta	Hymenoptera	Crabronidae	Bembicinae	Bembix	Bembix												
b2a0c532-d031-4008-b93b-b1650c626c40		https://inaturalist-open-data.s3.amazonaws.com/photos/41035800/medium.jpg					Nevin's Woolly Sunflower	true	A			Stephanie Calloway	195291	2019-06-05 05:25:10 UTC									Constancea nevinii		Nevin's Woolly Sunflower			Plantae	Tracheophyta	Magnoliopsida	Asterales	Asteraceae	Asteroideae	Constancea	Constancea												
a3b1acc8-e7ef-42f2-875d-c3ea9944ec8d		https://inaturalist-open-data.s3.amazonaws.com/photos/41035933/medium.jpg					Sea Rocket	true	A			Stephanie Calloway	195291	2019-06-05 05:27:50 UTC									Cakile maritima		European Searocket			Plantae	Tracheophyta	Magnoliopsida	Brassicales	Brassicaceae	Brassicoideae	Cakile	Cakile												
a86e5a10-216e-454e-a1f4-96f9d344bc46		https://inaturalist-open-data.s3.amazonaws.com/photos/41035977/medium.jpg					Anthophora urbana clementina	true	A			Stephanie Calloway	195291	2019-06-05 05:29:08 UTC									Anthophora urbana clementina		San Clemente Digger Bee			Animalia	Arthropoda	Insecta	Hymenoptera	Apidae	Apinae	Anthophora	Anthophora												
5108a42e-94df-4340-9766-bf97b7c7276f		https://inaturalist-open-data.s3.amazonaws.com/photos/41140709/medium.jpeg					Island Mallow	true	A			Jenny Hazlehurst	513070	2019-06-06 13:20:23 UTC									Malva assurgentiflora		Island Mallow			Plantae	Tracheophyta	Magnoliopsida	Malvales	Malvaceae	Malvoideae	Malva	Malva												
f107554f-0dd5-4616-a77e-41f5336f9e39		https://inaturalist-open-data.s3.amazonaws.com/photos/41140756/medium.jpg					Island Tarplant	true	A			Jenny Hazlehurst	513070	2019-06-06 13:20:59 UTC									Deinandra clementina		Island Tarplant			Plantae	Tracheophyta	Magnoliopsida	Asterales	Asteraceae	Asteroideae	Deinandra	Deinandra												
2d7e2ba8-fff3-489d-bc4a-e0f5dfc8393f		https://inaturalist-open-data.s3.amazonaws.com/photos/41140780/medium.jpg					Anthophora urbana clementina	true	A			Jenny Hazlehurst	513070	2019-06-06 13:21:14 UTC									Anthophora urbana clementina		San Clemente Digger Bee			Animalia	Arthropoda	Insecta	Hymenoptera	Apidae	Apinae	Anthophora	Anthophora												
cfc97c8f-5ba4-40b1-a03c-a8d52ba1fc59		https://inaturalist-open-data.s3.amazonaws.com/photos/41140812/medium.jpg					bright green dudleya	true	A			Jenny Hazlehurst	513070	2019-06-06 13:21:29 UTC									Dudleya virens virens		bright green dudleya			Plantae	Tracheophyta	Magnoliopsida	Saxifragales	Crassulaceae	Sempervivoideae	Dudleya	Dudleya												
04cf000f-966e-4991-9aed-c1bd57712fb0		https://inaturalist-open-data.s3.amazonaws.com/photos/41140823/medium.jpg					Copestylum lentum	true	A			Jenny Hazlehurst	513070	2019-06-06 13:21:35 UTC									Copestylum lentum					Animalia	Arthropoda	Insecta	Diptera	Syrphidae	Eristalinae	Copestylum	Copestylum												
235b9e71-1d2b-441c-a3e8-ea8f215fd6ba		https://inaturalist-open-data.s3.amazonaws.com/photos/41140843/medium.jpg					Painted Lady	true	A			Jenny Hazlehurst	513070	2019-06-06 13:21:45 UTC									Vanessa cardui		Painted Lady			Animalia	Arthropoda	Insecta	Lepidoptera	Nymphalidae	Nymphalinae	Vanessa	Vanessa												
b04712af-9f85-447f-a116-643ef0d1c231		https://inaturalist-open-data.s3.amazonaws.com/photos/41140877/medium.jpg					Copestylum violaceum	true	A			Jenny Hazlehurst	513070	2019-06-06 13:22:03 UTC									Copestylum violaceum					Animalia	Arthropoda	Insecta	Diptera	Syrphidae	Eristalinae	Copestylum	Copestylum												
5e1470bf-fbc9-4e5c-84b3-c0cced4e40f8		https://inaturalist-open-data.s3.amazonaws.com/photos/41140949/medium.jpeg					Crystalline ice plant	true	A			Jenny Hazlehurst	513070	2019-06-06 13:22:53 UTC									Mesembryanthemum crystallinum		Crystalline ice plant			Plantae	Tracheophyta	Magnoliopsida	Caryophyllales	Aizoaceae	Mesembryanthemoideae	Mesembryanthemum	Mesembryanthemum												
625dd9d6-d808-4580-90f9-84224109cfde		https://inaturalist-open-data.s3.amazonaws.com/photos/41140954/medium.jpg					Anthophora urbana clementina	true	A			Jenny Hazlehurst	513070	2019-06-06 13:23:01 UTC									Anthophora urbana clementina		San Clemente Digger Bee			Animalia	Arthropoda	Insecta	Hymenoptera	Apidae	Apinae	Anthophora	Anthophora												
b78ee392-f915-44be-b9d8-e9ce35df3a4b		https://inaturalist-open-data.s3.amazonaws.com/photos/41140972/medium.jpg					red sand-verbena	true	A			Jenny Hazlehurst	513070	2019-06-06 13:23:17 UTC									Abronia maritima		red sand-verbena			Plantae	Tracheophyta	Magnoliopsida	Caryophyllales	Nyctaginaceae		Abronia	Abronia												
abad213f-e498-43cf-a0b0-39a172865909		https://inaturalist-open-data.s3.amazonaws.com/photos/41140989/medium.jpg					Anthophora urbana clementina	true	A			Jenny Hazlehurst	513070	2019-06-06 13:23:31 UTC									Anthophora urbana clementina		San Clemente Digger Bee			Animalia	Arthropoda	Insecta	Hymenoptera	Apidae	Apinae	Anthophora	Anthophora												
a808d4d7-f7ba-494a-9bfa-b4383f996acc		https://inaturalist-open-data.s3.amazonaws.com/photos/41141013/medium.jpeg					Sea Rocket	true	A			Jenny Hazlehurst	513070	2019-06-06 13:23:46 UTC									Cakile maritima		European Searocket			Plantae	Tracheophyta	Magnoliopsida	Brassicales	Brassicaceae	Brassicoideae	Cakile	Cakile												
08f23242-534a-4ccf-8b18-441f04970089		https://inaturalist-open-data.s3.amazonaws.com/photos/41141021/medium.jpg					San Clemente Urbane Digger Bee	true	A			Jenny Hazlehurst	513070	2019-06-06 13:24:00 UTC									Anthophora urbana clementina		San Clemente Digger Bee			Animalia	Arthropoda	Insecta	Hymenoptera	Apidae	Apinae	Anthophora	Anthophora												
49cbf04f-7c39-449f-846b-2c8255bbfdeb		https://inaturalist-open-data.s3.amazonaws.com/photos/41141091/medium.jpeg					Island Tarplant	true	A			Jenny Hazlehurst	513070	2019-06-06 13:24:39 UTC									Deinandra clementina		Island Tarplant			Plantae	Tracheophyta	Magnoliopsida	Asterales	Asteraceae	Asteroideae	Deinandra	Deinandra												
e50b4336-d93e-4a06-b353-5b83054230c1		https://inaturalist-open-data.s3.amazonaws.com/photos/41141102/medium.jpg					San Clemente Sand Wasp	true	A			Jenny Hazlehurst	513070	2019-06-06 13:24:48 UTC									Bembix americana dugi		San Clemente Sand Wasp			Animalia	Arthropoda	Insecta	Hymenoptera	Crabronidae	Bembicinae	Bembix	Bembix												
55d73cc6-2121-4ed7-b8d8-ec289117dbf0		https://inaturalist-open-data.s3.amazonaws.com/photos/41141216/medium.jpeg					Coastal Pricklypear	true	A			Jenny Hazlehurst	513070	2019-06-06 13:26:36 UTC									Opuntia littoralis		Coastal Pricklypear			Plantae	Tracheophyta	Magnoliopsida	Caryophyllales	Cactaceae	Opuntioideae	Opuntia	Opuntia												
8fcb7752-1340-47f7-ac1e-67514d65bd22		https://inaturalist-open-data.s3.amazonaws.com/photos/41141329/medium.jpg					Bindweed Turret Bee	true	A			Jenny Hazlehurst	513070	2019-06-06 13:28:21 UTC									Diadasia bituberculata		Bindweed Turret Bee			Animalia	Arthropoda	Insecta	Hymenoptera	Apidae	Apinae	Diadasia	Diadasia												
ee7c1b91-f725-4359-87c7-fe9f6af79672		https://inaturalist-open-data.s3.amazonaws.com/photos/41195851/medium.jpeg					Eriophyllum confertiflorum confertiflorum	true	A			Casey H. Richart	34488	2019-06-07 00:34:03 UTC									Eriophyllum confertiflorum confertiflorum					Plantae	Tracheophyta	Magnoliopsida	Asterales	Asteraceae	Asteroideae	Eriophyllum	Eriophyllum												
71674a51-8ccf-4ca2-a6e2-9c2367190037		https://inaturalist-open-data.s3.amazonaws.com/photos/41195874/medium.jpeg					Eriophyllum confertiflorum confertiflorum	true	A			Casey H. Richart	34488	2019-06-07 00:34:23 UTC									Eriophyllum confertiflorum confertiflorum					Plantae	Tracheophyta	Magnoliopsida	Asterales	Asteraceae	Asteroideae	Eriophyllum	Eriophyllum												
5ebc2e93-92b6-4632-93a6-d9beed0cebbd		https://inaturalist-open-data.s3.amazonaws.com/photos/41195884/medium.jpeg					Eriophyllum confertiflorum confertiflorum	true	A			Casey H. Richart	34488	2019-06-07 00:34:34 UTC									Eriophyllum confertiflorum confertiflorum					Plantae	Tracheophyta	Magnoliopsida	Asterales	Asteraceae	Asteroideae	Eriophyllum	Eriophyllum												
4b9f6dea-3b3d-477f-aa14-683ca9c65390		https://inaturalist-open-data.s3.amazonaws.com/photos/41195896/medium.jpeg					Southern island morning-glory	true	A			Casey H. Richart	34488	2019-06-07 00:34:44 UTC									Calystegia macrostegia amplissima		Southern island morning-glory			Plantae	Tracheophyta	Magnoliopsida	Solanales	Convolvulaceae	Convolvuloideae	Calystegia	Calystegia												
d3df4187-e5f7-434f-973c-9be8196e4aa8		https://inaturalist-open-data.s3.amazonaws.com/photos/41195909/medium.jpeg					Southern island morning-glory	true	A			Casey H. Richart	34488	2019-06-07 00:34:55 UTC									Calystegia macrostegia amplissima		Southern island morning-glory			Plantae	Tracheophyta	Magnoliopsida	Solanales	Convolvulaceae	Convolvuloideae	Calystegia	Calystegia												
8d579078-df39-43f6-bcf0-79e04c00d2a3		https://inaturalist-open-data.s3.amazonaws.com/photos/41195938/medium.jpeg					Southern island morning-glory	true	A			Casey H. Richart	34488	2019-06-07 00:35:17 UTC									Calystegia macrostegia amplissima		Southern island morning-glory			Plantae	Tracheophyta	Magnoliopsida	Solanales	Convolvulaceae	Convolvuloideae	Calystegia	Calystegia												
99c1642e-6d1d-40f0-a946-d6174633a87a		https://inaturalist-open-data.s3.amazonaws.com/photos/41211872/medium.jpeg					Southern island morning-glory	true	A			Casey H. Richart	34488	2019-06-07 04:47:07 UTC									Calystegia macrostegia amplissima		Southern island morning-glory			Plantae	Tracheophyta	Magnoliopsida	Solanales	Convolvulaceae	Convolvuloideae	Calystegia	Calystegia												
1c06b913-b417-4cd7-bc3c-ff09b50b8414		https://inaturalist-open-data.s3.amazonaws.com/photos/41211894/medium.jpeg					Southern island morning-glory	true	A			Casey H. Richart	34488	2019-06-07 04:47:28 UTC									Calystegia macrostegia amplissima		Southern island morning-glory			Plantae	Tracheophyta	Magnoliopsida	Solanales	Convolvulaceae	Convolvuloideae	Calystegia	Calystegia												
e22bec40-e8a3-4e49-9ef0-6b2f581a507f		https://inaturalist-open-data.s3.amazonaws.com/photos/41212009/medium.jpeg					Coast Cholla	true	A			Casey H. Richart	34488	2019-06-07 04:49:21 UTC									Cylindropuntia prolifera		Coast Cholla			Plantae	Tracheophyta	Magnoliopsida	Caryophyllales	Cactaceae	Opuntioideae	Cylindropuntia	Cylindropuntia												
fa35b65c-1c80-4a6a-814d-515ac1a45360		https://inaturalist-open-data.s3.amazonaws.com/photos/41212069/medium.jpeg					Island Tarplant	true	A			Casey H. Richart	34488	2019-06-07 04:50:14 UTC									Deinandra clementina		Island Tarplant			Plantae	Tracheophyta	Magnoliopsida	Asterales	Asteraceae	Asteroideae	Deinandra	Deinandra												
aa3b7d9c-d07f-4c3b-a35e-b58ce6572042		https://inaturalist-open-data.s3.amazonaws.com/photos/41212078/medium.jpeg					Island Tarplant	true	A			Casey H. Richart	34488	2019-06-07 04:50:25 UTC									Deinandra clementina		Island Tarplant			Plantae	Tracheophyta	Magnoliopsida	Asterales	Asteraceae	Asteroideae	Deinandra	Deinandra												
464af6d3-997f-4ed0-8c0f-d1f0314ad1a7		https://inaturalist-open-data.s3.amazonaws.com/photos/41212111/medium.jpeg					Island Tarplant	true	A			Casey H. Richart	34488	2019-06-07 04:50:46 UTC									Deinandra clementina		Island Tarplant			Plantae	Tracheophyta	Magnoliopsida	Asterales	Asteraceae	Asteroideae	Deinandra	Deinandra												
dc6ba0a4-9806-4f75-afc2-70d399e28093		https://inaturalist-open-data.s3.amazonaws.com/photos/41212137/medium.jpeg					San Clemente Island buckwheat	true	A			Casey H. Richart	34488	2019-06-07 04:51:04 UTC									Eriogonum giganteum formosum		San Clemente Island buckwheat			Plantae	Tracheophyta	Magnoliopsida	Caryophyllales	Polygonaceae	Eriogonoideae	Eriogonum	Eriogonum												
0ab6a6bd-7f7f-49aa-9eb3-156592d29d96		https://inaturalist-open-data.s3.amazonaws.com/photos/41212152/medium.jpeg					San Clemente Island buckwheat	true	A			Casey H. Richart	34488	2019-06-07 04:51:16 UTC									Eriogonum giganteum formosum		San Clemente Island buckwheat			Plantae	Tracheophyta	Magnoliopsida	Caryophyllales	Polygonaceae	Eriogonoideae	Eriogonum	Eriogonum												
881687ab-4b04-41d5-9bb3-fa6e652c997d		https://inaturalist-open-data.s3.amazonaws.com/photos/41212287/medium.jpeg					Nevin's Woolly Sunflower	true	A			Casey H. Richart	34488	2019-06-07 04:53:01 UTC									Constancea nevinii		Nevin's Woolly Sunflower			Plantae	Tracheophyta	Magnoliopsida	Asterales	Asteraceae	Asteroideae	Constancea	Constancea												
ff07c0ac-d94d-4d96-8975-81a9d7432d58		https://inaturalist-open-data.s3.amazonaws.com/photos/41212330/medium.jpeg					Coast Cholla	true	A			Casey H. Richart	34488	2019-06-07 04:53:31 UTC									Cylindropuntia prolifera		Coast Cholla			Plantae	Tracheophyta	Magnoliopsida	Caryophyllales	Cactaceae	Opuntioideae	Cylindropuntia	Cylindropuntia												
cd82747c-0061-401f-9dba-d2a4f755e26f		https://inaturalist-open-data.s3.amazonaws.com/photos/41212347/medium.jpeg					Nevin's Woolly Sunflower	true	A			Casey H. Richart	34488	2019-06-07 04:53:44 UTC									Constancea nevinii		Nevin's Woolly Sunflower			Plantae	Tracheophyta	Magnoliopsida	Asterales	Asteraceae	Asteroideae	Constancea	Constancea												
b4c65add-9542-412b-8af5-bf167b31837b		https://inaturalist-open-data.s3.amazonaws.com/photos/41212409/medium.jpeg					Nevin's Woolly Sunflower	true	A			Casey H. Richart	34488	2019-06-07 04:54:44 UTC									Constancea nevinii		Nevin's Woolly Sunflower			Plantae	Tracheophyta	Magnoliopsida	Asterales	Asteraceae	Asteroideae	Constancea	Constancea												
fa78afea-20d3-4094-9820-052688faa138		https://inaturalist-open-data.s3.amazonaws.com/photos/41212475/medium.jpeg					Golden-spined Cereus	true	A			Casey H. Richart	34488	2019-06-07 04:55:48 UTC									Bergerocactus emoryi		Golden-spined Cereus			Plantae	Tracheophyta	Magnoliopsida	Caryophyllales	Cactaceae	Cactoideae	Bergerocactus	Bergerocactus												
0cdc05c9-cf54-495b-b947-54b12971d193		https://inaturalist-open-data.s3.amazonaws.com/photos/41212505/medium.jpeg					Island Tarplant	true	A			Casey H. Richart	34488	2019-06-07 04:56:10 UTC									Deinandra clementina		Island Tarplant			Plantae	Tracheophyta	Magnoliopsida	Asterales	Asteraceae	Asteroideae	Deinandra	Deinandra												
8207e2d2-e412-427c-bec0-a1077416abc0		https://inaturalist-open-data.s3.amazonaws.com/photos/41212520/medium.jpeg					Island Tarplant	true	A			Casey H. Richart	34488	2019-06-07 04:56:25 UTC									Deinandra clementina		Island Tarplant			Plantae	Tracheophyta	Magnoliopsida	Asterales	Asteraceae	Asteroideae	Deinandra	Deinandra												
2e816882-829c-420d-81ee-a3c622044ad7		https://inaturalist-open-data.s3.amazonaws.com/photos/41212812/medium.jpeg					Nevin's Woolly Sunflower	true	A			Casey H. Richart	34488	2019-06-07 05:02:43 UTC									Constancea nevinii		Nevin's Woolly Sunflower			Plantae	Tracheophyta	Magnoliopsida	Asterales	Asteraceae	Asteroideae	Constancea	Constancea												
e275ea9f-1b77-4bc8-83ba-12cdb4e0234b		https://inaturalist-open-data.s3.amazonaws.com/photos/41212834/medium.jpeg					Green liveforever	true	A			Casey H. Richart	34488	2019-06-07 05:03:23 UTC									Dudleya virens		Green liveforever			Plantae	Tracheophyta	Magnoliopsida	Saxifragales	Crassulaceae	Sempervivoideae	Dudleya	Dudleya												
3c72e98a-fde5-400c-aba6-02d1bdb92a14		https://inaturalist-open-data.s3.amazonaws.com/photos/41212844/medium.jpeg					Green liveforever	true	A			Casey H. Richart	34488	2019-06-07 05:03:41 UTC									Dudleya virens		Green liveforever			Plantae	Tracheophyta	Magnoliopsida	Saxifragales	Crassulaceae	Sempervivoideae	Dudleya	Dudleya												
3eeb34a6-3377-4dd4-9083-6a7203d7e1f3		https://inaturalist-open-data.s3.amazonaws.com/photos/41212851/medium.jpeg					bright green dudleya	true	A			Casey H. Richart	34488	2019-06-07 05:03:57 UTC									Dudleya virens virens		bright green dudleya			Plantae	Tracheophyta	Magnoliopsida	Saxifragales	Crassulaceae	Sempervivoideae	Dudleya	Dudleya												
6b6fec0c-76fc-435d-b74b-9395dc39d00f		https://inaturalist-open-data.s3.amazonaws.com/photos/41212857/medium.jpeg					bright green dudleya	true	A			Casey H. Richart	34488	2019-06-07 05:04:07 UTC									Dudleya virens virens		bright green dudleya			Plantae	Tracheophyta	Magnoliopsida	Saxifragales	Crassulaceae	Sempervivoideae	Dudleya	Dudleya												
679c727e-a7f4-41c0-b182-d875dd8f5f0b		https://inaturalist-open-data.s3.amazonaws.com/photos/41212990/medium.jpg					Yellow-spotted Bromeliad Fly	true	A			Casey H. Richart	34488	2019-06-07 05:07:21 UTC									Copestylum avidum		Yellow-spotted Bromeliad Fly			Animalia	Arthropoda	Insecta	Diptera	Syrphidae	Eristalinae	Copestylum	Copestylum												
3288f3ff-9302-4bbc-890a-bdaa54e30af1		https://inaturalist-open-data.s3.amazonaws.com/photos/41213029/medium.jpg					Yellow-spotted Bromeliad Fly	true	A			Casey H. Richart	34488	2019-06-07 05:08:00 UTC									Copestylum avidum		Yellow-spotted Bromeliad Fly			Animalia	Arthropoda	Insecta	Diptera	Syrphidae	Eristalinae	Copestylum	Copestylum												
10fad6bc-e0f3-48fd-8bec-659cc3b51863		https://inaturalist-open-data.s3.amazonaws.com/photos/41213046/medium.jpg					Copestylum lentum	true	A			Casey H. Richart	34488	2019-06-07 05:08:17 UTC									Copestylum lentum					Animalia	Arthropoda	Insecta	Diptera	Syrphidae	Eristalinae	Copestylum	Copestylum												
c0e86295-fcc6-49e2-8041-8902a0022b07		https://inaturalist-open-data.s3.amazonaws.com/photos/41213052/medium.jpg					Purple Bromeliad Fly	true	A			Casey H. Richart	34488	2019-06-07 05:08:26 UTC									Copestylum violaceum		Purple Bromeliad Fly			Animalia	Arthropoda	Insecta	Diptera	Syrphidae	Eristalinae	Copestylum	Copestylum												
6c533bf1-486d-436d-8857-c05030fce22c		https://inaturalist-open-data.s3.amazonaws.com/photos/41213067/medium.jpg					Copestylum lentum	true	A			Casey H. Richart	34488	2019-06-07 05:08:42 UTC									Copestylum lentum					Animalia	Arthropoda	Insecta	Diptera	Syrphidae	Eristalinae	Copestylum	Copestylum												
c2458d37-98ed-4681-a4a3-76fa9c95bb80		https://inaturalist-open-data.s3.amazonaws.com/photos/41213074/medium.jpg					Anthophora urbana clementina	true	A			Casey H. Richart	34488	2019-06-07 05:08:50 UTC									Anthophora urbana clementina		San Clemente Digger Bee			Animalia	Arthropoda	Insecta	Hymenoptera	Apidae	Apinae	Anthophora	Anthophora												
87d3ed02-d9aa-4f91-9939-dabdde1ae144		https://inaturalist-open-data.s3.amazonaws.com/photos/41213092/medium.jpg					Exotic Stripetail	true	A			Casey H. Richart	34488	2019-06-07 05:09:17 UTC									Allograpta exotica		Exotic Streaktail			Animalia	Arthropoda	Insecta	Diptera	Syrphidae	Syrphinae	Allograpta	Allograpta												
7fe890bd-5270-405f-9bca-f0ef60f9705e		https://inaturalist-open-data.s3.amazonaws.com/photos/41213114/medium.jpg					Mexican Cactus Fly	true	A			Casey H. Richart	34488	2019-06-07 05:09:39 UTC									Copestylum mexicanum		Mexican Cactus Fly			Animalia	Arthropoda	Insecta	Diptera	Syrphidae	Eristalinae	Copestylum	Copestylum												
de4b378d-d0bd-41d6-92ab-39d2c9f0ca7a		https://inaturalist-open-data.s3.amazonaws.com/photos/41213123/medium.jpg					Copestylum lentum	true	A			Casey H. Richart	34488	2019-06-07 05:09:54 UTC									Copestylum lentum					Animalia	Arthropoda	Insecta	Diptera	Syrphidae	Eristalinae	Copestylum	Copestylum												
568a33b6-8d8c-4f60-8065-6bffcf263a28		https://inaturalist-open-data.s3.amazonaws.com/photos/41213133/medium.jpeg					Green liveforever	true	A			Casey H. Richart	34488	2019-06-07 05:10:04 UTC									Dudleya virens		Green liveforever			Plantae	Tracheophyta	Magnoliopsida	Saxifragales	Crassulaceae	Sempervivoideae	Dudleya	Dudleya												
4f842413-9197-44bd-9d56-cb7ca0b93cd6		https://inaturalist-open-data.s3.amazonaws.com/photos/41213140/medium.jpg					Copestylum lentum	true	A			Casey H. Richart	34488	2019-06-07 05:10:15 UTC									Copestylum lentum					Animalia	Arthropoda	Insecta	Diptera	Syrphidae	Eristalinae	Copestylum	Copestylum												
56bb8186-2be6-40d7-b1b9-34653079c292		https://inaturalist-open-data.s3.amazonaws.com/photos/41213385/medium.jpeg					Island Tarplant	true	A			Casey H. Richart	34488	2019-06-07 05:16:30 UTC									Deinandra clementina		Island Tarplant			Plantae	Tracheophyta	Magnoliopsida	Asterales	Asteraceae	Asteroideae	Deinandra	Deinandra												
0c3ed716-c20e-4f88-adeb-951507586c1e		https://inaturalist-open-data.s3.amazonaws.com/photos/41213402/medium.jpg					leafy malacothrix	true	A			Casey H. Richart	34488	2019-06-07 05:16:58 UTC									Malacothrix foliosa foliosa		leafy malacothrix			Plantae	Tracheophyta	Magnoliopsida	Asterales	Asteraceae	Cichorioideae	Malacothrix	Malacothrix												
b271da08-104e-4579-9bfb-13af8ee2522d		https://inaturalist-open-data.s3.amazonaws.com/photos/41213726/medium.jpg					Copestylum lentum	true	A			Casey H. Richart	34488	2019-06-07 05:24:53 UTC									Copestylum lentum					Animalia	Arthropoda	Insecta	Diptera	Syrphidae	Eristalinae	Copestylum	Copestylum												
d373e386-83c4-477a-a1e1-f2b039590ae5		https://inaturalist-open-data.s3.amazonaws.com/photos/41213781/medium.jpg					Nausigaster unimaculata	true	A			Casey H. Richart	34488	2019-06-07 05:25:57 UTC									Nausigaster unimaculata		Single-spotted Dimpleback			Animalia	Arthropoda	Insecta	Diptera	Syrphidae	Eristalinae	Nausigaster	Nausigaster												
0d4bb937-6945-4b21-83a1-58a46715a191		https://inaturalist-open-data.s3.amazonaws.com/photos/41213839/medium.jpeg					Copestylum lentum	true	A			Casey H. Richart	34488	2019-06-07 05:26:57 UTC									Copestylum lentum					Animalia	Arthropoda	Insecta	Diptera	Syrphidae	Eristalinae	Copestylum	Copestylum												
83c88b80-fa93-47bc-9c68-afda2aa16e02		https://inaturalist-open-data.s3.amazonaws.com/photos/41213864/medium.jpg					Copestylum lentum	true	A			Casey H. Richart	34488	2019-06-07 05:27:32 UTC									Copestylum lentum					Animalia	Arthropoda	Insecta	Diptera	Syrphidae	Eristalinae	Copestylum	Copestylum												
49c25c16-45c4-44d5-8397-164165a3081e		https://inaturalist-open-data.s3.amazonaws.com/photos/41213899/medium.jpg					Nausigaster unimaculata	true	A			Casey H. Richart	34488	2019-06-07 05:28:08 UTC									Nausigaster unimaculata		Single-spotted Dimpleback			Animalia	Arthropoda	Insecta	Diptera	Syrphidae	Eristalinae	Nausigaster	Nausigaster												
8c104d8f-05d3-4496-988c-7a84f90e037e		https://inaturalist-open-data.s3.amazonaws.com/photos/41213905/medium.jpg					Copestylum lentum	true	A			Casey H. Richart	34488	2019-06-07 05:28:16 UTC									Copestylum lentum					Animalia	Arthropoda	Insecta	Diptera	Syrphidae	Eristalinae	Copestylum	Copestylum												
028a1a37-c9cf-41d3-b19f-7a1df22a82e8		https://inaturalist-open-data.s3.amazonaws.com/photos/41213923/medium.jpg					Copestylum violaceum	true	A			Casey H. Richart	34488	2019-06-07 05:28:33 UTC									Copestylum violaceum					Animalia	Arthropoda	Insecta	Diptera	Syrphidae	Eristalinae	Copestylum	Copestylum												
af26b00f-b674-4bc6-a8ff-4438b2d246a3		https://inaturalist-open-data.s3.amazonaws.com/photos/41213929/medium.jpg					Yellow-spotted Bromeliad Fly	true	A			Casey H. Richart	34488	2019-06-07 05:28:45 UTC									Copestylum avidum		Yellow-spotted Bromeliad Fly			Animalia	Arthropoda	Insecta	Diptera	Syrphidae	Eristalinae	Copestylum	Copestylum												
6f4eaa80-31da-458a-9592-f233da80f1e8		https://inaturalist-open-data.s3.amazonaws.com/photos/41213949/medium.jpeg					Yellow-spotted Bromeliad Fly	true	A			Casey H. Richart	34488	2019-06-07 05:29:04 UTC									Copestylum avidum		Yellow-spotted Bromeliad Fly			Animalia	Arthropoda	Insecta	Diptera	Syrphidae	Eristalinae	Copestylum	Copestylum												
5175bab7-0166-4062-8f90-604d35f5f69d		https://inaturalist-open-data.s3.amazonaws.com/photos/41214087/medium.jpeg					Island Tarplant	true	A			Casey H. Richart	34488	2019-06-07 05:32:13 UTC									Deinandra clementina		Island Tarplant			Plantae	Tracheophyta	Magnoliopsida	Asterales	Asteraceae	Asteroideae	Deinandra	Deinandra												
3496e152-23ee-4e29-9bea-1742a790a9d2		https://inaturalist-open-data.s3.amazonaws.com/photos/41214092/medium.jpg					Diadasia bituberculata	true	A			Casey H. Richart	34488	2019-06-07 05:32:38 UTC									Diadasia bituberculata		Bindweed Turret Bee			Animalia	Arthropoda	Insecta	Hymenoptera	Apidae	Apinae	Diadasia	Diadasia												
9e253809-e595-4b86-a6f7-fb2e64a6b032		https://inaturalist-open-data.s3.amazonaws.com/photos/41214109/medium.jpg					Diadasia bituberculata	true	A			Casey H. Richart	34488	2019-06-07 05:33:18 UTC									Diadasia bituberculata		Bindweed Turret Bee			Animalia	Arthropoda	Insecta	Hymenoptera	Apidae	Apinae	Diadasia	Diadasia												
2908df0a-b17a-4cbc-8061-2c81a44ad82e		https://inaturalist-open-data.s3.amazonaws.com/photos/41214135/medium.jpeg					Mexican Cactus Fly	true	A			Casey H. Richart	34488	2019-06-07 05:34:00 UTC									Copestylum mexicanum		Mexican Cactus Fly			Animalia	Arthropoda	Insecta	Diptera	Syrphidae	Eristalinae	Copestylum	Copestylum												
6ef2b85d-75da-4d7f-9d00-8569bf23f5f5		https://inaturalist-open-data.s3.amazonaws.com/photos/41214140/medium.jpeg					Gray Hairstreak	true	A			Casey H. Richart	34488	2019-06-07 05:34:10 UTC									Strymon melinus		Gray Hairstreak			Animalia	Arthropoda	Insecta	Lepidoptera	Lycaenidae	Theclinae	Strymon	Strymon												
cbc7ee4b-57ba-4750-8fc9-a950960fa1e8		https://inaturalist-open-data.s3.amazonaws.com/photos/41214153/medium.jpg					Diadasia bituberculata	true	A			Casey H. Richart	34488	2019-06-07 05:34:27 UTC									Diadasia bituberculata		Bindweed Turret Bee			Animalia	Arthropoda	Insecta	Hymenoptera	Apidae	Apinae	Diadasia	Diadasia												
892202ab-9ca2-4516-9009-46f30c879ea3		https://inaturalist-open-data.s3.amazonaws.com/photos/43975396/medium.jpeg					Island Tarplant	true	A			Casey H. Richart	34488	2019-07-05 07:14:15 UTC									Deinandra clementina		Island Tarplant			Plantae	Tracheophyta	Magnoliopsida	Asterales	Asteraceae	Asteroideae	Deinandra	Deinandra												
9042dd1d-7038-43a1-b266-3bbf24afc896		https://inaturalist-open-data.s3.amazonaws.com/photos/41214163/medium.jpeg					Diadasia bituberculata	true	A			Casey H. Richart	34488	2019-06-07 05:34:39 UTC									Diadasia bituberculata		Bindweed Turret Bee			Animalia	Arthropoda	Insecta	Hymenoptera	Apidae	Apinae	Diadasia	Diadasia												
b766f854-284e-4f8e-a222-a4fb07305831		https://inaturalist-open-data.s3.amazonaws.com/photos/41214174/medium.jpeg					Diadasia bituberculata	true	A			Casey H. Richart	34488	2019-06-07 05:35:06 UTC									Diadasia bituberculata		Bindweed Turret Bee			Animalia	Arthropoda	Insecta	Hymenoptera	Apidae	Apinae	Diadasia	Diadasia												
aa40ddaa-ee5b-448e-a1d1-c1679b3d3029		https://inaturalist-open-data.s3.amazonaws.com/photos/41214180/medium.jpg					Copestylum lentum	true	A			Casey H. Richart	34488	2019-06-07 05:35:21 UTC									Copestylum lentum					Animalia	Arthropoda	Insecta	Diptera	Syrphidae	Eristalinae	Copestylum	Copestylum												
193b91fe-c9be-43e3-a31b-92a7677644bd		https://inaturalist-open-data.s3.amazonaws.com/photos/41214196/medium.jpg					Black Blow Fly	true	A			Casey H. Richart	34488	2019-06-07 05:35:49 UTC									Phormia regina		Black Blow Fly			Animalia	Arthropoda	Insecta	Diptera	Calliphoridae	Chrysomyinae	Phormia	Phormia												
117ccc47-0dd7-4143-842e-fd1ab3d061ce		https://inaturalist-open-data.s3.amazonaws.com/photos/41214214/medium.jpg					Copestylum lentum	true	A			Casey H. Richart	34488	2019-06-07 05:36:11 UTC									Copestylum lentum					Animalia	Arthropoda	Insecta	Diptera	Syrphidae	Eristalinae	Copestylum	Copestylum												
13e73359-6300-415c-92e6-37c121ef4d1c		https://inaturalist-open-data.s3.amazonaws.com/photos/41214215/medium.jpg					Copestylum marginatum	true	A			Casey H. Richart	34488	2019-06-07 05:36:20 UTC									Copestylum marginatum					Animalia	Arthropoda	Insecta	Diptera	Syrphidae	Eristalinae	Copestylum	Copestylum												
7f9c5d2e-cc70-46e4-a96d-ffd041355f4c		https://inaturalist-open-data.s3.amazonaws.com/photos/41214224/medium.jpeg					Southern island morning-glory	true	A			Casey H. Richart	34488	2019-06-07 05:36:27 UTC									Calystegia macrostegia amplissima		Southern island morning-glory			Plantae	Tracheophyta	Magnoliopsida	Solanales	Convolvulaceae	Convolvuloideae	Calystegia	Calystegia												
520921a2-8878-4f73-b2bc-bfb59119b3a5		https://inaturalist-open-data.s3.amazonaws.com/photos/41214231/medium.jpeg					Diadasia bituberculata	true	A			Casey H. Richart	34488	2019-06-07 05:36:37 UTC									Diadasia bituberculata		Bindweed Turret Bee			Animalia	Arthropoda	Insecta	Hymenoptera	Apidae	Apinae	Diadasia	Diadasia												
9684b7d0-1c0f-414f-a490-05fba32b97f8		https://inaturalist-open-data.s3.amazonaws.com/photos/41214238/medium.jpg					Copestylum lentum	true	A			Casey H. Richart	34488	2019-06-07 05:36:46 UTC									Copestylum lentum					Animalia	Arthropoda	Insecta	Diptera	Syrphidae	Eristalinae	Copestylum	Copestylum												
9d8af30c-3ef5-465d-afab-cb0770369aba		https://inaturalist-open-data.s3.amazonaws.com/photos/41266363/medium.jpeg					Tripartite Sweat Bee	true	A			Jenny Hazlehurst	513070	2019-06-07 20:41:24 UTC									Halictus tripartitus		Tripartite Sweat Bee			Animalia	Arthropoda	Insecta	Hymenoptera	Halictidae	Halictinae	Halictus	Halictus												
06025cdd-d66c-4694-a798-9c519d776696		https://inaturalist-open-data.s3.amazonaws.com/photos/32820616/medium.jpeg					Copestylum lentum	true	A			Casey H. Richart	34488	2019-06-10 17:24:34 UTC									Copestylum lentum					Animalia	Arthropoda	Insecta	Diptera	Syrphidae	Eristalinae	Copestylum	Copestylum												
c931b2ea-7d6f-4343-8a8c-f97920e1dbc3		https://inaturalist-open-data.s3.amazonaws.com/photos/41033534/medium.jpg					coast morning glory	true	A			Stephanie Calloway	195291	2019-06-16 16:43:32 UTC									Calystegia macrostegia		coast morning glory			Plantae	Tracheophyta	Magnoliopsida	Solanales	Convolvulaceae	Convolvuloideae	Calystegia	Calystegia												
8e596662-583b-4b2d-ab1a-37b6d13e3dff		https://inaturalist-open-data.s3.amazonaws.com/photos/42717148/medium.jpeg					Santa Cruz Island ironwood	true	A			Jenny Hazlehurst	513070	2019-06-22 19:31:00 UTC									Lyonothamnus floribundus aspleniifolius		Santa Cruz Island ironwood			Plantae	Tracheophyta	Magnoliopsida	Rosales	Rosaceae	Amygdaloideae	Lyonothamnus	Lyonothamnus												
7263199e-15a7-428a-ad4e-93b998d1d025		https://inaturalist-open-data.s3.amazonaws.com/photos/42719075/medium.jpeg					Island Tarplant	true	A			Jenny Hazlehurst	513070	2019-06-22 19:47:31 UTC									Deinandra clementina		Island Tarplant			Plantae	Tracheophyta	Magnoliopsida	Asterales	Asteraceae	Asteroideae	Deinandra	Deinandra												
8e6a488d-02d5-421a-9acb-834b00d3252b		https://inaturalist-open-data.s3.amazonaws.com/photos/41140843/medium.jpg					San Clemente Island bush-mallow	true	A			Jenny Hazlehurst	513070	2019-06-22 19:53:47 UTC									Malacothamnus clementinus		San Clemente Island bushmallow			Plantae	Tracheophyta	Magnoliopsida	Malvales	Malvaceae	Malvoideae	Malacothamnus	Malacothamnus												
17658327-3fdc-453d-a03b-ee72b68a37a0		https://inaturalist-open-data.s3.amazonaws.com/photos/42723984/medium.jpg					island morning-glory	true	A			Jenny Hazlehurst	513070	2019-06-22 20:29:54 UTC									Calystegia macrostegia amplissima		Southern island morning-glory			Plantae	Tracheophyta	Magnoliopsida	Solanales	Convolvulaceae	Convolvuloideae	Calystegia	Calystegia												
c06d9d63-aadc-475a-8f26-83f4696ef30e		https://inaturalist-open-data.s3.amazonaws.com/photos/42922690/medium.jpeg					Tripartite Sweat Bee	true	A			Jenny Hazlehurst	513070	2019-06-24 16:54:40 UTC									Halictus tripartitus		Tripartite Sweat Bee			Animalia	Arthropoda	Insecta	Hymenoptera	Halictidae	Halictinae	Halictus	Halictus												
7d985178-3bad-4d25-a865-af7264930c52		https://inaturalist-open-data.s3.amazonaws.com/photos/43975157/medium.jpeg					island morning-glory	true	A			Casey H. Richart	34488	2019-07-05 07:05:33 UTC									Calystegia macrostegia amplissima		Southern island morning-glory			Plantae	Tracheophyta	Magnoliopsida	Solanales	Convolvulaceae	Convolvuloideae	Calystegia	Calystegia												
2eb5b071-e588-4ead-bc44-3db48b747363		https://inaturalist-open-data.s3.amazonaws.com/photos/43975202/medium.jpeg					San Clemente Island brodiaea	true	A			Casey H. Richart	34488	2019-07-05 07:07:10 UTC									Brodiaea kinkiensis		San Clemente Island brodiaea			Plantae	Tracheophyta	Liliopsida	Asparagales	Asparagaceae	Brodiaeoideae	Brodiaea	Brodiaea												
cc7d5ac7-3a3a-4d4b-b1d2-79d665026f9c		https://inaturalist-open-data.s3.amazonaws.com/photos/43975225/medium.jpeg					San Clemente Island buckwheat	true	A			Casey H. Richart	34488	2019-07-05 07:08:25 UTC									Eriogonum giganteum formosum		San Clemente Island buckwheat			Plantae	Tracheophyta	Magnoliopsida	Caryophyllales	Polygonaceae	Eriogonoideae	Eriogonum	Eriogonum												
9e5073d9-1680-42c8-8710-08ca10e3e22f		https://inaturalist-open-data.s3.amazonaws.com/photos/43975227/medium.jpeg					San Clemente Island buckwheat	true	A			Casey H. Richart	34488	2019-07-05 07:08:34 UTC									Eriogonum giganteum formosum		San Clemente Island buckwheat			Plantae	Tracheophyta	Magnoliopsida	Caryophyllales	Polygonaceae	Eriogonoideae	Eriogonum	Eriogonum												
9bb156a3-bbd4-4bc4-b42f-470685aad068		https://inaturalist-open-data.s3.amazonaws.com/photos/43975229/medium.jpeg					San Clemente Island buckwheat	true	A			Casey H. Richart	34488	2019-07-05 07:08:44 UTC									Eriogonum giganteum formosum		San Clemente Island buckwheat			Plantae	Tracheophyta	Magnoliopsida	Caryophyllales	Polygonaceae	Eriogonoideae	Eriogonum	Eriogonum												
ee75783e-74eb-4744-ad13-2438ae3f9695		https://inaturalist-open-data.s3.amazonaws.com/photos/43975254/medium.jpeg					Island Tarplant	true	A			Casey H. Richart	34488	2019-07-05 07:09:32 UTC									Deinandra clementina		Island Tarplant			Plantae	Tracheophyta	Magnoliopsida	Asterales	Asteraceae	Asteroideae	Deinandra	Deinandra												
b8745c3a-52ec-42fd-8e31-fe94618e2e38		https://inaturalist-open-data.s3.amazonaws.com/photos/43975261/medium.jpeg					Island Tarplant	true	A			Casey H. Richart	34488	2019-07-05 07:09:51 UTC									Deinandra clementina		Island Tarplant			Plantae	Tracheophyta	Magnoliopsida	Asterales	Asteraceae	Asteroideae	Deinandra	Deinandra												
0cf74d77-342b-4428-a8bf-9f00184fe7f4		https://inaturalist-open-data.s3.amazonaws.com/photos/43975285/medium.jpeg					coastal prickly pear	true	A			Casey H. Richart	34488	2019-07-05 07:10:33 UTC									Opuntia littoralis		Coastal Pricklypear			Plantae	Tracheophyta	Magnoliopsida	Caryophyllales	Cactaceae	Opuntioideae	Opuntia	Opuntia												
08b671b7-a65d-4e12-a0d7-850ff9d5a504		https://inaturalist-open-data.s3.amazonaws.com/photos/43975343/medium.jpeg					Nevin's Woolly Sunflower	true	A			Casey H. Richart	34488	2019-07-05 07:12:26 UTC									Constancea nevinii		Nevin's Woolly Sunflower			Plantae	Tracheophyta	Magnoliopsida	Asterales	Asteraceae	Asteroideae	Constancea	Constancea												
a5fc1d8d-9a2c-41a4-ad74-15cf30a319dc		https://inaturalist-open-data.s3.amazonaws.com/photos/43975715/medium.jpeg					Nevin's Woolly Sunflower	true	A			Casey H. Richart	34488	2019-07-05 07:24:52 UTC									Constancea nevinii		Nevin's Woolly Sunflower			Plantae	Tracheophyta	Magnoliopsida	Asterales	Asteraceae	Asteroideae	Constancea	Constancea												
2f1b1a32-ce6c-4f60-9cb8-e6e10f4c269a		https://inaturalist-open-data.s3.amazonaws.com/photos/43975720/medium.jpeg					Nevin's Woolly Sunflower	true	A			Casey H. Richart	34488	2019-07-05 07:25:05 UTC									Constancea nevinii		Nevin's Woolly Sunflower			Plantae	Tracheophyta	Magnoliopsida	Asterales	Asteraceae	Asteroideae	Constancea	Constancea												
27ef6d65-3dec-4c7d-b29d-a508936d84a9		https://inaturalist-open-data.s3.amazonaws.com/photos/43975726/medium.jpeg					Nevin's Woolly Sunflower	true	A			Casey H. Richart	34488	2019-07-05 07:25:15 UTC									Constancea nevinii		Nevin's Woolly Sunflower			Plantae	Tracheophyta	Magnoliopsida	Asterales	Asteraceae	Asteroideae	Constancea	Constancea												
93135c03-349a-4039-b3d6-6160aa68e189		https://inaturalist-open-data.s3.amazonaws.com/photos/43975925/medium.jpeg					Coastal Gum Plant	true	A			Casey H. Richart	34488	2019-07-05 07:30:22 UTC									Grindelia camporum		Great Valley gumweed			Plantae	Tracheophyta	Magnoliopsida	Asterales	Asteraceae	Asteroideae	Grindelia	Grindelia												
8b8341ff-5a8c-4d43-a783-5389484b0390		https://inaturalist-open-data.s3.amazonaws.com/photos/43975976/medium.jpg					Copestylum lentum	true	A			Casey H. Richart	34488	2019-07-05 07:32:14 UTC									Copestylum lentum					Animalia	Arthropoda	Insecta	Diptera	Syrphidae	Eristalinae	Copestylum	Copestylum												
523ccc26-6ae3-49c5-a493-dedfcae33a12		https://inaturalist-open-data.s3.amazonaws.com/photos/43975989/medium.jpg					Ammophila azteca clemente	true	A			Casey H. Richart	34488	2019-07-05 07:32:39 UTC									Ammophila azteca clemente					Animalia	Arthropoda	Insecta	Hymenoptera	Sphecidae	Ammophilinae	Ammophila	Ammophila												
477cbc85-a3a6-46cc-a971-ac20303cd75f		https://inaturalist-open-data.s3.amazonaws.com/photos/43976105/medium.jpeg					Nevin's Woolly Sunflower	true	A			Casey H. Richart	34488	2019-07-05 07:35:41 UTC									Constancea nevinii		Nevin's Woolly Sunflower			Plantae	Tracheophyta	Magnoliopsida	Asterales	Asteraceae	Asteroideae	Constancea	Constancea												
42fe9914-4eb3-4522-978e-8489464fd2c8		https://inaturalist-open-data.s3.amazonaws.com/photos/43976108/medium.jpg					Anthophora urbana clementina	true	A			Casey H. Richart	34488	2019-07-05 07:35:50 UTC									Anthophora urbana clementina		San Clemente Digger Bee			Animalia	Arthropoda	Insecta	Hymenoptera	Apidae	Apinae	Anthophora	Anthophora												
f3b5b10c-ceb1-429b-ac05-52c32cebaa87		https://inaturalist-open-data.s3.amazonaws.com/photos/43976715/medium.jpg					Sunflower Seed Maggot	true	A			Casey H. Richart	34488	2019-07-05 07:53:13 UTC									Neotephritis finalis		Sunflower Seed Maggot			Animalia	Arthropoda	Insecta	Diptera	Tephritidae	Tephritinae	Neotephritis	Neotephritis												
3ef84d97-6d3c-4af9-8d04-35c0e105f27a		https://inaturalist-open-data.s3.amazonaws.com/photos/43976730/medium.jpg					Copestylum violaceum	true	A			Casey H. Richart	34488	2019-07-05 07:53:29 UTC									Copestylum mexicanum		Mexican Cactus Fly			Animalia	Arthropoda	Insecta	Diptera	Syrphidae	Eristalinae	Copestylum	Copestylum												
7b911ae8-c44e-48bd-8277-07f8ae126669		https://inaturalist-open-data.s3.amazonaws.com/photos/43990690/medium.jpg					Copestylum lentum	true	A			Casey H. Richart	34488	2019-07-05 14:03:57 UTC									Copestylum lentum					Animalia	Arthropoda	Insecta	Diptera	Syrphidae	Eristalinae	Copestylum	Copestylum												
5c4a2335-d36e-4ffe-a141-e005e048d72b		https://inaturalist-open-data.s3.amazonaws.com/photos/43991189/medium.jpg					Exotic Stripetail	true	A			Casey H. Richart	34488	2019-07-05 14:09:32 UTC									Allograpta exotica		Exotic Streaktail			Animalia	Arthropoda	Insecta	Diptera	Syrphidae	Syrphinae	Allograpta	Allograpta												
9c125927-e663-494d-bf84-9be793fb17a8		https://inaturalist-open-data.s3.amazonaws.com/photos/43991213/medium.jpeg					Nevin's Woolly Sunflower	true	A			Casey H. Richart	34488	2019-07-05 14:09:45 UTC									Constancea nevinii		Nevin's Woolly Sunflower			Plantae	Tracheophyta	Magnoliopsida	Asterales	Asteraceae	Asteroideae	Constancea	Constancea												
fa19d930-998d-4714-8aca-75630bfab7e9		https://inaturalist-open-data.s3.amazonaws.com/photos/43991370/medium.jpeg					Shortpod Mustard	true	A			Casey H. Richart	34488	2019-07-05 14:11:39 UTC									Hirschfeldia incana		Shortpod Mustard			Plantae	Tracheophyta	Magnoliopsida	Brassicales	Brassicaceae	Brassicoideae	Hirschfeldia	Hirschfeldia												
77918e04-bd6f-4f5d-b38a-bde3fb0e24d2		https://inaturalist-open-data.s3.amazonaws.com/photos/43991385/medium.jpg					Oblique Stripetail	true	A			Casey H. Richart	34488	2019-07-05 14:11:54 UTC									Allograpta obliqua		Oblique Streaktail			Animalia	Arthropoda	Insecta	Diptera	Syrphidae	Syrphinae	Allograpta	Allograpta												
fc06e313-2fbf-4e37-b14c-d5ec2ff88b4b		https://inaturalist-open-data.s3.amazonaws.com/photos/43991552/medium.jpg					Stripetails	true	A			Casey H. Richart	34488	2019-07-05 14:13:58 UTC									Allograpta		Streaktails			Animalia	Arthropoda	Insecta	Diptera	Syrphidae	Syrphinae	Allograpta	Allograpta												
9e990fd6-f671-4a75-ad75-3ffdaa836b5a		https://inaturalist-open-data.s3.amazonaws.com/photos/43991568/medium.jpg					common yarrow	true	A			Casey H. Richart	34488	2019-07-05 14:14:16 UTC									Achillea millefolium		common yarrow			Plantae	Tracheophyta	Magnoliopsida	Asterales	Asteraceae	Asteroideae	Achillea	Achillea												
6f6e13e7-eeb2-4a60-abff-fb4b571e44a9		https://inaturalist-open-data.s3.amazonaws.com/photos/43991743/medium.jpg					Diadasia bituberculata	true	A			Casey H. Richart	34488	2019-07-05 14:16:19 UTC									Diadasia bituberculata		Bindweed Turret Bee			Animalia	Arthropoda	Insecta	Hymenoptera	Apidae	Apinae	Diadasia	Diadasia												
747ebf87-3c16-4692-a4bb-a28e60ca0b9b		https://inaturalist-open-data.s3.amazonaws.com/photos/43992184/medium.jpeg					San Miguel Island milkvetch	true	A			Casey H. Richart	34488	2019-07-05 14:22:18 UTC									Astragalus miguelensis		San Miguel Island milkvetch			Plantae	Tracheophyta	Magnoliopsida	Fabales	Fabaceae	Faboideae	Astragalus	Astragalus												
9c8e5da8-3176-44e1-b0c7-ba90cbe0fcc2		https://inaturalist-open-data.s3.amazonaws.com/photos/43992190/medium.jpg					Anthophora urbana clementina	true	A			Casey H. Richart	34488	2019-07-05 14:22:29 UTC									Anthophora urbana clementina		San Clemente Digger Bee			Animalia	Arthropoda	Insecta	Hymenoptera	Apidae	Apinae	Anthophora	Anthophora												
931940ac-eacc-4039-b91b-f5306597e828		https://inaturalist-open-data.s3.amazonaws.com/photos/44027921/medium.jpg					Copestylum lentum	true	A			Casey H. Richart	34488	2019-07-05 21:01:02 UTC									Copestylum lentum					Animalia	Arthropoda	Insecta	Diptera	Syrphidae	Eristalinae	Copestylum	Copestylum												
a6fdc2d8-7720-43cd-89ad-46c92ff26155		https://inaturalist-open-data.s3.amazonaws.com/photos/44027953/medium.jpeg					Copestylum lentum	true	A			Casey H. Richart	34488	2019-07-05 21:01:10 UTC									Copestylum lentum					Animalia	Arthropoda	Insecta	Diptera	Syrphidae	Eristalinae	Copestylum	Copestylum												
401d8308-1a85-433b-b07c-21835d5982b5		https://inaturalist-open-data.s3.amazonaws.com/photos/44028013/medium.jpeg					Copestylum lentum	true	A			Casey H. Richart	34488	2019-07-05 21:01:49 UTC									Copestylum lentum					Animalia	Arthropoda	Insecta	Diptera	Syrphidae	Eristalinae	Copestylum	Copestylum												
c7bb9615-aa73-4b38-97a9-3038ab11e098		https://inaturalist-open-data.s3.amazonaws.com/photos/44028035/medium.jpg					Agapostemon subtilior	true	A			Casey H. Richart	34488	2019-07-05 21:01:59 UTC									Agapostemon subtilior		Fine Striped Sweat Bee			Animalia	Arthropoda	Insecta	Hymenoptera	Halictidae	Halictinae	Agapostemon	Agapostemon												
e49ebf20-8315-4d5f-b80e-6f4086cb8700		https://inaturalist-open-data.s3.amazonaws.com/photos/44028487/medium.jpeg					Copestylum lentum	true	A			Casey H. Richart	34488	2019-07-05 21:06:13 UTC									Copestylum lentum					Animalia	Arthropoda	Insecta	Diptera	Syrphidae	Eristalinae	Copestylum	Copestylum												
bd41e29f-b27e-4022-a3f6-b9016c264a0d		https://inaturalist-open-data.s3.amazonaws.com/photos/44028511/medium.jpg					Copestylum lentum	true	A			Casey H. Richart	34488	2019-07-05 21:06:31 UTC									Copestylum lentum					Animalia	Arthropoda	Insecta	Diptera	Syrphidae	Eristalinae	Copestylum	Copestylum												
7ea59ce4-bcab-4538-9c3d-f25aced8270c		https://inaturalist-open-data.s3.amazonaws.com/photos/44028553/medium.jpeg					Yellow-spotted Bromeliad Fly	true	A			Casey H. Richart	34488	2019-07-05 21:06:50 UTC									Copestylum avidum		Yellow-spotted Bromeliad Fly			Animalia	Arthropoda	Insecta	Diptera	Syrphidae	Eristalinae	Copestylum	Copestylum												
72e48145-2733-4303-80d2-2fd230ad7e29		https://inaturalist-open-data.s3.amazonaws.com/photos/44029870/medium.jpeg					Nevin's Woolly Sunflower	true	A			Casey H. Richart	34488	2019-07-05 21:20:58 UTC									Constancea nevinii		Nevin's Woolly Sunflower			Plantae	Tracheophyta	Magnoliopsida	Asterales	Asteraceae	Asteroideae	Constancea	Constancea												
f0bd3b4f-0816-47ff-b797-34fb922fdf50		https://inaturalist-open-data.s3.amazonaws.com/photos/53329879/medium.jpeg					Western Honey Bee	true	A			LSchare (she/her)	81779	2019-10-05 23:45:52 UTC									Apis mellifera		Western Honey Bee			Animalia	Arthropoda	Insecta	Hymenoptera	Apidae	Apinae	Apis	Apis												
29fd678b-6a1d-4e8c-886f-db50049d9c3d		https://inaturalist-open-data.s3.amazonaws.com/photos/53329993/medium.jpg					Cabbage White	true	A			LSchare (she/her)	81779	2019-10-05 23:45:59 UTC									Pieris rapae		Small White			Animalia	Arthropoda	Insecta	Lepidoptera	Pieridae	Pierinae	Pieris	Pieris												
5ab24daa-57ad-43d0-80de-89b1fa639d4f		https://inaturalist-open-data.s3.amazonaws.com/photos/53330016/medium.jpg					California Aster	true	A			LSchare (she/her)	81779	2019-10-05 23:45:59 UTC									Corethrogyne filaginifolia		California Aster			Plantae	Tracheophyta	Magnoliopsida	Asterales	Asteraceae	Asteroideae	Corethrogyne	Corethrogyne												
5e86c6a9-b79c-41c5-9066-bac80abb728b		https://inaturalist-open-data.s3.amazonaws.com/photos/53331483/medium.jpeg					Northern White-Skipper	true	A			LSchare (she/her)	81779	2019-10-06 00:17:34 UTC									Heliopetes ericetorum		Northern White-Skipper			Animalia	Arthropoda	Insecta	Lepidoptera	Hesperiidae	Pyrginae	Heliopetes	Heliopetes												
325dd09e-4dd5-4d9e-932c-f8d538c14864		https://inaturalist-open-data.s3.amazonaws.com/photos/53331535/medium.jpeg					Orange Sulphur	true	A			LSchare (she/her)	81779	2019-10-06 00:17:34 UTC									Colias eurytheme		Orange Sulphur			Animalia	Arthropoda	Insecta	Lepidoptera	Pieridae	Coliadinae	Colias	Colias												
869e60e0-9d11-4251-879d-bb295ac5350f		https://inaturalist-open-data.s3.amazonaws.com/photos/53331554/medium.jpeg					Orange Sulphur	true	A			LSchare (she/her)	81779	2019-10-06 00:17:35 UTC									Colias eurytheme		Orange Sulphur			Animalia	Arthropoda	Insecta	Lepidoptera	Pieridae	Coliadinae	Colias	Colias												
f8790bf5-0f71-4cc0-8941-51a79d3b05ff		https://inaturalist-open-data.s3.amazonaws.com/photos/53331568/medium.jpeg					Funereal Duskywing	true	A			LSchare (she/her)	81779	2019-10-06 00:17:38 UTC									Erynnis funeralis		Funereal Duskywing			Animalia	Arthropoda	Insecta	Lepidoptera	Hesperiidae	Pyrginae	Erynnis	Erynnis												
ff80dd2a-c71d-43df-b4eb-1c6923d60d5a		https://inaturalist-open-data.s3.amazonaws.com/photos/53331574/medium.jpeg					Orange Sulphur	true	A			LSchare (she/her)	81779	2019-10-06 00:17:38 UTC									Colias eurytheme		Orange Sulphur			Animalia	Arthropoda	Insecta	Lepidoptera	Pieridae	Coliadinae	Colias	Colias												
3910706f-652b-405d-ad62-304d7126bf81		https://inaturalist-open-data.s3.amazonaws.com/photos/53331600/medium.jpeg					Acmon Blue	true	A			LSchare (she/her)	81779	2019-10-06 00:17:41 UTC									Icaricia acmon		Acmon Blue			Animalia	Arthropoda	Insecta	Lepidoptera	Lycaenidae	Polyommatinae	Icaricia	Icaricia												
5bcd2e6d-b8f6-4fcc-966e-15a2baa01184		https://inaturalist-open-data.s3.amazonaws.com/photos/53331652/medium.jpg					white sweetclover	true	A			LSchare (she/her)	81779	2019-10-06 00:17:43 UTC									Melilotus albus		White Sweetclover			Plantae	Tracheophyta	Magnoliopsida	Fabales	Fabaceae	Faboideae	Melilotus	Melilotus												
12babf4e-1672-43c1-b061-abfe1990f255		https://inaturalist-open-data.s3.amazonaws.com/photos/53331979/medium.jpg					Pontia protodice	true	A			LSchare (she/her)	81779	2019-10-06 00:17:50 UTC									Pontia protodice		Checkered White			Animalia	Arthropoda	Insecta	Lepidoptera	Pieridae	Pierinae	Pontia	Pontia												
46ca0a38-fc19-49f5-9f07-390825a89b74		https://inaturalist-open-data.s3.amazonaws.com/photos/53331999/medium.jpg					Shortpod Mustard	true	A			LSchare (she/her)	81779	2019-10-06 00:17:51 UTC									Hirschfeldia incana		Shortpod Mustard			Plantae	Tracheophyta	Magnoliopsida	Brassicales	Brassicaceae	Brassicoideae	Hirschfeldia	Hirschfeldia												
cbf0fc06-a4e2-4775-98d7-39ae42288d96		https://inaturalist-open-data.s3.amazonaws.com/photos/53332020/medium.jpeg					Funereal Duskywing	true	A			LSchare (she/her)	81779	2019-10-06 00:17:53 UTC									Erynnis funeralis		Funereal Duskywing			Animalia	Arthropoda	Insecta	Lepidoptera	Hesperiidae	Pyrginae	Erynnis	Erynnis												
7b0b46f2-a912-4b3c-b5af-ad2c7e33948a		https://inaturalist-open-data.s3.amazonaws.com/photos/53332098/medium.jpeg					Long-stemmed Buckwheat	true	A			LSchare (she/her)	81779	2019-10-06 00:17:56 UTC									Eriogonum elongatum		Long-stemmed Buckwheat			Plantae	Tracheophyta	Magnoliopsida	Caryophyllales	Polygonaceae	Eriogonoideae	Eriogonum	Eriogonum												
164c95c0-326e-43fa-9703-81887740adcc		https://inaturalist-open-data.s3.amazonaws.com/photos/53333208/medium.jpeg					California Aster	true	A			LSchare (she/her)	81779	2019-10-06 00:17:57 UTC									Corethrogyne filaginifolia		California Aster			Plantae	Tracheophyta	Magnoliopsida	Asterales	Asteraceae	Asteroideae	Corethrogyne	Corethrogyne												
4059aad9-98b6-43eb-870c-f03ff52937eb		https://inaturalist-open-data.s3.amazonaws.com/photos/53333656/medium.jpg					Shortpod Mustard	true	A			LSchare (she/her)	81779	2019-10-06 00:17:58 UTC									Hirschfeldia incana		Shortpod Mustard			Plantae	Tracheophyta	Magnoliopsida	Brassicales	Brassicaceae	Brassicoideae	Hirschfeldia	Hirschfeldia												
6ac4e6a2-2b77-4af5-ab7a-8377c91dc3e9		https://inaturalist-open-data.s3.amazonaws.com/photos/56555805/medium.jpg					Marine Blue	true	A			Rosalind Helfand	121050	2019-11-19 00:14:23 UTC									Leptotes marina		Marine Blue			Animalia	Arthropoda	Insecta	Lepidoptera	Lycaenidae	Polyommatinae	Leptotes	Leptotes												
28a528d7-e81a-49e1-9274-0f469383a71d		https://inaturalist-open-data.s3.amazonaws.com/photos/57621188/medium.jpg					California brittlebush	true	A				23091	2019-12-08 00:51:49 UTC									Encelia californica		California brittlebush			Plantae	Tracheophyta	Magnoliopsida	Asterales	Asteraceae	Asteroideae	Encelia	Encelia												
0f7f1046-6bbe-426f-b9e1-ff8dfbb508da		https://inaturalist-open-data.s3.amazonaws.com/photos/57621243/medium.jpg					Agapostemon subtilior	true	A				23091	2019-12-08 00:51:52 UTC									Agapostemon subtilior		Fine Striped Sweat Bee			Animalia	Arthropoda	Insecta	Hymenoptera	Halictidae	Halictinae	Agapostemon	Agapostemon												
f192ee31-943b-4f88-8674-e54f9564bb99		https://inaturalist-open-data.s3.amazonaws.com/photos/61403443/medium.jpg					Mournful Duskywing	true	A			LSchare (she/her)	81779	2020-02-13 23:25:40 UTC									Erynnis tristis		Mournful Duskywing			Animalia	Arthropoda	Insecta	Lepidoptera	Hesperiidae	Pyrginae	Erynnis	Erynnis												
f27e9881-da13-4e47-8735-a956898f4417		https://inaturalist-open-data.s3.amazonaws.com/photos/61403451/medium.jpg					California brittlebush	true	A			LSchare (she/her)	81779	2020-02-13 23:25:43 UTC									Encelia californica		California brittlebush			Plantae	Tracheophyta	Magnoliopsida	Asterales	Asteraceae	Asteroideae	Encelia	Encelia												
1432ebe5-3099-4976-91de-d3485b99aba0		https://inaturalist-open-data.s3.amazonaws.com/photos/61403454/medium.jpeg					brittlebush	true	A			LSchare (she/her)	81779	2020-02-13 23:28:51 UTC									Encelia farinosa		Brittlebush			Plantae	Tracheophyta	Magnoliopsida	Asterales	Asteraceae	Asteroideae	Encelia	Encelia												
87a86962-346f-4952-8bce-a81002dcf601		https://inaturalist-open-data.s3.amazonaws.com/photos/33822340/medium.jpeg					San Clemente Island bush-mallow	true	A			Casey H. Richart	34488	2020-03-31 00:59:47 UTC									Malacothamnus clementinus		San Clemente Island bushmallow			Plantae	Tracheophyta	Magnoliopsida	Malvales	Malvaceae	Malvoideae	Malacothamnus	Malacothamnus												
e2e9febf-cb3e-41a0-bcfe-68127d233158		https://inaturalist-open-data.s3.amazonaws.com/photos/41214140/medium.jpeg					common yarrow	true	A			Casey H. Richart	34488	2020-03-31 05:06:52 UTC									Achillea millefolium		common yarrow			Plantae	Tracheophyta	Magnoliopsida	Asterales	Asteraceae	Asteroideae	Achillea	Achillea												
23b36a3e-4e4f-4e18-8bbb-46be946f4a42		https://inaturalist-open-data.s3.amazonaws.com/photos/41214135/medium.jpeg					common yarrow	true	A			Casey H. Richart	34488	2020-03-31 05:09:00 UTC									Achillea millefolium		common yarrow			Plantae	Tracheophyta	Magnoliopsida	Asterales	Asteraceae	Asteroideae	Achillea	Achillea												
ece0dc63-5d4c-4c1c-9998-750a4f0abd2c		https://inaturalist-open-data.s3.amazonaws.com/photos/68241632/medium.jpeg					Western Honey Bee	true	A			Sara Cristina Medina	421748	2020-04-23 18:26:50 UTC									Apis mellifera		Western Honey Bee			Animalia	Arthropoda	Insecta	Hymenoptera	Apidae	Apinae	Apis	Apis												
8284d13b-da46-4f59-aa95-302d11d7c34f		https://static.inaturalist.org/photos/70382816/medium.jpg					Coquillettapis	true	A			The Hog Potato	164822	2020-04-30 18:10:44 UTC									Coquillettapis					Animalia	Arthropoda	Insecta	Hymenoptera	Apidae	Apinae	Diadasia	Diadasia												
3904517f-b7a2-4e39-8f1a-c067dfa6c749		https://static.inaturalist.org/photos/70386207/medium.jpeg					Toltec Scoliid Wasp	true	A			The Hog Potato	164822	2020-04-30 18:57:48 UTC									Dielis tolteca		Toltec Scoliid Wasp			Animalia	Arthropoda	Insecta	Hymenoptera	Scoliidae	Campsomerinae	Dielis	Dielis												
8fee60a6-d84c-4c67-8676-1a4bdbf3ade9		https://static.inaturalist.org/photos/70386211/medium.jpeg					Eufala Skipper	true	A			The Hog Potato	164822	2020-04-30 18:57:49 UTC									Lerodea eufala		Eufala Skipper			Animalia	Arthropoda	Insecta	Lepidoptera	Hesperiidae	Hesperiinae	Lerodea	Lerodea												
573767d3-6ded-489c-a624-fa99ba8d5d4a		https://static.inaturalist.org/photos/70386220/medium.jpeg					Eumenes bollii	true	A			The Hog Potato	164822	2020-04-30 18:57:52 UTC									Eumenes bollii		Boll's Potter Wasp			Animalia	Arthropoda	Insecta	Hymenoptera	Vespidae	Eumeninae	Eumenes	Eumenes												
4f48e02e-02f3-4632-9978-24a1d07dc497		https://static.inaturalist.org/photos/70412185/medium.jpg					Valley Carpenter Bee	true	A			The Hog Potato	164822	2020-04-30 21:34:37 UTC									Xylocopa sonorina		Valley Carpenter Bee			Animalia	Arthropoda	Insecta	Hymenoptera	Apidae	Xylocopinae	Xylocopa	Xylocopa												
e20a2941-037d-42d5-8043-86552ce3565f		https://inaturalist-open-data.s3.amazonaws.com/photos/72507857/medium.jpg					Eschscholzia californica	true	A			Nancy Hamlett	522768	2020-05-12 21:05:18 UTC									Eschscholzia californica		California poppy			Plantae	Tracheophyta	Magnoliopsida	Ranunculales	Papaveraceae	Papaveroideae	Eschscholzia	Eschscholzia												
dbb26ddf-488f-4bc8-ad66-0a22aa7b5436		https://inaturalist-open-data.s3.amazonaws.com/photos/72514875/medium.jpg					Varied Carpet Beetle	true	A			Nancy Hamlett	522768	2020-05-12 21:52:21 UTC									Anthrenus verbasci		Varied Carpet Beetle			Animalia	Arthropoda	Insecta	Coleoptera	Dermestidae	Megatominae	Anthrenus	Anthrenus												
11b2f722-7343-4dac-a25d-ce917b42e693		https://static.inaturalist.org/photos/72823922/medium.jpg					Tansy Mustard Sweat Bee	true	A			The Hog Potato	164822	2020-05-14 22:12:42 UTC									Lasioglossum sisymbrii		Tansy Mustard Sweat Bee			Animalia	Arthropoda	Insecta	Hymenoptera	Halictidae	Halictinae	Lasioglossum	Lasioglossum												
a5f25762-b017-4e2c-b5c3-697fbdd2fa62		https://inaturalist-open-data.s3.amazonaws.com/photos/74825908/medium.jpg					Clustered Tarweed	true	A			Nancy Hamlett	522768	2020-05-24 21:29:46 UTC									Deinandra fasciculata		Clustered Tarweed			Plantae	Tracheophyta	Magnoliopsida	Asterales	Asteraceae	Asteroideae	Deinandra	Deinandra												
29da283f-08d7-496b-a347-422fa08af2e9		https://inaturalist-open-data.s3.amazonaws.com/photos/76217507/medium.jpg					Western Honey Bee	true	A			Nancy Hamlett	522768	2020-05-31 22:02:08 UTC									Apis mellifera		Western Honey Bee			Animalia	Arthropoda	Insecta	Hymenoptera	Apidae	Apinae	Apis	Apis												
df66835a-20e5-4be0-9081-ff69efcaa4da		https://inaturalist-open-data.s3.amazonaws.com/photos/76217620/medium.jpg					Johnston's honeysuckle	true	A			Nancy Hamlett	522768	2020-05-31 22:02:08 UTC									Lonicera subspicata denudata		Johnston's honeysuckle			Plantae	Tracheophyta	Magnoliopsida	Dipsacales	Caprifoliaceae	Caprifolioideae	Lonicera	Lonicera												
a60ff839-14a2-46aa-b3bb-e18ab23c3258		https://inaturalist-open-data.s3.amazonaws.com/photos/77528878/medium.jpg					California brittlebush	true	A			LSchare (she/her)	81779	2020-06-07 23:22:40 UTC									Encelia californica		California brittlebush			Plantae	Tracheophyta	Magnoliopsida	Asterales	Asteraceae	Asteroideae	Encelia	Encelia												
fcabe4fc-cd7c-4909-8e70-308eb11c96a9		https://inaturalist-open-data.s3.amazonaws.com/photos/77533947/medium.jpeg					Marine Blue	true	A			LSchare (she/her)	81779	2020-06-07 23:56:11 UTC									Leptotes marina		Marine Blue			Animalia	Arthropoda	Insecta	Lepidoptera	Lycaenidae	Polyommatinae	Leptotes	Leptotes												
80eda12e-655e-4a8a-8821-469dc0e982d5		https://inaturalist-open-data.s3.amazonaws.com/photos/78078754/medium.jpg					Western Honey Bee	true	A			LSchare (she/her)	81779	2020-06-11 02:07:08 UTC									Apis mellifera		Western Honey Bee			Animalia	Arthropoda	Insecta	Hymenoptera	Apidae	Apinae	Apis	Apis												
0d6ab17b-e4ca-4f47-9786-421c7e15acb7		https://inaturalist-open-data.s3.amazonaws.com/photos/78078766/medium.jpeg					Gray Hairstreak	true	A			LSchare (she/her)	81779	2020-06-11 02:07:09 UTC									Strymon melinus		Gray Hairstreak			Animalia	Arthropoda	Insecta	Lepidoptera	Lycaenidae	Theclinae	Strymon	Strymon												
e372f706-81a3-4bc1-bc7d-4533d7168662		https://inaturalist-open-data.s3.amazonaws.com/photos/78078836/medium.jpg					California buckwheat	true	A			LSchare (she/her)	81779	2020-06-11 02:07:09 UTC									Eriogonum fasciculatum		California Buckwheat			Plantae	Tracheophyta	Magnoliopsida	Caryophyllales	Polygonaceae	Eriogonoideae	Eriogonum	Eriogonum												
8b339701-01f6-4c55-b0e3-cb2be7bfb286		https://inaturalist-open-data.s3.amazonaws.com/photos/78078875/medium.jpeg					Gray Hairstreak	true	A			LSchare (she/her)	81779	2020-06-11 02:07:11 UTC									Strymon melinus		Gray Hairstreak			Animalia	Arthropoda	Insecta	Lepidoptera	Lycaenidae	Theclinae	Strymon	Strymon												
2e2d68e0-0194-4a84-87c9-f5ae2ef5b6db		https://inaturalist-open-data.s3.amazonaws.com/photos/78078852/medium.jpeg					Gray Hairstreak	true	A			LSchare (she/her)	81779	2020-06-11 02:07:11 UTC									Strymon melinus		Gray Hairstreak			Animalia	Arthropoda	Insecta	Lepidoptera	Lycaenidae	Theclinae	Strymon	Strymon												
d31af900-5c20-46a3-8302-07aa1b721aae		https://inaturalist-open-data.s3.amazonaws.com/photos/78078886/medium.jpeg					Bernardino Blue	true	A			LSchare (she/her)	81779	2020-06-11 02:07:12 UTC									Euphilotes bernardino		Bernardino Blue			Animalia	Arthropoda	Insecta	Lepidoptera	Lycaenidae	Polyommatinae	Euphilotes	Euphilotes												
75fffa2f-2cd3-40c5-9453-eeee2bc5a362		https://inaturalist-open-data.s3.amazonaws.com/photos/79175845/medium.jpg					Gray Hairstreak	true	A				23091	2020-06-16 19:10:13 UTC									Strymon melinus		Gray Hairstreak			Animalia	Arthropoda	Insecta	Lepidoptera	Lycaenidae	Theclinae	Strymon	Strymon												
bad70684-d06b-4aec-beeb-344d9e691569		https://inaturalist-open-data.s3.amazonaws.com/photos/79175866/medium.jpg					Agapostemon subtilior	true	A				23091	2020-06-16 19:10:14 UTC									Agapostemon subtilior		Fine Striped Sweat Bee			Animalia	Arthropoda	Insecta	Hymenoptera	Halictidae	Halictinae	Agapostemon	Agapostemon												
e1346a2f-0708-4fa4-ace3-6fd1285cb1c7		https://inaturalist-open-data.s3.amazonaws.com/photos/79176589/medium.jpg					Anthophora urbana clementina	true	A				23091	2020-06-16 19:23:37 UTC									Anthophora urbana clementina		San Clemente Digger Bee			Animalia	Arthropoda	Insecta	Hymenoptera	Apidae	Apinae	Anthophora	Anthophora												
496b3227-66b1-4fd4-af1f-f6dd5ea983b7		https://inaturalist-open-data.s3.amazonaws.com/photos/79178314/medium.jpg					bright green dudleya	true	A				23091	2020-06-16 19:23:46 UTC									Dudleya virens virens		bright green dudleya			Plantae	Tracheophyta	Magnoliopsida	Saxifragales	Crassulaceae	Sempervivoideae	Dudleya	Dudleya												
a105d23f-1fc5-4a7a-b1f8-e677e4290808		https://inaturalist-open-data.s3.amazonaws.com/photos/79486691/medium.jpeg					Cabbage White	true	A			LSchare (she/her)	81779	2020-06-18 16:34:26 UTC									Pieris rapae		Small White			Animalia	Arthropoda	Insecta	Lepidoptera	Pieridae	Pierinae	Pieris	Pieris												
99a476d4-9243-41bd-9f97-04cbeb557fdc		https://inaturalist-open-data.s3.amazonaws.com/photos/79486705/medium.jpeg					western vervain	true	A			LSchare (she/her)	81779	2020-06-18 16:34:29 UTC									Verbena lasiostachys		western vervain			Plantae	Tracheophyta	Magnoliopsida	Lamiales	Verbenaceae		Verbena	Verbena												
50b01780-a0c1-43a5-8b41-66cfd03f47b0		https://inaturalist-open-data.s3.amazonaws.com/photos/79714751/medium.jpg					Black-tailed Bumble Bee	true	A			Nancy Hamlett	522768	2020-06-19 22:23:05 UTC									Bombus melanopygus		Black-tailed Bumble Bee			Animalia	Arthropoda	Insecta	Hymenoptera	Apidae	Apinae	Bombus	Bombus												
0f77b21d-72c1-4a85-87d1-1e0d069e171d		https://inaturalist-open-data.s3.amazonaws.com/photos/79878801/medium.jpg					narrowleaf milkweed	true	A			Nancy Hamlett	522768	2020-06-20 18:53:58 UTC									Asclepias fascicularis		narrowleaf milkweed			Plantae	Tracheophyta	Magnoliopsida	Gentianales	Apocynaceae	Asclepiadoideae	Asclepias	Asclepias												
93826188-ee89-4d4f-aa91-af93da21927c		https://inaturalist-open-data.s3.amazonaws.com/photos/79878892/medium.jpg					Thisbe's Tarantula-hawk Wasp	true	A			Nancy Hamlett	522768	2020-06-20 18:53:58 UTC									Pepsis thisbe		Thisbe's Tarantula-hawk Wasp			Animalia	Arthropoda	Insecta	Hymenoptera	Pompilidae	Pepsinae	Pepsis	Pepsis												
52f381b0-408c-43c0-bd7d-397d9e4ea253		https://inaturalist-open-data.s3.amazonaws.com/photos/80700209/medium.jpg					Ornate Checkered Beetle	true	A			LSchare (she/her)	81779	2020-06-24 19:48:45 UTC									Trichodes ornatus		Ornate Checkered Beetle			Animalia	Arthropoda	Insecta	Coleoptera	Cleridae	Clerinae	Trichodes	Trichodes												
2529f3c8-6572-4694-b4bd-1795d57f5363		https://inaturalist-open-data.s3.amazonaws.com/photos/80700316/medium.jpg					California buckwheat	true	A			LSchare (she/her)	81779	2020-06-24 19:49:25 UTC									Eriogonum fasciculatum		California Buckwheat			Plantae	Tracheophyta	Magnoliopsida	Caryophyllales	Polygonaceae	Eriogonoideae	Eriogonum	Eriogonum												
c60f3fd5-5081-4074-aebb-72a7a9221d00		https://inaturalist-open-data.s3.amazonaws.com/photos/80712597/medium.jpg					Cabbage White	true	A			LSchare (she/her)	81779	2020-06-24 21:21:03 UTC									Pieris rapae		Small White			Animalia	Arthropoda	Insecta	Lepidoptera	Pieridae	Pierinae	Pieris	Pieris												
94cd3c1e-1f44-4b90-9706-36e1dd573fac		https://inaturalist-open-data.s3.amazonaws.com/photos/80712713/medium.jpg					Northern White-Skipper	true	A			LSchare (she/her)	81779	2020-06-24 21:21:09 UTC									Heliopetes ericetorum		Northern White-Skipper			Animalia	Arthropoda	Insecta	Lepidoptera	Hesperiidae	Pyrginae	Heliopetes	Heliopetes												
5eb9b438-5a9b-4107-8a08-2800ef1640aa		https://inaturalist-open-data.s3.amazonaws.com/photos/80712751/medium.jpg					California buckwheat	true	A			LSchare (she/her)	81779	2020-06-24 21:21:13 UTC									Eriogonum fasciculatum		California Buckwheat			Plantae	Tracheophyta	Magnoliopsida	Caryophyllales	Polygonaceae	Eriogonoideae	Eriogonum	Eriogonum												
2d1977a6-83cd-4675-a9b6-067aaeb58323		https://inaturalist-open-data.s3.amazonaws.com/photos/80713130/medium.jpg					Variable Checkerspot	true	A			LSchare (she/her)	81779	2020-06-24 21:21:46 UTC									Euphydryas chalcedona		Variable Checkerspot			Animalia	Arthropoda	Insecta	Lepidoptera	Nymphalidae	Nymphalinae	Euphydryas	Euphydryas												
4140cea6-4571-4fc8-8df0-8de5eb2c97c1		https://inaturalist-open-data.s3.amazonaws.com/photos/80713169/medium.jpg					California buckwheat	true	A			LSchare (she/her)	81779	2020-06-24 21:21:46 UTC									Eriogonum fasciculatum		California Buckwheat			Plantae	Tracheophyta	Magnoliopsida	Caryophyllales	Polygonaceae	Eriogonoideae	Eriogonum	Eriogonum												
18c29543-e440-43cb-9296-316d9f8c7d33		https://inaturalist-open-data.s3.amazonaws.com/photos/80713198/medium.jpg					California Bumble Bee	true	A			LSchare (she/her)	81779	2020-06-24 21:21:52 UTC									Bombus californicus		California Bumble Bee			Animalia	Arthropoda	Insecta	Hymenoptera	Apidae	Apinae	Bombus	Bombus												
4cb335b3-37ef-46e6-8a04-e887929ded13		https://inaturalist-open-data.s3.amazonaws.com/photos/80713233/medium.jpg					deerweed	true	A			LSchare (she/her)	81779	2020-06-24 21:21:53 UTC									Acmispon glaber		deerweed			Plantae	Tracheophyta	Magnoliopsida	Fabales	Fabaceae	Faboideae	Acmispon	Acmispon												
9211fcde-01f3-4df8-aace-78fdf9d34ec0		https://inaturalist-open-data.s3.amazonaws.com/photos/80713273/medium.jpg					Cabbage White	true	A			LSchare (she/her)	81779	2020-06-24 21:21:53 UTC									Pieris rapae		Small White			Animalia	Arthropoda	Insecta	Lepidoptera	Pieridae	Pierinae	Pieris	Pieris												
29ed8403-bf9e-45e2-aa91-f0ceec53046f		https://inaturalist-open-data.s3.amazonaws.com/photos/80713326/medium.jpeg					Cliff Aster	true	A			LSchare (she/her)	81779	2020-06-24 21:21:59 UTC									Malacothrix saxatilis		Cliff Aster			Plantae	Tracheophyta	Magnoliopsida	Asterales	Asteraceae	Cichorioideae	Malacothrix	Malacothrix												
ad5d2360-8fd3-497c-abfd-5fd5f264725c		https://inaturalist-open-data.s3.amazonaws.com/photos/80713355/medium.jpg					Rural Skipper	true	A			LSchare (she/her)	81779	2020-06-24 21:21:59 UTC									Ochlodes agricola		Rural Skipper			Animalia	Arthropoda	Insecta	Lepidoptera	Hesperiidae	Hesperiinae	Ochlodes	Ochlodes												
d59df9d0-b310-4a10-bc9a-681b699eba13		https://inaturalist-open-data.s3.amazonaws.com/photos/80713473/medium.jpeg					Ornate Checkered Beetle	true	A			LSchare (she/her)	81779	2020-06-24 21:22:04 UTC									Trichodes ornatus		Ornate Checkered Beetle			Animalia	Arthropoda	Insecta	Coleoptera	Cleridae	Clerinae	Trichodes	Trichodes												
e4f39be2-322c-4662-b88f-28e91cc31907		https://inaturalist-open-data.s3.amazonaws.com/photos/84433657/medium.jpg					heartleaf keckiella	true	A			LSchare (she/her)	81779	2020-07-14 21:59:36 UTC									Keckiella cordifolia		heartleaf keckiella			Plantae	Tracheophyta	Magnoliopsida	Lamiales	Plantaginaceae		Keckiella	Keckiella												
1ee614e0-a805-4a56-ac54-4a48bfc9c3b6		https://inaturalist-open-data.s3.amazonaws.com/photos/84433663/medium.jpeg					Anna's Hummingbird	true	A			LSchare (she/her)	81779	2020-07-14 21:59:36 UTC									Calypte anna		Anna's Hummingbird			Animalia	Chordata	Aves	Apodiformes	Trochilidae	Trochilinae	Calypte	Calypte												
f0823487-88cb-4507-8838-c4d7bd171ec3		https://inaturalist-open-data.s3.amazonaws.com/photos/89642017/medium.jpeg					Gray Hairstreak	true	A			LSchare (she/her)	81779	2020-08-12 20:54:51 UTC									Strymon melinus		Gray Hairstreak			Animalia	Arthropoda	Insecta	Lepidoptera	Lycaenidae	Theclinae	Strymon	Strymon												
5fdd1747-d9a8-4da9-8dfc-7fecb7028bca		https://inaturalist-open-data.s3.amazonaws.com/photos/89642232/medium.jpg					Fiery Skipper	true	A			LSchare (she/her)	81779	2020-08-12 20:54:52 UTC									Hylephila phyleus		Fiery Skipper			Animalia	Arthropoda	Insecta	Lepidoptera	Hesperiidae	Hesperiinae	Hylephila	Hylephila												
312e0172-79c2-4253-b8e0-b7aad112def4		https://inaturalist-open-data.s3.amazonaws.com/photos/89642069/medium.jpg					Western Honey Bee	true	A			LSchare (she/her)	81779	2020-08-12 20:54:52 UTC									Apis mellifera		Western Honey Bee			Animalia	Arthropoda	Insecta	Hymenoptera	Apidae	Apinae	Apis	Apis												
7446702f-706a-408b-b142-ff1790fd88c7		https://inaturalist-open-data.s3.amazonaws.com/photos/89831311/medium.jpg					Masked Bees	true	A			LSchare (she/her)	81779	2020-08-14 00:27:14 UTC									Hylaeus		Masked Bees			Animalia	Arthropoda	Insecta	Hymenoptera	Colletidae	Hylaeinae	Hylaeus	Hylaeus												
297eb4dc-204a-4b03-8864-3a335df96cbc		https://inaturalist-open-data.s3.amazonaws.com/photos/90310465/medium.jpeg					Cabbage White	true	A			LSchare (she/her)	81779	2020-08-16 19:21:36 UTC									Pieris rapae		Small White			Animalia	Arthropoda	Insecta	Lepidoptera	Pieridae	Pierinae	Pieris	Pieris												
703fae2d-e03e-435d-b86d-b001a6f4e491		https://inaturalist-open-data.s3.amazonaws.com/photos/90310949/medium.jpg					turkey mullein	true	A			LSchare (she/her)	81779	2020-08-16 19:21:41 UTC									Croton setiger		turkey mullein			Plantae	Tracheophyta	Magnoliopsida	Malpighiales	Euphorbiaceae	Crotonoideae	Croton	Croton												
ff83d584-ff37-40aa-9037-57bbbbca3547		https://inaturalist-open-data.s3.amazonaws.com/photos/90311062/medium.jpg					Vinegar Weed	true	A			LSchare (she/her)	81779	2020-08-16 19:21:43 UTC									Trichostema lanceolatum		Vinegar Weed			Plantae	Tracheophyta	Magnoliopsida	Lamiales	Lamiaceae	Ajugoideae	Trichostema	Trichostema												
78e68320-59af-4c88-9312-cdf4eab8f920		https://inaturalist-open-data.s3.amazonaws.com/photos/90311124/medium.jpg					Euodynerus	true	A			LSchare (she/her)	81779	2020-08-16 19:21:44 UTC									Euodynerus					Animalia	Arthropoda	Insecta	Hymenoptera	Vespidae	Eumeninae	Euodynerus	Euodynerus												
513a24c3-b1b5-4858-9a6a-519a73f1b88a		https://inaturalist-open-data.s3.amazonaws.com/photos/90311158/medium.jpg					Urbane Digger Bee	true	A			LSchare (she/her)	81779	2020-08-16 19:21:44 UTC									Anthophora urbana		Urbane Digger Bee			Animalia	Arthropoda	Insecta	Hymenoptera	Apidae	Apinae	Anthophora	Anthophora												
c9bbac89-eef5-4ae2-ad06-1a9ec551ef36		https://inaturalist-open-data.s3.amazonaws.com/photos/90311203/medium.jpeg					Yellow-faced Bumble Bee	true	A			LSchare (she/her)	81779	2020-08-16 19:21:44 UTC									Bombus vosnesenskii		Yellow-faced Bumble Bee			Animalia	Arthropoda	Insecta	Hymenoptera	Apidae	Apinae	Bombus	Bombus												
dea8bd9d-564f-40e8-99be-6093a9c6a63c		https://inaturalist-open-data.s3.amazonaws.com/photos/90311256/medium.jpg					Fiery Skipper	true	A			LSchare (she/her)	81779	2020-08-16 19:21:45 UTC									Hylephila phyleus		Fiery Skipper			Animalia	Arthropoda	Insecta	Lepidoptera	Hesperiidae	Hesperiinae	Hylephila	Hylephila												
9902084e-f915-44f9-b22c-fe78e10e2c4b		https://inaturalist-open-data.s3.amazonaws.com/photos/90311268/medium.jpeg					Rocky Mountain Clearwing	true	A			LSchare (she/her)	81779	2020-08-16 19:21:46 UTC									Hemaris thetis		Rocky Mountain Clearwing			Animalia	Arthropoda	Insecta	Lepidoptera	Sphingidae	Macroglossinae	Hemaris	Hemaris												
a7e1bbb1-5de8-4221-b59d-edabd1d86813		https://inaturalist-open-data.s3.amazonaws.com/photos/90313747/medium.jpeg					Acmon Blue	true	A			LSchare (she/her)	81779	2020-08-16 19:40:38 UTC									Icaricia acmon		Acmon Blue			Animalia	Arthropoda	Insecta	Lepidoptera	Lycaenidae	Polyommatinae	Icaricia	Icaricia												
5159e19e-2d8b-4418-b85e-d33613bead0a		https://inaturalist-open-data.s3.amazonaws.com/photos/90957901/medium.jpg					Copestylum violaceum	true	A			LSchare (she/her)	81779	2020-08-20 17:42:24 UTC									Copestylum violaceum					Animalia	Arthropoda	Insecta	Diptera	Syrphidae	Eristalinae	Copestylum	Copestylum												
c5b9aad3-fca6-4925-a8f3-611278db0c78		https://inaturalist-open-data.s3.amazonaws.com/photos/90957926/medium.jpg					Gray Hairstreak	true	A			LSchare (she/her)	81779	2020-08-20 17:42:24 UTC									Strymon melinus		Gray Hairstreak			Animalia	Arthropoda	Insecta	Lepidoptera	Lycaenidae	Theclinae	Strymon	Strymon												
d006a049-6ac1-4097-b632-cb0b90b8d451		https://inaturalist-open-data.s3.amazonaws.com/photos/90957992/medium.jpg					Fiery Skipper	true	A			LSchare (she/her)	81779	2020-08-20 17:42:25 UTC									Hylephila phyleus		Fiery Skipper			Animalia	Arthropoda	Insecta	Lepidoptera	Hesperiidae	Hesperiinae	Hylephila	Hylephila												
3a93c190-68be-4bf1-b3c3-d812d2af8cae		https://inaturalist-open-data.s3.amazonaws.com/photos/90958045/medium.jpeg					Thick-legged Hover Fly	true	A			LSchare (she/her)	81779	2020-08-20 17:42:26 UTC									Syritta pipiens		Thick-legged Hover Fly			Animalia	Arthropoda	Insecta	Diptera	Syrphidae	Eristalinae	Syritta	Syritta												
95e3e971-3ae7-4071-9fcd-5cdf87440ba9		https://inaturalist-open-data.s3.amazonaws.com/photos/92686547/medium.jpg					Urbane Digger Bee	true	A			LSchare (she/her)	81779	2020-08-30 20:47:52 UTC									Anthophora urbana		Urbane Digger Bee			Animalia	Arthropoda	Insecta	Hymenoptera	Apidae	Apinae	Anthophora	Anthophora												
65d499c7-4224-4b1c-880f-798b47104b38		https://inaturalist-open-data.s3.amazonaws.com/photos/92686669/medium.jpg					Vinegar Weed	true	A			LSchare (she/her)	81779	2020-08-30 20:47:54 UTC									Trichostema lanceolatum		Vinegar Weed			Plantae	Tracheophyta	Magnoliopsida	Lamiales	Lamiaceae	Ajugoideae	Trichostema	Trichostema												
542133e7-0194-4712-ac8f-6beaedbe9830		https://inaturalist-open-data.s3.amazonaws.com/photos/92686740/medium.jpg					Urbane Digger Bee	true	A			LSchare (she/her)	81779	2020-08-30 20:47:54 UTC									Anthophora urbana		Urbane Digger Bee			Animalia	Arthropoda	Insecta	Hymenoptera	Apidae	Apinae	Anthophora	Anthophora												
06f662f0-9044-42c9-ae77-a9aa5457e414		https://inaturalist-open-data.s3.amazonaws.com/photos/92687095/medium.jpg					Woodland Skipper	true	A			LSchare (she/her)	81779	2020-08-30 20:47:56 UTC									Ochlodes sylvanoides		Woodland Skipper			Animalia	Arthropoda	Insecta	Lepidoptera	Hesperiidae	Hesperiinae	Ochlodes	Ochlodes												
9eff0425-8134-41ae-8d72-9065cc1599f2		https://inaturalist-open-data.s3.amazonaws.com/photos/92986426/medium.jpeg					California Aster	true	A			Andrea Kreuzhage	828394	2020-09-01 16:26:49 UTC									Corethrogyne filaginifolia		California Aster			Plantae	Tracheophyta	Magnoliopsida	Asterales	Asteraceae	Asteroideae	Corethrogyne	Corethrogyne												
d392cd89-4851-43b8-b34c-e8ec20792650		https://inaturalist-open-data.s3.amazonaws.com/photos/92986626/medium.jpeg					Fiery Skipper	true	A			Andrea Kreuzhage	828394	2020-09-01 16:28:22 UTC									Hylephila phyleus		Fiery Skipper			Animalia	Arthropoda	Insecta	Lepidoptera	Hesperiidae	Hesperiinae	Hylephila	Hylephila												
1b567c3c-b23b-4b01-9499-fb087e62a4bd		https://inaturalist-open-data.s3.amazonaws.com/photos/92991916/medium.jpeg					Urbane Digger Bee	true	A			Andrea Kreuzhage	828394	2020-09-01 17:07:51 UTC									Anthophora urbana		Urbane Digger Bee			Animalia	Arthropoda	Insecta	Hymenoptera	Apidae	Apinae	Anthophora	Anthophora												
fe5c927c-f732-4c34-aee4-10e58b9a8ba2		https://inaturalist-open-data.s3.amazonaws.com/photos/93026677/medium.jpg					Fiery Skipper	true	A			LSchare (she/her)	81779	2020-09-01 21:03:27 UTC									Hylephila phyleus		Fiery Skipper			Animalia	Arthropoda	Insecta	Lepidoptera	Hesperiidae	Hesperiinae	Hylephila	Hylephila												
ffda89b3-2223-44fb-98fc-f2c138e42c2f		https://inaturalist-open-data.s3.amazonaws.com/photos/93120304/medium.jpeg					California buckwheat	true	A			Andrea Kreuzhage	828394	2020-09-02 14:23:57 UTC									Eriogonum fasciculatum		California Buckwheat			Plantae	Tracheophyta	Magnoliopsida	Caryophyllales	Polygonaceae	Eriogonoideae	Eriogonum	Eriogonum												
97104437-1a59-4f45-9add-53a07986b13d		https://inaturalist-open-data.s3.amazonaws.com/photos/93121744/medium.jpeg					Fiery Skipper	true	A			Andrea Kreuzhage	828394	2020-09-02 14:34:02 UTC									Hylephila phyleus		Fiery Skipper			Animalia	Arthropoda	Insecta	Lepidoptera	Hesperiidae	Hesperiinae	Hylephila	Hylephila												
12283a64-7cb3-4bc7-bf86-039240c9ee95		https://inaturalist-open-data.s3.amazonaws.com/photos/93122599/medium.jpeg					Acmon Blue	true	A			Andrea Kreuzhage	828394	2020-09-02 14:40:36 UTC									Icaricia acmon		Acmon Blue			Animalia	Arthropoda	Insecta	Lepidoptera	Lycaenidae	Polyommatinae	Icaricia	Icaricia												
85f29026-a7f7-483d-9e6f-980d2a0e7a5d		https://inaturalist-open-data.s3.amazonaws.com/photos/93123891/medium.jpeg					Slevin's Cellophane Bee	true	A			Andrea Kreuzhage	828394	2020-09-02 14:52:41 UTC									Colletes slevini		Slevin's Cellophane Bee			Animalia	Arthropoda	Insecta	Hymenoptera	Colletidae	Colletinae	Colletes	Colletes												
7981dcaf-0944-48eb-999b-80dfb5dda446		https://inaturalist-open-data.s3.amazonaws.com/photos/93124759/medium.jpeg					Eucerceris provancheri	true	A			Andrea Kreuzhage	828394	2020-09-02 15:03:09 UTC									Eucerceris provancheri					Animalia	Arthropoda	Insecta	Hymenoptera	Crabronidae	Philanthinae	Eucerceris	Eucerceris												
23d78c6d-67c2-4a9a-82ec-4f95a53e9aa9		https://inaturalist-open-data.s3.amazonaws.com/photos/93159045/medium.jpg					California buckwheat	true	A			LSchare (she/her)	81779	2020-09-02 19:39:36 UTC									Eriogonum fasciculatum		California Buckwheat			Plantae	Tracheophyta	Magnoliopsida	Caryophyllales	Polygonaceae	Eriogonoideae	Eriogonum	Eriogonum												
4683b5b4-959b-42ba-8ee8-08102b9e997e		https://inaturalist-open-data.s3.amazonaws.com/photos/93159065/medium.jpg					Western Honey Bee	true	A			LSchare (she/her)	81779	2020-09-02 19:39:38 UTC									Apis mellifera		Western Honey Bee			Animalia	Arthropoda	Insecta	Hymenoptera	Apidae	Apinae	Apis	Apis												
7e75b144-9383-4c3c-b50c-388502b97bd1		https://inaturalist-open-data.s3.amazonaws.com/photos/93159081/medium.jpg					California buckwheat	true	A			LSchare (she/her)	81779	2020-09-02 19:39:38 UTC									Eriogonum fasciculatum		California Buckwheat			Plantae	Tracheophyta	Magnoliopsida	Caryophyllales	Polygonaceae	Eriogonoideae	Eriogonum	Eriogonum												
d93a6414-cff2-4102-9e67-24c92d4f2d91		https://inaturalist-open-data.s3.amazonaws.com/photos/93159108/medium.jpeg					Gray Hairstreak	true	A			LSchare (she/her)	81779	2020-09-02 19:39:40 UTC									Strymon melinus		Gray Hairstreak			Animalia	Arthropoda	Insecta	Lepidoptera	Lycaenidae	Theclinae	Strymon	Strymon												
7d61362d-002d-4939-b434-91a67b6446ad		https://inaturalist-open-data.s3.amazonaws.com/photos/93159408/medium.jpg					Behr's Metalmark	true	A			LSchare (she/her)	81779	2020-09-02 19:39:45 UTC									Apodemia virgulti		Behr's Metalmark			Animalia	Arthropoda	Insecta	Lepidoptera	Riodinidae	Riodininae	Apodemia	Apodemia												
1bc96870-71ce-42be-9fc1-630b57c386c2		https://inaturalist-open-data.s3.amazonaws.com/photos/93159458/medium.jpg					Behr's Metalmark	true	A			LSchare (she/her)	81779	2020-09-02 19:39:46 UTC									Apodemia virgulti		Behr's Metalmark			Animalia	Arthropoda	Insecta	Lepidoptera	Riodinidae	Riodininae	Apodemia	Apodemia												
47407b27-479f-4acd-b892-d86054ac6bcb		https://inaturalist-open-data.s3.amazonaws.com/photos/93159516/medium.jpg					California buckwheat	true	A			LSchare (she/her)	81779	2020-09-02 19:39:47 UTC									Eriogonum fasciculatum		California Buckwheat			Plantae	Tracheophyta	Magnoliopsida	Caryophyllales	Polygonaceae	Eriogonoideae	Eriogonum	Eriogonum												
8b69aa3a-0d10-4842-9d15-9c7feddc2d29		https://inaturalist-open-data.s3.amazonaws.com/photos/93159666/medium.jpg					Eucerceris provancheri	true	A			LSchare (she/her)	81779	2020-09-02 19:39:48 UTC									Eucerceris provancheri					Animalia	Arthropoda	Insecta	Hymenoptera	Crabronidae	Philanthinae	Eucerceris	Eucerceris												
065a852d-d151-4c21-b1bf-763830d2f92c		https://inaturalist-open-data.s3.amazonaws.com/photos/93435694/medium.jpg					Behr's Metalmark	true	A			LSchare (she/her)	81779	2020-09-04 17:15:34 UTC									Apodemia virgulti		Behr's Metalmark			Animalia	Arthropoda	Insecta	Lepidoptera	Riodinidae	Riodininae	Apodemia	Apodemia												
cbc751ae-94f0-4513-b8a8-511e1a86dbdc		https://inaturalist-open-data.s3.amazonaws.com/photos/93436083/medium.jpg					Western Honey Bee	true	A			LSchare (she/her)	81779	2020-09-04 17:15:41 UTC									Apis mellifera		Western Honey Bee			Animalia	Arthropoda	Insecta	Hymenoptera	Apidae	Apinae	Apis	Apis												
8d29b06f-6c1a-4b6e-aa7d-4dbc73fed6f2		https://inaturalist-open-data.s3.amazonaws.com/photos/93436103/medium.jpg					California buckwheat	true	A			LSchare (she/her)	81779	2020-09-04 17:15:41 UTC									Eriogonum fasciculatum		California Buckwheat			Plantae	Tracheophyta	Magnoliopsida	Caryophyllales	Polygonaceae	Eriogonoideae	Eriogonum	Eriogonum												
9b9a9b87-a35d-424c-89de-ff61591786d3		https://inaturalist-open-data.s3.amazonaws.com/photos/93436149/medium.jpg					Western Honey Bee	true	A			LSchare (she/her)	81779	2020-09-04 17:15:41 UTC									Apis mellifera		Western Honey Bee			Animalia	Arthropoda	Insecta	Hymenoptera	Apidae	Apinae	Apis	Apis												
e7745f7e-d816-4832-9cd2-2882cbb8a73c		https://inaturalist-open-data.s3.amazonaws.com/photos/93436187/medium.jpg					California buckwheat	true	A			LSchare (she/her)	81779	2020-09-04 17:15:43 UTC									Eriogonum fasciculatum		California Buckwheat			Plantae	Tracheophyta	Magnoliopsida	Caryophyllales	Polygonaceae	Eriogonoideae	Eriogonum	Eriogonum												
81d61ebc-3316-4d1c-8f19-5479094072e5		https://inaturalist-open-data.s3.amazonaws.com/photos/93436257/medium.jpg					Woodland Skipper	true	A			LSchare (she/her)	81779	2020-09-04 17:15:45 UTC									Ochlodes sylvanoides		Woodland Skipper			Animalia	Arthropoda	Insecta	Lepidoptera	Hesperiidae	Hesperiinae	Ochlodes	Ochlodes												
b063c2e4-158a-44a1-87fc-61cf1cb52d81		https://inaturalist-open-data.s3.amazonaws.com/photos/93436283/medium.jpg					Western Honey Bee	true	A			LSchare (she/her)	81779	2020-09-04 17:15:45 UTC									Apis mellifera		Western Honey Bee			Animalia	Arthropoda	Insecta	Hymenoptera	Apidae	Apinae	Apis	Apis												
47a295a2-f28d-49ca-be9f-638cb19b0945		https://inaturalist-open-data.s3.amazonaws.com/photos/93436344/medium.jpg					Behr's Metalmark	true	A			LSchare (she/her)	81779	2020-09-04 17:15:46 UTC									Apodemia virgulti		Behr's Metalmark			Animalia	Arthropoda	Insecta	Lepidoptera	Riodinidae	Riodininae	Apodemia	Apodemia												
2519557d-fa4e-4604-835b-ef67f51ec78c		https://inaturalist-open-data.s3.amazonaws.com/photos/93791112/medium.jpg					Harlequin Bug	true	A			LSchare (she/her)	81779	2020-09-06 16:50:03 UTC									Murgantia histrionica		Harlequin Bug			Animalia	Arthropoda	Insecta	Hemiptera	Pentatomidae	Pentatominae	Murgantia	Murgantia												
70a9aa9e-069b-4b26-934f-c4f2ff1c4a2f		https://inaturalist-open-data.s3.amazonaws.com/photos/93792316/medium.jpg					Bladderpod	true	A			LSchare (she/her)	81779	2020-09-06 16:51:37 UTC									Cleomella arborea		Bladderpod			Plantae	Tracheophyta	Magnoliopsida	Brassicales	Cleomaceae		Cleomella	Cleomella												
ed1d352f-f020-44f0-931a-594c2aa315ed		https://inaturalist-open-data.s3.amazonaws.com/photos/93792355/medium.jpg					Harlequin Bug	true	A			LSchare (she/her)	81779	2020-09-06 17:05:03 UTC									Murgantia histrionica		Harlequin Bug			Animalia	Arthropoda	Insecta	Hemiptera	Pentatomidae	Pentatominae	Murgantia	Murgantia												
23427162-04a7-45a9-844d-ab79250464c0		https://inaturalist-open-data.s3.amazonaws.com/photos/93792395/medium.jpg					Harlequin Bug	true	A			LSchare (she/her)	81779	2020-09-06 17:05:15 UTC									Murgantia histrionica		Harlequin Bug			Animalia	Arthropoda	Insecta	Hemiptera	Pentatomidae	Pentatominae	Murgantia	Murgantia												
5213ab2e-2b5c-4c59-9751-4021530720d0		https://inaturalist-open-data.s3.amazonaws.com/photos/93803313/medium.jpg					Western Honey Bee	true	A			LSchare (she/her)	81779	2020-09-06 18:05:52 UTC									Apis mellifera		Western Honey Bee			Animalia	Arthropoda	Insecta	Hymenoptera	Apidae	Apinae	Apis	Apis												
b767118e-58a2-41d1-8f51-e4e54ead8624		https://inaturalist-open-data.s3.amazonaws.com/photos/93803625/medium.jpg					Western Honey Bee	true	A			LSchare (she/her)	81779	2020-09-06 18:05:55 UTC									Apis mellifera		Western Honey Bee			Animalia	Arthropoda	Insecta	Hymenoptera	Apidae	Apinae	Apis	Apis												
4298652a-b2e6-4502-afcb-1eaac0b603e7		https://inaturalist-open-data.s3.amazonaws.com/photos/93803700/medium.jpg					Coastal Goldenbush	true	A			LSchare (she/her)	81779	2020-09-06 18:05:57 UTC									Isocoma menziesii		Coastal Goldenbush			Plantae	Tracheophyta	Magnoliopsida	Asterales	Asteraceae	Asteroideae	Isocoma	Isocoma												
02049007-34db-4b80-94d5-667a312789f1		https://inaturalist-open-data.s3.amazonaws.com/photos/93808819/medium.jpg					Yellow-faced Bumble Bee	true	A			LSchare (she/her)	81779	2020-09-06 18:33:15 UTC									Bombus vosnesenskii		Yellow-faced Bumble Bee			Animalia	Arthropoda	Insecta	Hymenoptera	Apidae	Apinae	Bombus	Bombus												
1716e907-1255-49eb-a25d-f90e25d8946e		https://inaturalist-open-data.s3.amazonaws.com/photos/93808888/medium.jpg					Coastal Goldenbush	true	A			LSchare (she/her)	81779	2020-09-06 18:33:17 UTC									Isocoma menziesii		Coastal Goldenbush			Plantae	Tracheophyta	Magnoliopsida	Asterales	Asteraceae	Asteroideae	Isocoma	Isocoma												
7f6d3c99-6cc7-4cea-a10e-fb0a32e66531		https://inaturalist-open-data.s3.amazonaws.com/photos/93824058/medium.jpg					Southern Russian Thistle	true	A			LSchare (she/her)	81779	2020-09-06 19:34:22 UTC									Salsola australis		Southern Russian Thistle			Plantae	Tracheophyta	Magnoliopsida	Caryophyllales	Amaranthaceae	Salsoloideae	Salsola	Salsola												
72ae2976-fe68-4eb6-b03c-c166e8821e83		https://inaturalist-open-data.s3.amazonaws.com/photos/93824135/medium.jpg					Western Pygmy-Blue	true	A			LSchare (she/her)	81779	2020-09-06 19:34:22 UTC									Brephidium exilis		Western Pygmy-Blue			Animalia	Arthropoda	Insecta	Lepidoptera	Lycaenidae	Polyommatinae	Brephidium	Brephidium												
e4a7f5c6-b3b2-49e6-ab32-525a0d41b267		https://inaturalist-open-data.s3.amazonaws.com/photos/94238014/medium.jpeg					Telegraphweed	true	A				1113207	2020-09-09 00:02:15 UTC									Heterotheca grandiflora		Telegraphweed			Plantae	Tracheophyta	Magnoliopsida	Asterales	Asteraceae	Asteroideae	Heterotheca	Heterotheca												
e5da79b1-7236-45c7-9abb-131372b17741		https://inaturalist-open-data.s3.amazonaws.com/photos/94689344/medium.jpeg					Marine Blue	true	A			LSchare (she/her)	81779	2020-09-11 23:25:57 UTC									Leptotes marina		Marine Blue			Animalia	Arthropoda	Insecta	Lepidoptera	Lycaenidae	Polyommatinae	Leptotes	Leptotes												
20d75735-6e7b-4cbe-89b6-9db90c734324		https://inaturalist-open-data.s3.amazonaws.com/photos/95797713/medium.jpg					Bladderpod	true	A			LSchare (she/her)	81779	2020-09-18 01:22:21 UTC									Cleomella arborea		Bladderpod			Plantae	Tracheophyta	Magnoliopsida	Brassicales	Cleomaceae		Cleomella	Cleomella												
05484f97-a1fd-4c55-9254-478a3aa86336		https://inaturalist-open-data.s3.amazonaws.com/photos/95811087/medium.jpg					Harlequin Bug	true	A			LSchare (she/her)	81779	2020-09-18 03:27:33 UTC									Murgantia histrionica		Harlequin Bug			Animalia	Arthropoda	Insecta	Hemiptera	Pentatomidae	Pentatominae	Murgantia	Murgantia												
8547ff7f-7c67-4809-b22b-ddbd2576dd35		https://inaturalist-open-data.s3.amazonaws.com/photos/95811105/medium.jpg					Yellow-faced Bumble Bee	true	A			LSchare (she/her)	81779	2020-09-18 03:27:33 UTC									Bombus vosnesenskii		Yellow-faced Bumble Bee			Animalia	Arthropoda	Insecta	Hymenoptera	Apidae	Apinae	Bombus	Bombus												
6c3ae8aa-d6aa-4145-9d9f-281a65d9e3f7		https://inaturalist-open-data.s3.amazonaws.com/photos/95816818/medium.jpg					Western Honey Bee	true	A			LSchare (she/her)	81779	2020-09-18 04:21:45 UTC									Apis mellifera		Western Honey Bee			Animalia	Arthropoda	Insecta	Hymenoptera	Apidae	Apinae	Apis	Apis												
0e008428-78e9-438f-ad60-c4c8b2e881de		https://inaturalist-open-data.s3.amazonaws.com/photos/95816868/medium.jpg					laurel sumac	true	A			LSchare (she/her)	81779	2020-09-18 04:21:46 UTC									Malosma laurina		laurel sumac			Plantae	Tracheophyta	Magnoliopsida	Sapindales	Anacardiaceae	Anacardioideae	Malosma	Malosma												
1e2f4a8e-3552-4ad9-9b3d-56e4e3fdef86		https://static.inaturalist.org/photos/96708617/medium.jpg					Gray Buckeye	true	A				497764	2020-09-23 00:51:34 UTC									Junonia grisea		Gray Buckeye			Animalia	Arthropoda	Insecta	Lepidoptera	Nymphalidae	Nymphalinae	Junonia	Junonia												
a5655ca1-bc50-4be0-836c-3ac79e7a6b1f		https://static.inaturalist.org/photos/97189739/medium.jpg					Exotic Stripetail	true	A				497764	2020-09-25 23:26:32 UTC									Allograpta exotica		Exotic Streaktail			Animalia	Arthropoda	Insecta	Diptera	Syrphidae	Syrphinae	Allograpta	Allograpta												
de09a809-20d4-48cf-ae51-1279f0760e61		https://static.inaturalist.org/photos/97190284/medium.jpg					Thumbed Leafcutter Bee	true	A				497764	2020-09-25 23:30:24 UTC									Megachile policaris					Animalia	Arthropoda	Insecta	Hymenoptera	Megachilidae	Megachilinae	Megachile	Megachile												
bf139aa3-06c5-4dd6-adeb-9a81d7ec4fe9		https://static.inaturalist.org/photos/97400709/medium.jpg					Margined Calligrapher	true	A				497764	2020-09-26 23:38:27 UTC									Toxomerus marginatus		Margined Calligrapher			Animalia	Arthropoda	Insecta	Diptera	Syrphidae	Syrphinae	Toxomerus	Toxomerus												
592a96e8-b7e7-4be4-a358-9c592697309d		https://inaturalist-open-data.s3.amazonaws.com/photos/97560837/medium.jpeg					Anna's Hummingbird	true	A			LSchare (she/her)	81779	2020-09-27 18:24:07 UTC									Calypte anna		Anna's Hummingbird			Animalia	Chordata	Aves	Apodiformes	Trochilidae	Trochilinae	Calypte	Calypte												
1733a741-66d2-4146-89b1-aac1f03e64a2		https://inaturalist-open-data.s3.amazonaws.com/photos/97560876/medium.jpeg					California fuchsia	true	A			LSchare (she/her)	81779	2020-09-27 18:24:07 UTC									Epilobium canum		California fuchsia			Plantae	Tracheophyta	Magnoliopsida	Myrtales	Onagraceae		Epilobium	Epilobium												
71557619-a744-4af3-b428-23013f8bc637		https://inaturalist-open-data.s3.amazonaws.com/photos/97568740/medium.jpg					Western Honey Bee	true	A			LSchare (she/her)	81779	2020-09-27 18:56:28 UTC									Apis mellifera		Western Honey Bee			Animalia	Arthropoda	Insecta	Hymenoptera	Apidae	Apinae	Apis	Apis												
6f5a3740-0b4d-4fe7-9478-672f569b4a65		https://inaturalist-open-data.s3.amazonaws.com/photos/97568797/medium.jpg					Shortpod Mustard	true	A			LSchare (she/her)	81779	2020-09-27 18:56:28 UTC									Hirschfeldia incana		Shortpod Mustard			Plantae	Tracheophyta	Magnoliopsida	Brassicales	Brassicaceae	Brassicoideae	Hirschfeldia	Hirschfeldia												
ca2455d4-2440-49d0-bfe9-b82177faaf1b		https://inaturalist-open-data.s3.amazonaws.com/photos/97568833/medium.jpg					Western Honey Bee	true	A			LSchare (she/her)	81779	2020-09-27 18:56:30 UTC									Apis mellifera		Western Honey Bee			Animalia	Arthropoda	Insecta	Hymenoptera	Apidae	Apinae	Apis	Apis												
860f097c-fee8-47fa-a604-d542682fc84a		https://inaturalist-open-data.s3.amazonaws.com/photos/97568859/medium.jpeg					Foothill Carpenter Bee	true	A			LSchare (she/her)	81779	2020-09-27 18:56:31 UTC									Xylocopa tabaniformis orpifex		Foothill Carpenter Bee			Animalia	Arthropoda	Insecta	Hymenoptera	Apidae	Xylocopinae	Xylocopa	Xylocopa												
ff0de0b2-1962-476b-a771-b63a7b8d4456		https://inaturalist-open-data.s3.amazonaws.com/photos/97570716/medium.jpg					Western Honey Bee	true	A			LSchare (she/her)	81779	2020-09-27 19:01:43 UTC									Apis mellifera		Western Honey Bee			Animalia	Arthropoda	Insecta	Hymenoptera	Apidae	Apinae	Apis	Apis												
0414c523-3fb6-457a-8434-12c389c666b0		https://inaturalist-open-data.s3.amazonaws.com/photos/97570746/medium.jpg					California Wild Rose	true	A			LSchare (she/her)	81779	2020-09-27 19:01:44 UTC									Rosa californica		California Wild Rose			Plantae	Tracheophyta	Magnoliopsida	Rosales	Rosaceae	Rosoideae	Rosa	Rosa												
31e52927-f792-4401-8854-f2a8354c3ca7		https://inaturalist-open-data.s3.amazonaws.com/photos/97570841/medium.jpg					Fiery Skipper	true	A			LSchare (she/her)	81779	2020-09-27 19:01:44 UTC									Hylephila phyleus		Fiery Skipper			Animalia	Arthropoda	Insecta	Lepidoptera	Hesperiidae	Hesperiinae	Hylephila	Hylephila												
5a37887d-724b-4447-937c-c10196f70e8a		https://inaturalist-open-data.s3.amazonaws.com/photos/97570961/medium.jpeg					Woodland Skipper	true	A			LSchare (she/her)	81779	2020-09-27 19:01:46 UTC									Ochlodes sylvanoides		Woodland Skipper			Animalia	Arthropoda	Insecta	Lepidoptera	Hesperiidae	Hesperiinae	Ochlodes	Ochlodes												
446f67bb-4059-4edd-8aff-779ff96cb2c5		https://static.inaturalist.org/photos/97646534/medium.jpg					Melanopleurus fuscosus	true	A				497764	2020-09-28 00:18:05 UTC									Melanopleurus fuscosus					Animalia	Arthropoda	Insecta	Hemiptera	Lygaeidae	Lygaeinae	Melanopleurus	Melanopleurus												
f9abfbe1-5fdd-407a-80fa-c43782d7e02c		https://static.inaturalist.org/photos/97648583/medium.jpg					Western Yellowjacket	true	A				497764	2020-09-28 00:28:27 UTC									Vespula pensylvanica		Western Yellowjacket			Animalia	Arthropoda	Insecta	Hymenoptera	Vespidae	Vespinae	Vespula	Vespula												
9983d8d5-3391-4506-8f0c-d09a5c54898a		https://static.inaturalist.org/photos/97650256/medium.jpg					Woodland Skipper	true	A				497764	2020-09-28 00:35:42 UTC									Ochlodes sylvanoides		Woodland Skipper			Animalia	Arthropoda	Insecta	Lepidoptera	Hesperiidae	Hesperiinae	Ochlodes	Ochlodes												
805bd5b9-89b9-4a26-be55-dee15c41526e		https://static.inaturalist.org/photos/97860069/medium.jpg					Monarch	true	A				497764	2020-09-29 01:46:57 UTC									Danaus plexippus		Monarch			Animalia	Arthropoda	Insecta	Lepidoptera	Nymphalidae	Danainae	Danaus	Danaus												
30556be3-f751-4f5c-a6c2-c5ecd19a2f19		https://static.inaturalist.org/photos/97876323/medium.jpg					Masked Bees	true	A				497764	2020-09-29 03:55:59 UTC									Hylaeus		Masked Bees			Animalia	Arthropoda	Insecta	Hymenoptera	Colletidae	Hylaeinae	Hylaeus	Hylaeus												
3b085c5b-8de1-43ef-a8c5-d93f9ab593ad		https://static.inaturalist.org/photos/97876683/medium.jpg					Fiery Skipper	true	A				497764	2020-09-29 03:59:17 UTC									Hylephila phyleus		Fiery Skipper			Animalia	Arthropoda	Insecta	Lepidoptera	Hesperiidae	Hesperiinae	Hylephila	Hylephila												
cecc066e-185f-47d2-bc4a-09193335e3f9		https://inaturalist-open-data.s3.amazonaws.com/photos/97949090/medium.jpg					Choreutis sexfasciella	true	A			LSchare (she/her)	81779	2020-09-29 17:02:30 UTC									Choreutis sexfasciella					Animalia	Arthropoda	Insecta	Lepidoptera	Choreutidae	Choreutinae	Choreutis	Choreutis												
ceac84bd-b74e-493c-89de-1e49433d53fb		https://static.inaturalist.org/photos/98168082/medium.jpg					Gray Hairstreak	true	A				497764	2020-10-01 00:21:10 UTC									Strymon melinus		Gray Hairstreak			Animalia	Arthropoda	Insecta	Lepidoptera	Lycaenidae	Theclinae	Strymon	Strymon												
ab0ca625-fa78-4ec0-bfe8-ceffa044394d		https://static.inaturalist.org/photos/98613891/medium.jpg					Margined Calligrapher	true	A				497764	2020-10-03 22:35:12 UTC									Toxomerus marginatus		Margined Calligrapher			Animalia	Arthropoda	Insecta	Diptera	Syrphidae	Syrphinae	Toxomerus	Toxomerus												
6a0bc0e3-25da-4d23-b99e-0c2c2bf2ae8f		https://static.inaturalist.org/photos/98614961/medium.jpg					Western Honey Bee	true	A				497764	2020-10-03 22:43:22 UTC									Apis mellifera		Western Honey Bee			Animalia	Arthropoda	Insecta	Hymenoptera	Apidae	Apinae	Apis	Apis												
5c2d75bc-801e-4a0c-89ad-6badcab629aa		https://static.inaturalist.org/photos/98812387/medium.jpg					Monarch	true	A				497764	2020-10-04 23:29:12 UTC									Danaus plexippus		Monarch			Animalia	Arthropoda	Insecta	Lepidoptera	Nymphalidae	Danainae	Danaus	Danaus												
3b2bf57c-8d3a-42f8-91a2-d030565ec04e		https://inaturalist-open-data.s3.amazonaws.com/photos/100715434/medium.jpg					Gulf Fritillary	true	A			LSchare (she/her)	81779	2020-10-17 19:38:34 UTC									Dione vanillae		Gulf Fritillary			Animalia	Arthropoda	Insecta	Lepidoptera	Nymphalidae	Heliconiinae	Dione	Dione												
50a1628f-4239-4954-814d-cc8384fcb663		https://inaturalist-open-data.s3.amazonaws.com/photos/100715466/medium.jpg					Cardo común	true	A			LSchare (she/her)	81779	2020-10-17 19:38:34 UTC									Cirsium vulgare		Bull Thistle			Plantae	Tracheophyta	Magnoliopsida	Asterales	Asteraceae	Carduoideae	Cirsium	Cirsium												
bf28880c-9fa8-4f50-8b39-e28ab160bb67		https://inaturalist-open-data.s3.amazonaws.com/photos/100717055/medium.jpg					Umber Skipper	true	A			LSchare (she/her)	81779	2020-10-17 19:50:52 UTC									Lon melane		Umber Skipper			Animalia	Arthropoda	Insecta	Lepidoptera	Hesperiidae	Hesperiinae	Lon	Lon												
3d81d88d-a7d1-4c64-9cff-65910be42b70		https://inaturalist-open-data.s3.amazonaws.com/photos/100717081/medium.jpg					Thick-legged Hover Fly	true	A			LSchare (she/her)	81779	2020-10-17 19:50:52 UTC									Syritta pipiens		Thick-legged Hover Fly			Animalia	Arthropoda	Insecta	Diptera	Syrphidae	Eristalinae	Syritta	Syritta												
5cf2b001-2654-4b75-b378-037231a62e2a		https://inaturalist-open-data.s3.amazonaws.com/photos/100717132/medium.jpg					African Wild Cassia	true	A			LSchare (she/her)	81779	2020-10-17 19:50:53 UTC									Senna didymobotrya		Peanut-Butter Cassia			Plantae	Tracheophyta	Magnoliopsida	Fabales	Fabaceae	Caesalpinioideae	Senna	Senna												
ce115a47-561c-4dc1-8057-a6aaeab54728		https://inaturalist-open-data.s3.amazonaws.com/photos/100717192/medium.jpeg					Large Carpenter Bees	true	A			LSchare (she/her)	81779	2020-10-17 19:50:54 UTC									Xylocopa		Large Carpenter Bees			Animalia	Arthropoda	Insecta	Hymenoptera	Apidae	Xylocopinae	Xylocopa	Xylocopa												
f558fbe7-da7c-45ce-a1bc-d9b92d746737		https://inaturalist-open-data.s3.amazonaws.com/photos/100995180/medium.jpg					Urbane Digger Bee	true	A			LSchare (she/her)	81779	2020-10-19 03:16:47 UTC									Anthophora urbana		Urbane Digger Bee			Animalia	Arthropoda	Insecta	Hymenoptera	Apidae	Apinae	Anthophora	Anthophora												
38f3dc5f-db95-465d-8612-1c1a5db644e3		https://inaturalist-open-data.s3.amazonaws.com/photos/101063652/medium.jpg					California buckwheat	true	A			LSchare (she/her)	81779	2020-10-19 15:24:33 UTC									Eriogonum fasciculatum		California Buckwheat			Plantae	Tracheophyta	Magnoliopsida	Caryophyllales	Polygonaceae	Eriogonoideae	Eriogonum	Eriogonum												
982dbfa9-0578-4603-a805-322b9c95dff8		https://inaturalist-open-data.s3.amazonaws.com/photos/101243705/medium.jpeg					Ruby-crowned Kinglet	true	A			LSchare (she/her)	81779	2020-10-20 20:28:48 UTC									Corthylio calendula		Ruby-crowned Kinglet			Animalia	Chordata	Aves	Passeriformes	Regulidae		Corthylio	Corthylio												
b8e95bb7-2ea9-4c4c-9b86-0422e1f4fef2		https://inaturalist-open-data.s3.amazonaws.com/photos/101245589/medium.jpg					sacred datura	true	A			LSchare (she/her)	81779	2020-10-20 20:43:59 UTC									Datura wrightii		Sacred Datura			Plantae	Tracheophyta	Magnoliopsida	Solanales	Solanaceae	Solanoideae	Datura	Datura												
5a1fe427-1fb6-4106-8ffb-c1af14978c92		https://inaturalist-open-data.s3.amazonaws.com/photos/101245680/medium.jpg					Western Honey Bee	true	A			LSchare (she/her)	81779	2020-10-20 20:44:01 UTC									Apis mellifera		Western Honey Bee			Animalia	Arthropoda	Insecta	Hymenoptera	Apidae	Apinae	Apis	Apis												
11805873-d886-4d09-8943-2e2169cbe9d8		https://inaturalist-open-data.s3.amazonaws.com/photos/101247545/medium.jpg					white horehound	true	A			LSchare (she/her)	81779	2020-10-20 21:02:33 UTC									Marrubium vulgare		White Horehound			Plantae	Tracheophyta	Magnoliopsida	Lamiales	Lamiaceae	Lamioideae	Marrubium	Marrubium												
95d5be1f-e411-493c-ae35-4019877882db		https://inaturalist-open-data.s3.amazonaws.com/photos/102839100/medium.jpeg					Yellow-rumped Warbler	true	A			LSchare (she/her)	81779	2020-11-02 03:59:01 UTC									Setophaga coronata		Yellow-rumped Warbler			Animalia	Chordata	Aves	Passeriformes	Parulidae		Setophaga	Setophaga												
7c8e6be3-dd39-49c0-9622-fcb71003311f		https://inaturalist-open-data.s3.amazonaws.com/photos/102839091/medium.jpeg					Yellow-rumped Warbler	true	A			LSchare (she/her)	81779	2020-11-02 03:59:01 UTC									Setophaga coronata		Yellow-rumped Warbler			Animalia	Chordata	Aves	Passeriformes	Parulidae		Setophaga	Setophaga												
8c4f1df1-0aef-43f8-884b-25d30544f4ca		https://inaturalist-open-data.s3.amazonaws.com/photos/102839123/medium.jpg					laurel sumac	true	A			LSchare (she/her)	81779	2020-11-02 03:59:02 UTC									Malosma laurina		laurel sumac			Plantae	Tracheophyta	Magnoliopsida	Sapindales	Anacardiaceae	Anacardioideae	Malosma	Malosma												
fbb5fa81-6139-47ee-95fc-f8d87db74817		https://inaturalist-open-data.s3.amazonaws.com/photos/103051408/medium.jpg					Acmon Blue	true	A			LSchare (she/her)	81779	2020-11-03 21:07:48 UTC									Icaricia acmon		Acmon Blue			Animalia	Arthropoda	Insecta	Lepidoptera	Lycaenidae	Polyommatinae	Icaricia	Icaricia												
a9550416-1863-4767-bb31-6eadebe44f84		https://inaturalist-open-data.s3.amazonaws.com/photos/103051425/medium.jpg					Dasymutilla californica	true	A			LSchare (she/her)	81779	2020-11-03 21:07:49 UTC									Dasymutilla californica					Animalia	Arthropoda	Insecta	Hymenoptera	Mutillidae	Sphaeropthalminae	Dasymutilla	Dasymutilla												
a01101b7-e1a4-467e-99bf-ed7002922ed4		https://inaturalist-open-data.s3.amazonaws.com/photos/103051482/medium.jpg					Long-stemmed Buckwheat	true	A			LSchare (she/her)	81779	2020-11-03 21:07:49 UTC									Eriogonum elongatum		Long-stemmed Buckwheat			Plantae	Tracheophyta	Magnoliopsida	Caryophyllales	Polygonaceae	Eriogonoideae	Eriogonum	Eriogonum												
12faa9d9-68ca-489d-a640-038b1707efb9		https://inaturalist-open-data.s3.amazonaws.com/photos/103051583/medium.jpg					Convergent Lady Beetle	true	A			LSchare (she/her)	81779	2020-11-03 21:07:50 UTC									Hippodamia convergens		Convergent Lady Beetle			Animalia	Arthropoda	Insecta	Coleoptera	Coccinellidae	Coccinellinae	Hippodamia	Hippodamia												
753e0793-bec6-4274-86e8-cc569faaaa92		https://inaturalist-open-data.s3.amazonaws.com/photos/103051601/medium.jpg					common sunflower	true	A			LSchare (she/her)	81779	2020-11-03 21:07:50 UTC									Helianthus annuus		Common Sunflower			Plantae	Tracheophyta	Magnoliopsida	Asterales	Asteraceae	Asteroideae	Helianthus	Helianthus												
457af036-90c8-4d42-acfc-ad8234c0ba90		https://inaturalist-open-data.s3.amazonaws.com/photos/103051999/medium.jpg					California Aster	true	A			LSchare (she/her)	81779	2020-11-03 21:07:54 UTC									Corethrogyne filaginifolia		California Aster			Plantae	Tracheophyta	Magnoliopsida	Asterales	Asteraceae	Asteroideae	Corethrogyne	Corethrogyne												
0818ebf7-ac8e-47d5-83b7-9c0a8753a2a5		https://inaturalist-open-data.s3.amazonaws.com/photos/103051967/medium.jpg					Cabbage White	true	A			LSchare (she/her)	81779	2020-11-03 21:07:54 UTC									Pieris rapae		Small White			Animalia	Arthropoda	Insecta	Lepidoptera	Pieridae	Pierinae	Pieris	Pieris												
34efa3af-2c98-4cc8-a7d6-b0f564a35831		https://static.inaturalist.org/photos/103697617/medium.jpg					Fiery Skipper	true	A				497764	2020-11-09 02:56:40 UTC									Hylephila phyleus		Fiery Skipper			Animalia	Arthropoda	Insecta	Lepidoptera	Hesperiidae	Hesperiinae	Hylephila	Hylephila												
64ae322a-c7a5-4e13-90b8-95f0acd4c865		https://static.inaturalist.org/photos/103698114/medium.jpg					Black-backed Grass Skimmer	true	A				497764	2020-11-09 03:00:32 UTC									Paragus haemorrhous		Common Grass Skimmer			Animalia	Arthropoda	Insecta	Diptera	Syrphidae	Syrphinae	Paragus	Paragus												
ee24ab59-e0e0-4e6f-a653-35696519d57a		https://static.inaturalist.org/photos/103698195/medium.jpg					Agapostemon subtilior	true	A				497764	2020-11-09 03:01:14 UTC									Agapostemon subtilior		Fine Striped Sweat Bee			Animalia	Arthropoda	Insecta	Hymenoptera	Halictidae	Halictinae	Agapostemon	Agapostemon												
2375f89f-0cc3-4dfc-8e3b-f43ef0d2d498		https://inaturalist-open-data.s3.amazonaws.com/photos/103905614/medium.jpg					fennel	true	A			LSchare (she/her)	81779	2020-11-10 19:23:23 UTC									Foeniculum vulgare		fennel			Plantae	Tracheophyta	Magnoliopsida	Apiales	Apiaceae	Apioideae	Foeniculum	Foeniculum												
0e98e70d-286f-49b6-863c-de1c43885629		https://inaturalist-open-data.s3.amazonaws.com/photos/103905639/medium.jpeg					Western Honey Bee	true	A			LSchare (she/her)	81779	2020-11-10 19:23:23 UTC									Apis mellifera		Western Honey Bee			Animalia	Arthropoda	Insecta	Hymenoptera	Apidae	Apinae	Apis	Apis												
7350a700-bf35-4793-bc47-ce66a7916696		https://inaturalist-open-data.s3.amazonaws.com/photos/103905921/medium.jpg					Bushtit	true	A			LSchare (she/her)	81779	2020-11-10 19:23:29 UTC									Psaltriparus minimus		Bushtit			Animalia	Chordata	Aves	Passeriformes	Aegithalidae		Psaltriparus	Psaltriparus												
ef5e58eb-6370-49c7-bb91-3b7c002a9012		https://inaturalist-open-data.s3.amazonaws.com/photos/103905948/medium.jpg					Telegraphweed	true	A			LSchare (she/her)	81779	2020-11-10 19:23:30 UTC									Heterotheca grandiflora		Telegraphweed			Plantae	Tracheophyta	Magnoliopsida	Asterales	Asteraceae	Asteroideae	Heterotheca	Heterotheca												
e4c02910-09e6-4669-9b85-090d19b6474d		https://inaturalist-open-data.s3.amazonaws.com/photos/103905962/medium.jpg					Bushtit	true	A			LSchare (she/her)	81779	2020-11-10 19:23:30 UTC									Psaltriparus minimus		Bushtit			Animalia	Chordata	Aves	Passeriformes	Aegithalidae		Psaltriparus	Psaltriparus												
fd87f371-7ead-4e49-adc7-26c69bd30bab		https://inaturalist-open-data.s3.amazonaws.com/photos/103905974/medium.jpg					Bushtit	true	A			LSchare (she/her)	81779	2020-11-10 19:23:30 UTC									Psaltriparus minimus		Bushtit			Animalia	Chordata	Aves	Passeriformes	Aegithalidae		Psaltriparus	Psaltriparus												
e59c717e-c7ac-40e4-8214-72c80394f21d		https://inaturalist-open-data.s3.amazonaws.com/photos/104152143/medium.jpg					Western Honey Bee	true	A			LSchare (she/her)	81779	2020-11-12 21:25:25 UTC									Apis mellifera		Western Honey Bee			Animalia	Arthropoda	Insecta	Hymenoptera	Apidae	Apinae	Apis	Apis												
42ff6d9e-874f-45a2-8ee5-134f5c7e7b54		https://inaturalist-open-data.s3.amazonaws.com/photos/104152305/medium.jpg					coyote brush	true	A			LSchare (she/her)	81779	2020-11-12 21:25:27 UTC									Baccharis pilularis		coyote brush			Plantae	Tracheophyta	Magnoliopsida	Asterales	Asteraceae	Asteroideae	Baccharis	Baccharis												
a51d6333-f939-4f28-9244-003d76d01456		https://inaturalist-open-data.s3.amazonaws.com/photos/104152275/medium.jpg					Western Yellowjacket	true	A			LSchare (she/her)	81779	2020-11-12 21:25:27 UTC									Vespula pensylvanica		Western Yellowjacket			Animalia	Arthropoda	Insecta	Hymenoptera	Vespidae	Vespinae	Vespula	Vespula												
6586ad7d-42a1-4717-ae46-a3f416da6470		https://inaturalist-open-data.s3.amazonaws.com/photos/104152345/medium.jpg					Western Honey Bee	true	A			LSchare (she/her)	81779	2020-11-12 21:25:27 UTC									Apis mellifera		Western Honey Bee			Animalia	Arthropoda	Insecta	Hymenoptera	Apidae	Apinae	Apis	Apis												
97824487-87b6-4ec8-87a8-5e2a1270c791		https://inaturalist-open-data.s3.amazonaws.com/photos/105298751/medium.jpeg					Ruby-crowned Kinglet	true	A			LSchare (she/her)	81779	2020-11-22 19:38:55 UTC									Corthylio calendula		Ruby-crowned Kinglet			Animalia	Chordata	Aves	Passeriformes	Regulidae		Corthylio	Corthylio												
adc90f0f-f6cc-4a22-8af6-7b0303aff7aa		https://inaturalist-open-data.s3.amazonaws.com/photos/105298764/medium.jpg					horseweed	true	A			LSchare (she/her)	81779	2020-11-22 19:38:55 UTC									Erigeron canadensis		horseweed			Plantae	Tracheophyta	Magnoliopsida	Asterales	Asteraceae	Asteroideae	Erigeron	Erigeron												
86a10ff3-a10d-4a63-aff0-636715e78977		https://inaturalist-open-data.s3.amazonaws.com/photos/7732852/medium.jpg					California buckwheat	true	A			David Kaposi	109975	2020-12-11 04:20:19 UTC									Eriogonum fasciculatum		California Buckwheat			Plantae	Tracheophyta	Magnoliopsida	Caryophyllales	Polygonaceae	Eriogonoideae	Eriogonum	Eriogonum												
95ac2cd2-e63b-4fa4-b7d7-765ffebcbd7e		https://inaturalist-open-data.s3.amazonaws.com/photos/107853416/medium.jpg					common sunflower	true	A			LSchare (she/her)	81779	2020-12-20 22:00:16 UTC									Helianthus annuus		Common Sunflower			Plantae	Tracheophyta	Magnoliopsida	Asterales	Asteraceae	Asteroideae	Helianthus	Helianthus												
f85cfdf0-c10e-49e5-8b62-19b3315d88dc		https://inaturalist-open-data.s3.amazonaws.com/photos/107853420/medium.jpg					Western Honey Bee	true	A			LSchare (she/her)	81779	2020-12-20 22:00:17 UTC									Apis mellifera		Western Honey Bee			Animalia	Arthropoda	Insecta	Hymenoptera	Apidae	Apinae	Apis	Apis												
60ab043c-2414-4e3c-a591-b9315fc19728		https://inaturalist-open-data.s3.amazonaws.com/photos/107853425/medium.jpg					Zevenstippelig lieveheersbeestje	true	A			LSchare (she/her)	81779	2020-12-20 22:00:17 UTC									Coccinella septempunctata		Seven-spotted Lady Beetle			Animalia	Arthropoda	Insecta	Coleoptera	Coccinellidae	Coccinellinae	Coccinella	Coccinella												
d1fe2079-49d8-4666-b221-d0c15af989e3		https://inaturalist-open-data.s3.amazonaws.com/photos/107853448/medium.jpg					White Sweetclover	true	A			LSchare (she/her)	81779	2020-12-20 22:00:18 UTC									Melilotus albus		White Sweetclover			Plantae	Tracheophyta	Magnoliopsida	Fabales	Fabaceae	Faboideae	Melilotus	Melilotus												
44a9d65e-1da1-440c-beeb-edbf6ff9ddde		https://inaturalist-open-data.s3.amazonaws.com/photos/110216316/medium.jpg					Western Aphideater	true	A			LSchare (she/her)	81779	2021-01-15 19:46:05 UTC									Eupeodes fumipennis		Western Aphideater			Animalia	Arthropoda	Insecta	Diptera	Syrphidae	Syrphinae	Eupeodes	Eupeodes												
7a5288b9-3235-4f28-a032-68592bc4adb3		https://inaturalist-open-data.s3.amazonaws.com/photos/110216402/medium.jpg					Common Sow-thistle	true	A			LSchare (she/her)	81779	2021-01-15 19:46:05 UTC									Sonchus oleraceus		Common Sow-thistle			Plantae	Tracheophyta	Magnoliopsida	Asterales	Asteraceae	Cichorioideae	Sonchus	Sonchus												
b89619c6-a625-4a81-a57a-9eeb4788d964		https://inaturalist-open-data.s3.amazonaws.com/photos/110216464/medium.jpg					Western Honey Bee	true	A			LSchare (she/her)	81779	2021-01-15 19:46:06 UTC									Apis mellifera		Western Honey Bee			Animalia	Arthropoda	Insecta	Hymenoptera	Apidae	Apinae	Apis	Apis												
a182eb46-7309-4146-8d5d-c1a8617b8456		https://inaturalist-open-data.s3.amazonaws.com/photos/110216489/medium.jpg					Bermuda buttercup	true	A			LSchare (she/her)	81779	2021-01-15 19:46:06 UTC									Oxalis pes-caprae		Bermuda buttercup			Plantae	Tracheophyta	Magnoliopsida	Oxalidales	Oxalidaceae		Oxalis	Oxalis												
a4892ccc-3a93-4299-9461-6711f0fbaa93		https://inaturalist-open-data.s3.amazonaws.com/photos/110216610/medium.jpeg					Lesser Goldfinch	true	A			LSchare (she/her)	81779	2021-01-15 19:46:08 UTC									Spinus psaltria		Lesser Goldfinch			Animalia	Chordata	Aves	Passeriformes	Fringillidae		Spinus	Spinus												
9624490c-12ff-4a4f-9481-69add207a31e		https://inaturalist-open-data.s3.amazonaws.com/photos/111292499/medium.jpg					mule fat	true	A			LSchare (she/her)	81779	2021-01-27 18:18:41 UTC									Baccharis salicifolia		mule fat			Plantae	Tracheophyta	Magnoliopsida	Asterales	Asteraceae	Asteroideae	Baccharis	Baccharis												
fac0cea6-9150-4203-91e1-1254a1287611		https://inaturalist-open-data.s3.amazonaws.com/photos/111292511/medium.jpg					Orange-crowned Warbler	true	A			LSchare (she/her)	81779	2021-01-27 18:18:42 UTC									Leiothlypis celata		Orange-crowned Warbler			Animalia	Chordata	Aves	Passeriformes	Parulidae		Leiothlypis	Leiothlypis												
cf4788a6-8295-4603-9bb7-96d9bee7375e		https://inaturalist-open-data.s3.amazonaws.com/photos/111667147/medium.jpg					Gulf Fritillary	true	A			LSchare (she/her)	81779	2021-02-01 01:15:23 UTC									Dione vanillae		Gulf Fritillary			Animalia	Arthropoda	Insecta	Lepidoptera	Nymphalidae	Heliconiinae	Dione	Dione												
0f199848-82ee-4597-a9c4-a7566b2dd2b9		https://inaturalist-open-data.s3.amazonaws.com/photos/111667153/medium.jpeg					common dandelion	true	A			LSchare (she/her)	81779	2021-02-01 01:15:24 UTC									Taraxacum officinale		common dandelion			Plantae	Tracheophyta	Magnoliopsida	Asterales	Asteraceae	Cichorioideae	Taraxacum	Taraxacum												
e8b95a58-ef60-490e-9545-628cd034bfc1		https://inaturalist-open-data.s3.amazonaws.com/photos/111667159/medium.jpg					Western Honey Bee	true	A			LSchare (she/her)	81779	2021-02-01 01:15:24 UTC									Apis mellifera		Western Honey Bee			Animalia	Arthropoda	Insecta	Hymenoptera	Apidae	Apinae	Apis	Apis												
2da41fdb-bc0c-4470-98b8-81a0479345a1		https://inaturalist-open-data.s3.amazonaws.com/photos/111990877/medium.jpg					Geraldton Carnation Weed	true	A			LSchare (she/her)	81779	2021-02-04 22:19:38 UTC									Euphorbia terracina		carnation spurge			Plantae	Tracheophyta	Magnoliopsida	Malpighiales	Euphorbiaceae	Euphorbioideae	Euphorbia	Euphorbia												
2401a0c7-36c7-4d58-bd75-d67e40eb6017		https://inaturalist-open-data.s3.amazonaws.com/photos/111997240/medium.jpeg					Black-backed Grass Skimmer	true	A			LSchare (she/her)	81779	2021-02-04 23:43:37 UTC									Paragus haemorrhous		Common Grass Skimmer			Animalia	Arthropoda	Insecta	Diptera	Syrphidae	Syrphinae	Paragus	Paragus												
9af9e252-1ef3-4376-9327-7fd10548c4c1		https://inaturalist-open-data.s3.amazonaws.com/photos/111997283/medium.jpg					Cliff Aster	true	A			LSchare (she/her)	81779	2021-02-04 23:43:37 UTC									Malacothrix saxatilis		Cliff Aster			Plantae	Tracheophyta	Magnoliopsida	Asterales	Asteraceae	Cichorioideae	Malacothrix	Malacothrix												
76820b70-edd3-4ed5-8cb6-28e7ee79df85		https://inaturalist-open-data.s3.amazonaws.com/photos/112005238/medium.jpg					Western Honey Bee	true	A			LSchare (she/her)	81779	2021-02-05 01:23:25 UTC									Apis mellifera		Western Honey Bee			Animalia	Arthropoda	Insecta	Hymenoptera	Apidae	Apinae	Apis	Apis												
fd9321d6-1485-40c9-b98d-bb9865bb5ae6		https://inaturalist-open-data.s3.amazonaws.com/photos/112005292/medium.jpg					California Bumble Bee	true	A			LSchare (she/her)	81779	2021-02-05 01:23:26 UTC									Bombus californicus		California Bumble Bee			Animalia	Arthropoda	Insecta	Hymenoptera	Apidae	Apinae	Bombus	Bombus												
9ed0542c-dee9-4518-9a4f-64a4dd652d41		https://inaturalist-open-data.s3.amazonaws.com/photos/112005331/medium.jpg					blue plumbago	true	A			LSchare (she/her)	81779	2021-02-05 01:23:26 UTC									Plumbago auriculata		blue plumbago			Plantae	Tracheophyta	Magnoliopsida	Caryophyllales	Plumbaginaceae		Plumbago	Plumbago												
47b1fa29-689c-4862-b4a3-5f5ff59cc7a4		https://inaturalist-open-data.s3.amazonaws.com/photos/112370598/medium.jpg					Western Honey Bee	true	A			LSchare (she/her)	81779	2021-02-08 20:18:23 UTC									Apis mellifera		Western Honey Bee			Animalia	Arthropoda	Insecta	Hymenoptera	Apidae	Apinae	Apis	Apis												
6d81c98b-c768-4fdc-b1fb-38c9202f01f6		https://inaturalist-open-data.s3.amazonaws.com/photos/112370670/medium.jpg					wild and domestic radishes	true	A			LSchare (she/her)	81779	2021-02-08 20:18:23 UTC									Raphanus raphanistrum sativus		garden radish			Plantae	Tracheophyta	Magnoliopsida	Brassicales	Brassicaceae	Brassicoideae	Raphanus	Raphanus												
12409a1e-5168-47f1-82a5-1cd25fcd61ae		https://inaturalist-open-data.s3.amazonaws.com/photos/112389845/medium.jpeg					House Finch	true	A			LSchare (she/her)	81779	2021-02-09 00:01:56 UTC									Haemorhous mexicanus		House Finch			Animalia	Chordata	Aves	Passeriformes	Fringillidae		Haemorhous	Haemorhous												
f81d0f85-76dc-4a59-ad11-72c5b1cd71dd		https://inaturalist-open-data.s3.amazonaws.com/photos/112389878/medium.jpg					Toyon	true	A			LSchare (she/her)	81779	2021-02-09 00:01:57 UTC									Heteromeles arbutifolia		Toyon			Plantae	Tracheophyta	Magnoliopsida	Rosales	Rosaceae	Amygdaloideae	Heteromeles	Heteromeles												
3f202678-2b8d-40d9-95d8-eb265ee5848c		https://inaturalist-open-data.s3.amazonaws.com/photos/113037319/medium.jpg					Persischer Ehrenpreis	true	A			LSchare (she/her)	81779	2021-02-15 22:04:31 UTC									Veronica persica		bird's-eye speedwell			Plantae	Tracheophyta	Magnoliopsida	Lamiales	Plantaginaceae		Veronica	Veronica												
5ff7a0fb-e2a0-4067-ba94-3cae9f8f69d4		https://inaturalist-open-data.s3.amazonaws.com/photos/114011878/medium.jpg					Western Honey Bee	true	A			LSchare (she/her)	81779	2021-02-25 22:13:44 UTC									Apis mellifera		Western Honey Bee			Animalia	Arthropoda	Insecta	Hymenoptera	Apidae	Apinae	Apis	Apis												
776f8adc-919a-4bc7-8255-a634d0410e07		https://inaturalist-open-data.s3.amazonaws.com/photos/114092230/medium.jpeg					Tripartite Sweat Bee	true	A			LSchare (she/her)	81779	2021-02-26 20:08:29 UTC									Halictus tripartitus		Tripartite Sweat Bee			Animalia	Arthropoda	Insecta	Hymenoptera	Halictidae	Halictinae	Halictus	Halictus												
7d4f97d1-f501-49b4-b760-b89c444b9dd1		https://inaturalist-open-data.s3.amazonaws.com/photos/115778921/medium.jpg					Western Honey Bee	true	A			LSchare (she/her)	81779	2021-03-13 17:34:22 UTC									Apis mellifera		Western Honey Bee			Animalia	Arthropoda	Insecta	Hymenoptera	Apidae	Apinae	Apis	Apis												
28ea8db4-2a0e-4032-9e9a-d34d3ccb547d		https://inaturalist-open-data.s3.amazonaws.com/photos/115778957/medium.jpg					Common Fiddleneck	true	A			LSchare (she/her)	81779	2021-03-13 17:34:22 UTC									Amsinckia menziesii		Common Fiddleneck			Plantae	Tracheophyta	Magnoliopsida	Boraginales	Boraginaceae	Cynoglossoideae	Amsinckia	Amsinckia												
1756cd47-0bb4-4d0d-a5fe-2e09cfdb7b1b		https://inaturalist-open-data.s3.amazonaws.com/photos/115779037/medium.jpg					Western Honey Bee	true	A			LSchare (she/her)	81779	2021-03-13 17:34:23 UTC									Apis mellifera		Western Honey Bee			Animalia	Arthropoda	Insecta	Hymenoptera	Apidae	Apinae	Apis	Apis												
561093c1-fac1-4e89-b8cd-0e6fdaa92ec3		https://inaturalist-open-data.s3.amazonaws.com/photos/115779057/medium.jpg					Bermuda buttercup	true	A			LSchare (she/her)	81779	2021-03-13 17:34:24 UTC									Oxalis pes-caprae		Bermuda buttercup			Plantae	Tracheophyta	Magnoliopsida	Oxalidales	Oxalidaceae		Oxalis	Oxalis												
db1c4f1e-fb86-4988-9224-83f763466de3		https://inaturalist-open-data.s3.amazonaws.com/photos/115910833/medium.jpeg					Abeja melífera europea	true	A			Andrea Kreuzhage	828394	2021-03-14 14:48:41 UTC									Apis mellifera		Western Honey Bee			Animalia	Arthropoda	Insecta	Hymenoptera	Apidae	Apinae	Apis	Apis												
1586628e-18ef-4edb-af5e-d93a114e29b5		https://inaturalist-open-data.s3.amazonaws.com/photos/116219617/medium.jpg					California brittlebush	true	A			LSchare (she/her)	81779	2021-03-16 21:55:05 UTC									Encelia californica		California brittlebush			Plantae	Tracheophyta	Magnoliopsida	Asterales	Asteraceae	Asteroideae	Encelia	Encelia												
10c35b85-b517-4286-b391-916035f3323d		https://inaturalist-open-data.s3.amazonaws.com/photos/116219627/medium.jpg					Western Honey Bee	true	A			LSchare (she/her)	81779	2021-03-16 21:55:07 UTC									Apis mellifera		Western Honey Bee			Animalia	Arthropoda	Insecta	Hymenoptera	Apidae	Apinae	Apis	Apis												
7f3c3e68-5f5f-4df7-b0b8-000ce9677486		https://inaturalist-open-data.s3.amazonaws.com/photos/116985670/medium.jpeg					Acmon Blue	true	A			LSchare (she/her)	81779	2021-03-22 19:10:35 UTC									Icaricia acmon		Acmon Blue			Animalia	Arthropoda	Insecta	Lepidoptera	Lycaenidae	Polyommatinae	Icaricia	Icaricia												
5be1f7ba-6015-43b2-94e8-54f0e99d7fd2		https://inaturalist-open-data.s3.amazonaws.com/photos/116985687/medium.jpeg					Redstem Stork's-bill	true	A			LSchare (she/her)	81779	2021-03-22 19:10:35 UTC									Erodium cicutarium		Redstem Stork's-bill			Plantae	Tracheophyta	Magnoliopsida	Geraniales	Geraniaceae		Erodium	Erodium												
e63a8646-3d71-4562-a13a-82238830f522		https://inaturalist-open-data.s3.amazonaws.com/photos/117261555/medium.jpg					Gray Hairstreak	true	A			Katherine Hadary	1424366	2021-03-24 20:20:54 UTC									Strymon melinus		Gray Hairstreak			Animalia	Arthropoda	Insecta	Lepidoptera	Lycaenidae	Theclinae	Strymon	Strymon												
81b3f673-8fa2-4254-ac56-acd3f980ecc9		https://inaturalist-open-data.s3.amazonaws.com/photos/117285186/medium.jpeg					California brittlebush	true	A			LSchare (she/her)	81779	2021-03-24 23:36:54 UTC									Encelia californica		California brittlebush			Plantae	Tracheophyta	Magnoliopsida	Asterales	Asteraceae	Asteroideae	Encelia	Encelia												
a0742316-c57c-44d7-bc48-3228eac45f84		https://inaturalist-open-data.s3.amazonaws.com/photos/117285160/medium.jpeg					Tripartite Sweat Bee	true	A			LSchare (she/her)	81779	2021-03-24 23:36:54 UTC									Halictus tripartitus		Tripartite Sweat Bee			Animalia	Arthropoda	Insecta	Hymenoptera	Halictidae	Halictinae	Halictus	Halictus												
69ca1a09-0504-4b32-af61-951af8ca5d97		https://inaturalist-open-data.s3.amazonaws.com/photos/117285251/medium.jpeg					Tripartite Sweat Bee	true	A			LSchare (she/her)	81779	2021-03-24 23:36:55 UTC									Halictus tripartitus		Tripartite Sweat Bee			Animalia	Arthropoda	Insecta	Hymenoptera	Halictidae	Halictinae	Halictus	Halictus												
f6210c1a-767e-4f4c-a8f9-a2003994a2d2		https://inaturalist-open-data.s3.amazonaws.com/photos/117553147/medium.jpg					Western Honey Bee	true	A			Katherine Hadary	1424366	2021-03-27 01:26:30 UTC									Apis mellifera		Western Honey Bee			Animalia	Arthropoda	Insecta	Hymenoptera	Apidae	Apinae	Apis	Apis												
536231ad-83ec-465e-9db9-b00ece3f1197		https://inaturalist-open-data.s3.amazonaws.com/photos/117710442/medium.jpeg					Thick-legged Hover Fly	true	A			LSchare (she/her)	81779	2021-03-28 00:16:36 UTC									Syritta pipiens		Thick-legged Hover Fly			Animalia	Arthropoda	Insecta	Diptera	Syrphidae	Eristalinae	Syritta	Syritta												
9a78212e-927f-4905-8239-2157bd901481		https://inaturalist-open-data.s3.amazonaws.com/photos/117710523/medium.jpeg					common yarrow	true	A			LSchare (she/her)	81779	2021-03-28 00:16:36 UTC									Achillea millefolium		common yarrow			Plantae	Tracheophyta	Magnoliopsida	Asterales	Asteraceae	Asteroideae	Achillea	Achillea												
0dd3d8d3-1ed6-44a3-96ed-e32589922d00		https://inaturalist-open-data.s3.amazonaws.com/photos/117710596/medium.jpeg					Umber Skipper	true	A			LSchare (she/her)	81779	2021-03-28 00:16:36 UTC									Lon melane		Umber Skipper			Animalia	Arthropoda	Insecta	Lepidoptera	Hesperiidae	Hesperiinae	Lon	Lon												
20885d05-0382-4021-9da7-7613fbd05c55		https://inaturalist-open-data.s3.amazonaws.com/photos/117710616/medium.jpeg					bird's-foot trefoil	true	A			LSchare (she/her)	81779	2021-03-28 00:16:37 UTC									Lotus corniculatus		bird's-foot trefoil			Plantae	Tracheophyta	Magnoliopsida	Fabales	Fabaceae	Faboideae	Lotus	Lotus												
402fabd1-6bfa-44b8-bc80-ae6f07fa527d		https://inaturalist-open-data.s3.amazonaws.com/photos/117712021/medium.jpeg					Metallic Sweat Bees	true	A			LSchare (she/her)	81779	2021-03-28 00:30:32 UTC									Dialictus		Metallic Sweat Bees			Animalia	Arthropoda	Insecta	Hymenoptera	Halictidae	Halictinae	Lasioglossum	Lasioglossum												
9d1b966f-0874-40fc-a2ce-aafb18a92e1e		https://inaturalist-open-data.s3.amazonaws.com/photos/117712132/medium.jpeg					Metallic Sweat Bees	true	A			LSchare (she/her)	81779	2021-03-28 00:30:34 UTC									Dialictus		Metallic Sweat Bees			Animalia	Arthropoda	Insecta	Hymenoptera	Halictidae	Halictinae	Lasioglossum	Lasioglossum												
c2a9789a-7de3-422a-8d41-173484af76bd		https://inaturalist-open-data.s3.amazonaws.com/photos/117712195/medium.jpeg					California poppy	true	A			LSchare (she/her)	81779	2021-03-28 00:30:34 UTC									Eschscholzia californica		California poppy			Plantae	Tracheophyta	Magnoliopsida	Ranunculales	Papaveraceae	Papaveroideae	Eschscholzia	Eschscholzia												
46d59618-890c-45ab-ba6c-dc4f624d7fd7		https://inaturalist-open-data.s3.amazonaws.com/photos/117983928/medium.jpeg					Sara Orangetip	true	A			LSchare (she/her)	81779	2021-03-29 16:31:43 UTC									Anthocharis sara		Sara Orangetip			Animalia	Arthropoda	Insecta	Lepidoptera	Pieridae	Pierinae	Anthocharis	Anthocharis												
11ba7720-cea6-449d-aa71-ec8ebb95ee07		https://inaturalist-open-data.s3.amazonaws.com/photos/118414537/medium.jpeg					Wide-striped Sweat Bee	true	A			Andrea Kreuzhage	828394	2021-04-01 15:18:08 UTC									Halictus farinosus		Wide-striped Sweat Bee			Animalia	Arthropoda	Insecta	Hymenoptera	Halictidae	Halictinae	Halictus	Halictus												
39c061e0-0b91-46f5-85ed-35bfff1f020d		https://inaturalist-open-data.s3.amazonaws.com/photos/118419588/medium.jpeg					Wide-striped Sweat Bee	true	A			LSchare (she/her)	81779	2021-04-01 16:05:01 UTC									Halictus farinosus		Wide-striped Sweat Bee			Animalia	Arthropoda	Insecta	Hymenoptera	Halictidae	Halictinae	Halictus	Halictus												
d273a12d-e57e-4f04-8608-7724b352296e		https://inaturalist-open-data.s3.amazonaws.com/photos/118419627/medium.jpeg					California brittlebush	true	A			LSchare (she/her)	81779	2021-04-01 16:05:01 UTC									Encelia californica		California brittlebush			Plantae	Tracheophyta	Magnoliopsida	Asterales	Asteraceae	Asteroideae	Encelia	Encelia												
ebd4f82d-877c-46e5-a135-da6003b17aa2		https://inaturalist-open-data.s3.amazonaws.com/photos/118419756/medium.jpeg					Western Leaf-footed Bug	true	A			LSchare (she/her)	81779	2021-04-01 16:05:03 UTC									Leptoglossus clypealis		Western Leaf-footed Bug			Animalia	Arthropoda	Insecta	Hemiptera	Coreidae	Coreinae	Leptoglossus	Leptoglossus												
807a0091-1602-45ff-a35c-90e4dac606e5		https://inaturalist-open-data.s3.amazonaws.com/photos/118419810/medium.jpeg					Wide-striped Sweat Bee	true	A			LSchare (she/her)	81779	2021-04-01 16:05:03 UTC									Halictus farinosus		Wide-striped Sweat Bee			Animalia	Arthropoda	Insecta	Hymenoptera	Halictidae	Halictinae	Halictus	Halictus												
39cc6d06-04d2-4950-8ff3-0eea3cf51f1a		https://inaturalist-open-data.s3.amazonaws.com/photos/118442439/medium.jpeg					California brittlebush	true	A			LSchare (she/her)	81779	2021-04-01 19:12:39 UTC									Encelia californica		California brittlebush			Plantae	Tracheophyta	Magnoliopsida	Asterales	Asteraceae	Asteroideae	Encelia	Encelia												
bd048802-5fc4-4f7c-b24b-26748450482e		https://inaturalist-open-data.s3.amazonaws.com/photos/118442476/medium.jpeg					Catorhintha apicalis	true	A			LSchare (she/her)	81779	2021-04-01 19:12:41 UTC									Catorhintha apicalis					Animalia	Arthropoda	Insecta	Hemiptera	Coreidae	Coreinae	Catorhintha	Catorhintha												
b636564e-325a-4b5e-bf48-844327ed4019		https://inaturalist-open-data.s3.amazonaws.com/photos/118442529/medium.jpeg					Sunflower Seed Maggot	true	A			LSchare (she/her)	81779	2021-04-01 19:12:42 UTC									Neotephritis finalis		Sunflower Seed Maggot			Animalia	Arthropoda	Insecta	Diptera	Tephritidae	Tephritinae	Neotephritis	Neotephritis												
dfca08cd-195b-4ac4-8d60-0c80f5b00022		https://inaturalist-open-data.s3.amazonaws.com/photos/118444529/medium.jpeg					Behr's Metalmark	true	A			LSchare (she/her)	81779	2021-04-01 19:25:52 UTC									Apodemia virgulti		Behr's Metalmark			Animalia	Arthropoda	Insecta	Lepidoptera	Riodinidae	Riodininae	Apodemia	Apodemia												
2fe3e44c-7d03-4878-8882-11ea94bfd92e		https://inaturalist-open-data.s3.amazonaws.com/photos/118444732/medium.jpeg					Golden Yarrow	true	A			LSchare (she/her)	81779	2021-04-01 19:25:54 UTC									Eriophyllum confertiflorum		Golden Yarrow			Plantae	Tracheophyta	Magnoliopsida	Asterales	Asteraceae	Asteroideae	Eriophyllum	Eriophyllum												
c5b1aaca-f29c-4392-b153-b6eec9c9f84b		https://inaturalist-open-data.s3.amazonaws.com/photos/118477859/medium.jpg					Western Honey Bee	true	A			Katherine Hadary	1424366	2021-04-01 23:40:50 UTC									Apis mellifera		Western Honey Bee			Animalia	Arthropoda	Insecta	Hymenoptera	Apidae	Apinae	Apis	Apis												
57ba4359-fe3f-41b6-95e8-d1879f1a425a		https://inaturalist-open-data.s3.amazonaws.com/photos/118478252/medium.jpg					Western Honey Bee	true	A			Katherine Hadary	1424366	2021-04-01 23:44:57 UTC									Apis mellifera		Western Honey Bee			Animalia	Arthropoda	Insecta	Hymenoptera	Apidae	Apinae	Apis	Apis												
b02f5b1a-d826-4824-a701-34e37e60aea1		https://inaturalist-open-data.s3.amazonaws.com/photos/118494910/medium.jpeg					Behr's Metalmark	true	A			Andrea Kreuzhage	828394	2021-04-02 02:13:17 UTC									Apodemia virgulti		Behr's Metalmark			Animalia	Arthropoda	Insecta	Lepidoptera	Riodinidae	Riodininae	Apodemia	Apodemia												
c14244cd-f8f0-455e-8e28-8aefe8cce770		https://inaturalist-open-data.s3.amazonaws.com/photos/118559227/medium.jpeg					Black-backed Grass Skimmer	true	A			Andrea Kreuzhage	828394	2021-04-02 14:59:36 UTC									Paragus haemorrhous		Common Grass Skimmer			Animalia	Arthropoda	Insecta	Diptera	Syrphidae	Syrphinae	Paragus	Paragus												
79023542-c552-4c96-bd92-704f56a8b694		https://inaturalist-open-data.s3.amazonaws.com/photos/118559301/medium.jpeg					Persischer Ehrenpreis	true	A			Andrea Kreuzhage	828394	2021-04-02 15:01:29 UTC									Veronica persica		bird's-eye speedwell			Plantae	Tracheophyta	Magnoliopsida	Lamiales	Plantaginaceae		Veronica	Veronica												
694f5369-cbd8-451f-9b20-81b0b16d7a4e		https://inaturalist-open-data.s3.amazonaws.com/photos/118564760/medium.jpeg					Edwards's Digger Bee	true	A			Andrea Kreuzhage	828394	2021-04-02 15:48:09 UTC									Anthophora edwardsii					Animalia	Arthropoda	Insecta	Hymenoptera	Apidae	Apinae	Anthophora	Anthophora												
4f003503-af7f-430f-a991-353edd55465a		https://inaturalist-open-data.s3.amazonaws.com/photos/118721670/medium.jpeg					Common Fiddleneck	true	A			Andrea Kreuzhage	828394	2021-04-03 14:05:00 UTC									Amsinckia menziesii		Common Fiddleneck			Plantae	Tracheophyta	Magnoliopsida	Boraginales	Boraginaceae	Cynoglossoideae	Amsinckia	Amsinckia												
94d5edb9-88c5-477d-ba5f-6ac02c57a746		https://inaturalist-open-data.s3.amazonaws.com/photos/118721765/medium.jpeg					Square-headed Mason	true	A			Andrea Kreuzhage	828394	2021-04-03 14:06:18 UTC									Osmia montana quadriceps					Animalia	Arthropoda	Insecta	Hymenoptera	Megachilidae	Megachilinae	Osmia	Osmia												
d7d44e41-621b-4352-b590-e50e4cc32adc		https://inaturalist-open-data.s3.amazonaws.com/photos/119147788/medium.jpeg					Annaphila decia	true	A			Andrea Kreuzhage	828394	2021-04-05 15:07:50 UTC									Annaphila decia					Animalia	Arthropoda	Insecta	Lepidoptera	Noctuidae	Stiriinae	Annaphila	Annaphila												
9ab12739-19f2-4b8a-a026-c640b7ec3848		https://inaturalist-open-data.s3.amazonaws.com/photos/119208117/medium.jpg					Thick-legged Hover Fly	true	A			Katherine Hadary	1424366	2021-04-05 21:04:28 UTC									Syritta pipiens		Thick-legged Hover Fly			Animalia	Arthropoda	Insecta	Diptera	Syrphidae	Eristalinae	Syritta	Syritta												
e5eae0f1-85a1-4621-b635-f6e63a48a47b		https://inaturalist-open-data.s3.amazonaws.com/photos/119212842/medium.jpg					Tripartite Sweat Bee	true	A			Katherine Hadary	1424366	2021-04-05 21:33:31 UTC									Halictus tripartitus		Tripartite Sweat Bee			Animalia	Arthropoda	Insecta	Hymenoptera	Halictidae	Halictinae	Halictus	Halictus												
d5154b99-42d8-407f-8785-82d54d8b08d1		https://inaturalist-open-data.s3.amazonaws.com/photos/119390798/medium.jpg					California Bumble Bee	true	A			Katherine Hadary	1424366	2021-04-06 22:48:42 UTC									Bombus californicus		California Bumble Bee			Animalia	Arthropoda	Insecta	Hymenoptera	Apidae	Apinae	Bombus	Bombus												
a43b21f3-715d-4644-9171-8d71ec945472		https://inaturalist-open-data.s3.amazonaws.com/photos/119579407/medium.jpg					Valley Carpenter Bee	true	A			Katherine Hadary	1424366	2021-04-08 01:34:19 UTC									Xylocopa sonorina		Valley Carpenter Bee			Animalia	Arthropoda	Insecta	Hymenoptera	Apidae	Xylocopinae	Xylocopa	Xylocopa												
d2dc25b1-0c1d-4711-a591-a6d0fad891c4		https://static.inaturalist.org/photos/120513178/medium.jpg					Fiery Skipper	true	A				422849	2021-04-12 22:12:12 UTC									Hylephila phyleus		Fiery Skipper			Animalia	Arthropoda	Insecta	Lepidoptera	Hesperiidae	Hesperiinae	Hylephila	Hylephila												
6cb41ad0-bc74-4421-980b-13bb172ca33d		https://static.inaturalist.org/photos/120513436/medium.jpg					Perez's sea lavender	true	A				422849	2021-04-12 22:13:57 UTC									Limonium perezii		Perez's sea lavender			Plantae	Tracheophyta	Magnoliopsida	Caryophyllales	Plumbaginaceae		Limonium	Limonium												
d0c4f771-b745-4d1d-acdf-97a179d7e01e		https://inaturalist-open-data.s3.amazonaws.com/photos/121153508/medium.jpeg					wild and domestic radishes	true	A			LSchare (she/her)	81779	2021-04-16 16:19:45 UTC									Raphanus raphanistrum sativus		garden radish			Plantae	Tracheophyta	Magnoliopsida	Brassicales	Brassicaceae	Brassicoideae	Raphanus	Raphanus												
fd2767fe-e33b-4d40-bab2-267ec474ec5e		https://inaturalist-open-data.s3.amazonaws.com/photos/121153809/medium.jpeg					Cabbage White	true	A			LSchare (she/her)	81779	2021-04-16 16:19:48 UTC									Pieris rapae		Small White			Animalia	Arthropoda	Insecta	Lepidoptera	Pieridae	Pierinae	Pieris	Pieris												
099f7bc6-6745-48e5-88a6-f2dff27b2417		https://inaturalist-open-data.s3.amazonaws.com/photos/121156247/medium.jpeg					California poppy	true	A			LSchare (she/her)	81779	2021-04-16 16:36:41 UTC									Eschscholzia californica		California poppy			Plantae	Tracheophyta	Magnoliopsida	Ranunculales	Papaveraceae	Papaveroideae	Eschscholzia	Eschscholzia												
1b715b1e-1d38-4575-9b24-2c590459572b		https://inaturalist-open-data.s3.amazonaws.com/photos/122025839/medium.jpeg					Cabbage White	true	A			LSchare (she/her)	81779	2021-04-20 16:48:23 UTC									Pieris rapae		Small White			Animalia	Arthropoda	Insecta	Lepidoptera	Pieridae	Pierinae	Pieris	Pieris												
22f28dcb-1d72-4c25-a87a-06b86c703af9		https://inaturalist-open-data.s3.amazonaws.com/photos/122242632/medium.jpeg					Convergent Lady Beetle	true	A			LSchare (she/her)	81779	2021-04-21 20:44:58 UTC									Hippodamia convergens		Convergent Lady Beetle			Animalia	Arthropoda	Insecta	Coleoptera	Coccinellidae	Coccinellinae	Hippodamia	Hippodamia												
fff98cfa-c860-479e-abf5-3d0b2e3f757c		https://inaturalist-open-data.s3.amazonaws.com/photos/122242911/medium.jpeg					California brittlebush	true	A			LSchare (she/her)	81779	2021-04-21 20:45:02 UTC									Encelia californica		California brittlebush			Plantae	Tracheophyta	Magnoliopsida	Asterales	Asteraceae	Asteroideae	Encelia	Encelia												
035f10cb-b6f2-4562-ad23-ecb87cf10fa6		https://inaturalist-open-data.s3.amazonaws.com/photos/122246842/medium.jpeg					southern bush monkeyflower	true	A			LSchare (she/her)	81779	2021-04-21 21:15:44 UTC									Diplacus longiflorus		southern bush monkeyflower			Plantae	Tracheophyta	Magnoliopsida	Lamiales	Phrymaceae		Diplacus	Diplacus												
aa01443b-a407-4eb0-a814-144611988e37		https://inaturalist-open-data.s3.amazonaws.com/photos/123203419/medium.jpeg					sugar bush	true	A			Andrea Kreuzhage	828394	2021-04-26 15:20:41 UTC									Rhus ovata		sugar bush			Plantae	Tracheophyta	Magnoliopsida	Sapindales	Anacardiaceae	Anacardioideae	Rhus	Rhus												
00d56fdc-0c7a-485b-9e41-162536cd6ee2		https://inaturalist-open-data.s3.amazonaws.com/photos/123203508/medium.jpeg					Echo Azure	true	A			Andrea Kreuzhage	828394	2021-04-26 15:21:38 UTC									Celastrina echo		Echo Azure			Animalia	Arthropoda	Insecta	Lepidoptera	Lycaenidae	Polyommatinae	Celastrina	Celastrina												
9531d7a8-7189-4ac0-ab7b-ec107c99ce14		https://inaturalist-open-data.s3.amazonaws.com/photos/123203641/medium.jpeg					Mexican Cactus Fly	true	A			Andrea Kreuzhage	828394	2021-04-26 15:22:41 UTC									Copestylum mexicanum		Mexican Cactus Fly			Animalia	Arthropoda	Insecta	Diptera	Syrphidae	Eristalinae	Copestylum	Copestylum												
3b124593-9730-4e84-b10a-b79bd1f2469c		https://inaturalist-open-data.s3.amazonaws.com/photos/123203777/medium.jpeg					Ethmia nadia	true	A			Andrea Kreuzhage	828394	2021-04-26 15:26:27 UTC									Ethmia nadia					Animalia	Arthropoda	Insecta	Lepidoptera	Ethmiidae	Ethmiinae	Ethmia	Ethmia												
925f3ea7-2402-4267-93a0-7b66ee927268		https://inaturalist-open-data.s3.amazonaws.com/photos/123404305/medium.jpeg					Bindweed Turret Bee	true	A			Andrea Kreuzhage	828394	2021-04-27 14:58:00 UTC									Diadasia bituberculata		Bindweed Turret Bee			Animalia	Arthropoda	Insecta	Hymenoptera	Apidae	Apinae	Diadasia	Diadasia												
df19f22e-4952-4329-8e7f-0eed57b13013		https://inaturalist-open-data.s3.amazonaws.com/photos/123608691/medium.jpeg					Telegraphweed	true	A			Andrea Kreuzhage	828394	2021-04-28 14:51:42 UTC									Heterotheca grandiflora		Telegraphweed			Plantae	Tracheophyta	Magnoliopsida	Asterales	Asteraceae	Asteroideae	Heterotheca	Heterotheca												
007985ff-c805-4412-b157-04a175d96ccf		https://inaturalist-open-data.s3.amazonaws.com/photos/123687786/medium.jpg					Crotch's Bumble Bee	true	A			Katherine Hadary	1424366	2021-04-28 22:07:06 UTC									Bombus crotchii		Crotch's Bumble Bee			Animalia	Arthropoda	Insecta	Hymenoptera	Apidae	Apinae	Bombus	Bombus												
cb8ce2e7-d222-4e8d-9818-2815ee9f1365		https://inaturalist-open-data.s3.amazonaws.com/photos/124250752/medium.jpg					Geraldton Carnation Weed	true	A			LSchare (she/her)	81779	2021-04-30 21:20:15 UTC									Euphorbia terracina		carnation spurge			Plantae	Tracheophyta	Magnoliopsida	Malpighiales	Euphorbiaceae	Euphorbioideae	Euphorbia	Euphorbia												
fb7a4708-7f73-4dbc-b325-422bf98a1e2c		https://inaturalist-open-data.s3.amazonaws.com/photos/124303372/medium.jpg					Gray Hairstreak	true	A			Katherine Hadary	1424366	2021-04-30 23:27:15 UTC									Strymon melinus		Gray Hairstreak			Animalia	Arthropoda	Insecta	Lepidoptera	Lycaenidae	Theclinae	Strymon	Strymon												
df085a00-8e91-40c1-9101-c7d7bb36b3f8		https://inaturalist-open-data.s3.amazonaws.com/photos/124389438/medium.jpeg					sacred datura	true	A			LSchare (she/her)	81779	2021-05-01 03:12:58 UTC									Datura wrightii		Sacred Datura			Plantae	Tracheophyta	Magnoliopsida	Solanales	Solanaceae	Solanoideae	Datura	Datura												
b37039ad-6601-4e94-b8ab-9b9f55c2de55		https://inaturalist-open-data.s3.amazonaws.com/photos/124389480/medium.jpeg					Western Honey Bee	true	A			LSchare (she/her)	81779	2021-05-01 03:12:59 UTC									Apis mellifera		Western Honey Bee			Animalia	Arthropoda	Insecta	Hymenoptera	Apidae	Apinae	Apis	Apis												
a1bd3959-19ea-41fa-b5b0-90e0642a6a77		https://inaturalist-open-data.s3.amazonaws.com/photos/124598494/medium.jpeg					Mining Bees	true	A			LSchare (she/her)	81779	2021-05-01 15:18:13 UTC									Andrena		Mining Bees			Animalia	Arthropoda	Insecta	Hymenoptera	Andrenidae	Andreninae	Andrena	Andrena												
810a5aef-8880-4c61-af99-42923e2536b0		https://inaturalist-open-data.s3.amazonaws.com/photos/124781260/medium.jpg					mastuerzo	true	A			LSchare (she/her)	81779	2021-05-01 20:34:16 UTC									Tropaeolum majus		garden nasturtium			Plantae	Tracheophyta	Magnoliopsida	Brassicales	Tropaeolaceae		Tropaeolum	Tropaeolum												
18b7265f-9565-44b0-9df0-ef554bd92dbb		https://inaturalist-open-data.s3.amazonaws.com/photos/124787471/medium.jpg					Pride of Madeira	true	A			LSchare (she/her)	81779	2021-05-01 20:44:33 UTC									Echium candicans		Pride of Madeira			Plantae	Tracheophyta	Magnoliopsida	Boraginales	Boraginaceae	Boraginoideae	Echium	Echium												
abecf898-7b88-4762-9242-297bf40e41ac		https://inaturalist-open-data.s3.amazonaws.com/photos/124864109/medium.jpg					Gulf Fritillary	true	A			Katherine Hadary	1424366	2021-05-01 23:01:58 UTC									Dione vanillae		Gulf Fritillary			Animalia	Arthropoda	Insecta	Lepidoptera	Nymphalidae	Heliconiinae	Dione	Dione												
14fda02d-7024-453f-a1a1-6f693d422021		https://inaturalist-open-data.s3.amazonaws.com/photos/124869939/medium.jpeg					Western Pygmy-Blue	true	A			LSchare (she/her)	81779	2021-05-01 23:20:37 UTC									Brephidium exilis		Western Pygmy-Blue			Animalia	Arthropoda	Insecta	Lepidoptera	Lycaenidae	Polyommatinae	Brephidium	Brephidium												
a2c17fbb-f80a-4cfc-8f8c-f011abfc0312		https://inaturalist-open-data.s3.amazonaws.com/photos/124870123/medium.jpeg					alkali heliotrope	true	A			LSchare (she/her)	81779	2021-05-01 23:20:38 UTC									Heliotropium curassavicum		alkali heliotrope			Plantae	Tracheophyta	Magnoliopsida	Boraginales	Boraginaceae	Heliotropioideae	Heliotropium	Heliotropium												
debda9d7-d602-4ba0-858c-53812e2b6411		https://inaturalist-open-data.s3.amazonaws.com/photos/124870225/medium.jpeg					Western Pygmy-Blue	true	A			LSchare (she/her)	81779	2021-05-01 23:20:38 UTC									Brephidium exilis		Western Pygmy-Blue			Animalia	Arthropoda	Insecta	Lepidoptera	Lycaenidae	Polyommatinae	Brephidium	Brephidium												
6d827fb1-9506-4268-8a43-49fa1d028b6a		https://inaturalist-open-data.s3.amazonaws.com/photos/124870280/medium.jpeg					Coastal Goldenbush	true	A			LSchare (she/her)	81779	2021-05-01 23:20:39 UTC									Isocoma menziesii		Coastal Goldenbush			Plantae	Tracheophyta	Magnoliopsida	Asterales	Asteraceae	Asteroideae	Isocoma	Isocoma												
24d8a363-efcc-4ee6-9b22-68d979f4035f		https://inaturalist-open-data.s3.amazonaws.com/photos/125361582/medium.jpg					Stripe-eyed Lagoon Fly	true	A			Katherine Hadary	1424366	2021-05-02 18:56:23 UTC									Eristalinus taeniops		Stripe-eyed Lagoon Fly			Animalia	Arthropoda	Insecta	Diptera	Syrphidae	Eristalinae	Eristalinus	Eristalinus												
19b12dc3-5d6d-4cb3-bc37-39eef32e3117		https://inaturalist-open-data.s3.amazonaws.com/photos/125517039/medium.jpeg					Black-chinned Hummingbird	true	A			LSchare (she/her)	81779	2021-05-02 23:35:53 UTC									Archilochus alexandri		Black-chinned Hummingbird			Animalia	Chordata	Aves	Apodiformes	Trochilidae	Trochilinae	Archilochus	Archilochus												
3da29673-c419-4d3b-8f8f-96c7060d2fa7		https://inaturalist-open-data.s3.amazonaws.com/photos/126087893/medium.jpg					Western Honey Bee	true	A			Katherine Hadary	1424366	2021-05-03 22:27:38 UTC									Apis mellifera		Western Honey Bee			Animalia	Arthropoda	Insecta	Hymenoptera	Apidae	Apinae	Apis	Apis												
feeb76d2-770b-487b-894e-a1b9f2c39b50		https://inaturalist-open-data.s3.amazonaws.com/photos/126096893/medium.jpg					Western Honey Bee	true	A			Katherine Hadary	1424366	2021-05-03 22:46:25 UTC									Apis mellifera		Western Honey Bee			Animalia	Arthropoda	Insecta	Hymenoptera	Apidae	Apinae	Apis	Apis												
8660ebac-81d9-4cc4-b8b9-ca196b9488e3		https://inaturalist-open-data.s3.amazonaws.com/photos/126404982/medium.jpeg					Xylocopa californica	true	A			LSchare (she/her)	81779	2021-05-04 16:51:13 UTC									Xylocopa californica		Western Carpenter Bee			Animalia	Arthropoda	Insecta	Hymenoptera	Apidae	Xylocopinae	Xylocopa	Xylocopa												
c44ba47d-d391-42a0-a714-7dbde78903a8		https://inaturalist-open-data.s3.amazonaws.com/photos/126426243/medium.jpeg					Silvery Blue	true	A			LSchare (she/her)	81779	2021-05-04 17:46:38 UTC									Glaucopsyche lygdamus		Silvery Blue			Animalia	Arthropoda	Insecta	Lepidoptera	Lycaenidae	Polyommatinae	Glaucopsyche	Glaucopsyche												
3643fbd7-0229-4b1b-a206-cd679c769bb0		https://inaturalist-open-data.s3.amazonaws.com/photos/126426291/medium.jpeg					California Lady Beetle	true	A			LSchare (she/her)	81779	2021-05-04 17:46:39 UTC									Coccinella californica		California Lady Beetle			Animalia	Arthropoda	Insecta	Coleoptera	Coccinellidae	Coccinellinae	Coccinella	Coccinella												
2d9d1397-2009-4dc3-ae35-9319b8c71783		https://inaturalist-open-data.s3.amazonaws.com/photos/126426487/medium.jpeg					Shortpod Mustard	true	A			LSchare (she/her)	81779	2021-05-04 17:46:39 UTC									Hirschfeldia incana		Shortpod Mustard			Plantae	Tracheophyta	Magnoliopsida	Brassicales	Brassicaceae	Brassicoideae	Hirschfeldia	Hirschfeldia												
06223b1d-9ceb-444a-809a-487a291cd782		https://inaturalist-open-data.s3.amazonaws.com/photos/126776597/medium.jpeg					sea fig	true	A			LSchare (she/her)	81779	2021-05-05 21:55:13 UTC									Carpobrotus edulis		sea fig			Plantae	Tracheophyta	Magnoliopsida	Caryophyllales	Aizoaceae	Ruschioideae	Carpobrotus	Carpobrotus												
60fa43b9-d780-4a6f-8df9-d1acdf9fb888		https://inaturalist-open-data.s3.amazonaws.com/photos/126776627/medium.jpeg					Western Honey Bee	true	A			LSchare (she/her)	81779	2021-05-05 21:55:14 UTC									Apis mellifera		Western Honey Bee			Animalia	Arthropoda	Insecta	Hymenoptera	Apidae	Apinae	Apis	Apis												
177bd7d6-7dd7-4a65-8c3b-ae204c1834bd		https://inaturalist-open-data.s3.amazonaws.com/photos/126794759/medium.jpeg					Tupiocoris californicus	true	A			LSchare (she/her)	81779	2021-05-05 23:30:17 UTC									Tupiocoris californicus		Phacelia Plant Bug			Animalia	Arthropoda	Insecta	Hemiptera	Miridae	Bryocorinae	Tupiocoris	Tupiocoris												
f89a6370-a7b3-4845-88a1-2f687ab92d97		https://inaturalist-open-data.s3.amazonaws.com/photos/127184019/medium.jpeg					Cabbage White	true	A			Andrea Kreuzhage	828394	2021-05-07 14:44:22 UTC									Pieris rapae		Small White			Animalia	Arthropoda	Insecta	Lepidoptera	Pieridae	Pierinae	Pieris	Pieris												
c00a0576-20c3-4c63-8977-41fc07ac25c0		https://inaturalist-open-data.s3.amazonaws.com/photos/127184248/medium.jpeg					Acmaeodera prorsa	true	A			Andrea Kreuzhage	828394	2021-05-07 14:45:25 UTC									Acmaeodera prorsa					Animalia	Arthropoda	Insecta	Coleoptera	Buprestidae	Polycestinae	Acmaeodera	Acmaeodera												
383ff768-f798-47bd-bce5-7bbea55e0f6a		https://inaturalist-open-data.s3.amazonaws.com/photos/127194417/medium.jpeg					Silver-tailed Petalcutter Bee	true	A			Andrea Kreuzhage	828394	2021-05-07 15:33:12 UTC									Megachile montivaga		Silver-tailed Petalcutter			Animalia	Arthropoda	Insecta	Hymenoptera	Megachilidae	Megachilinae	Megachile	Megachile												
2911faa7-d2dc-4e17-8a27-23aef79b5648		https://inaturalist-open-data.s3.amazonaws.com/photos/127195439/medium.jpeg					Cardo negro	true	A			Andrea Kreuzhage	828394	2021-05-07 15:36:50 UTC									Carduus pycnocephalus		Italian thistle			Plantae	Tracheophyta	Magnoliopsida	Asterales	Asteraceae	Carduoideae	Carduus	Carduus												
2b288152-91d3-445e-8c05-1cbb712456c9		https://inaturalist-open-data.s3.amazonaws.com/photos/127195663/medium.jpeg					Western Tiger Swallowtail	true	A			Andrea Kreuzhage	828394	2021-05-07 15:38:01 UTC									Papilio rutulus		Western Tiger Swallowtail			Animalia	Arthropoda	Insecta	Lepidoptera	Papilionidae	Papilioninae	Papilio	Papilio												
a7125d3b-7040-481d-b871-c020dbe9c633		https://inaturalist-open-data.s3.amazonaws.com/photos/128014233/medium.jpeg					Bombylius lancifer	true	A			Andrea Kreuzhage	828394	2021-05-10 16:15:56 UTC									Bombylius lancifer					Animalia	Arthropoda	Insecta	Diptera	Bombyliidae	Bombyliinae	Bombylius	Bombylius												
4f0d9a53-dcdc-4adc-9ab1-d3f99172ba82		https://inaturalist-open-data.s3.amazonaws.com/photos/128014972/medium.jpeg					black sage	true	A			Andrea Kreuzhage	828394	2021-05-10 16:17:06 UTC									Salvia mellifera		black sage			Plantae	Tracheophyta	Magnoliopsida	Lamiales	Lamiaceae	Nepetoideae	Salvia	Salvia												
974e27e4-c556-4bf8-8070-1215834b98b7		https://inaturalist-open-data.s3.amazonaws.com/photos/128626194/medium.jpeg					purple sage	true	A			LSchare (she/her)	81779	2021-05-13 15:38:41 UTC									Salvia leucophylla		purple sage			Plantae	Tracheophyta	Magnoliopsida	Lamiales	Lamiaceae	Nepetoideae	Salvia	Salvia												
56273820-03af-4c6a-8c46-6dfa27164069		https://inaturalist-open-data.s3.amazonaws.com/photos/128631258/medium.jpeg					Golden Yarrow	true	A			LSchare (she/her)	81779	2021-05-13 16:09:34 UTC									Eriophyllum confertiflorum		Golden Yarrow			Plantae	Tracheophyta	Magnoliopsida	Asterales	Asteraceae	Asteroideae	Eriophyllum	Eriophyllum												
ef4834e0-6d1c-4fe5-9322-f97e10eae6c1		https://inaturalist-open-data.s3.amazonaws.com/photos/128631706/medium.jpeg					Red-shouldered Leaf Beetle	true	A			LSchare (she/her)	81779	2021-05-13 16:09:40 UTC									Saxinis saucia		Red-shouldered Leaf Beetle			Animalia	Arthropoda	Insecta	Coleoptera	Chrysomelidae	Cryptocephalinae	Saxinis	Saxinis												
96932c46-16c4-4a7f-be69-03ce6adf8ef8		https://inaturalist-open-data.s3.amazonaws.com/photos/129083145/medium.jpeg					California buckwheat	true	A			LSchare (she/her)	81779	2021-05-15 15:57:42 UTC									Eriogonum fasciculatum		California Buckwheat			Plantae	Tracheophyta	Magnoliopsida	Caryophyllales	Polygonaceae	Eriogonoideae	Eriogonum	Eriogonum												
b039a1ac-674f-4789-a7cc-1477b9a0b332		https://inaturalist-open-data.s3.amazonaws.com/photos/129083165/medium.jpeg					Cryptocephalus sanguinicollis	true	A			LSchare (she/her)	81779	2021-05-15 15:57:42 UTC									Cryptocephalus sanguinicollis		Blood-necked Case-bearing Leaf Beetle			Animalia	Arthropoda	Insecta	Coleoptera	Chrysomelidae	Cryptocephalinae	Cryptocephalus	Cryptocephalus												
0613ea9a-4ccb-427b-9ed5-9f6bdc661789		https://inaturalist-open-data.s3.amazonaws.com/photos/129087168/medium.jpeg					California buckwheat	true	A			LSchare (she/her)	81779	2021-05-15 16:15:10 UTC									Eriogonum fasciculatum		California Buckwheat			Plantae	Tracheophyta	Magnoliopsida	Caryophyllales	Polygonaceae	Eriogonoideae	Eriogonum	Eriogonum												
375a7d26-5df9-4619-a543-e9f1ecdce375		https://inaturalist-open-data.s3.amazonaws.com/photos/129090002/medium.jpeg					Potato Mirid	true	A			LSchare (she/her)	81779	2021-05-15 16:24:40 UTC									Closterotomus norwegicus		Potato Mirid			Animalia	Arthropoda	Insecta	Hemiptera	Miridae	Mirinae	Closterotomus	Closterotomus												
2cd7a35a-6c97-475e-ac10-fb817d87c0b3		https://inaturalist-open-data.s3.amazonaws.com/photos/129090197/medium.jpeg					Potato Mirid	true	A			LSchare (she/her)	81779	2021-05-15 16:24:42 UTC									Closterotomus norwegicus		Potato Mirid			Animalia	Arthropoda	Insecta	Hemiptera	Miridae	Mirinae	Closterotomus	Closterotomus												
93ddd8eb-c83a-4bae-88b4-21b2f92cd51b		https://inaturalist-open-data.s3.amazonaws.com/photos/129090233/medium.jpeg					Buckwheat Root Borer Moth	true	A			LSchare (she/her)	81779	2021-05-15 16:24:43 UTC									Synanthedon polygoni		Buckwheat Root Borer Moth			Animalia	Arthropoda	Insecta	Lepidoptera	Sesiidae	Sesiinae	Synanthedon	Synanthedon												
c9b8dab6-e80a-46b3-a7de-470f15e12747		https://inaturalist-open-data.s3.amazonaws.com/photos/129848067/medium.jpeg					Abejorro carpintero hawaiana	true	A			Andrea Kreuzhage	828394	2021-05-18 15:53:15 UTC									Xylocopa sonorina		Valley Carpenter Bee			Animalia	Arthropoda	Insecta	Hymenoptera	Apidae	Xylocopinae	Xylocopa	Xylocopa												
9da0d4f8-8880-45a3-9609-f93b9ded81fa		https://inaturalist-open-data.s3.amazonaws.com/photos/129848338/medium.jpeg					Xylocopa tabaniformis orpifex	true	A			Andrea Kreuzhage	828394	2021-05-18 15:54:35 UTC									Xylocopa tabaniformis orpifex		Foothill Carpenter Bee			Animalia	Arthropoda	Insecta	Hymenoptera	Apidae	Xylocopinae	Xylocopa	Xylocopa												
edc2fce6-6e8e-4042-aef4-7700d8fadccb		https://inaturalist-open-data.s3.amazonaws.com/photos/129848626/medium.jpeg					Xylocopa tabaniformis orpifex	true	A			Andrea Kreuzhage	828394	2021-05-18 15:56:17 UTC									Xylocopa tabaniformis orpifex		Foothill Carpenter Bee			Animalia	Arthropoda	Insecta	Hymenoptera	Apidae	Xylocopinae	Xylocopa	Xylocopa												
f5445559-f804-4ce4-9d0c-8bc8a707750f		https://inaturalist-open-data.s3.amazonaws.com/photos/129925780/medium.jpeg					common dandelion	true	A			LSchare (she/her)	81779	2021-05-18 22:27:23 UTC									Taraxacum officinale		common dandelion			Plantae	Tracheophyta	Magnoliopsida	Asterales	Asteraceae	Cichorioideae	Taraxacum	Taraxacum												
e01a7126-1bca-452d-a8b8-8de3ee67d65c		https://inaturalist-open-data.s3.amazonaws.com/photos/129925710/medium.jpeg					Cabbage White	true	A			LSchare (she/her)	81779	2021-05-18 22:27:23 UTC									Pieris rapae		Small White			Animalia	Arthropoda	Insecta	Lepidoptera	Pieridae	Pierinae	Pieris	Pieris												
80c894cd-6fe2-48c8-ad58-bdc892b24ceb		https://inaturalist-open-data.s3.amazonaws.com/photos/130322875/medium.jpeg					California Wild Rose	true	A			LSchare (she/her)	81779	2021-05-20 19:50:39 UTC									Rosa californica		California Wild Rose			Plantae	Tracheophyta	Magnoliopsida	Rosales	Rosaceae	Rosoideae	Rosa	Rosa												
bb06c49b-f58c-475a-9c63-c507b916a9a9		https://inaturalist-open-data.s3.amazonaws.com/photos/130337537/medium.jpeg					Oblique Streaktail	true	A			LSchare (she/her)	81779	2021-05-20 21:24:16 UTC									Allograpta obliqua		Oblique Streaktail			Animalia	Arthropoda	Insecta	Diptera	Syrphidae	Syrphinae	Allograpta	Allograpta												
e464238a-2d42-47b2-bc67-a3f98de6a8c2		https://inaturalist-open-data.s3.amazonaws.com/photos/130339060/medium.jpeg					Lesser Goldfinch	true	A			LSchare (she/her)	81779	2021-05-20 21:24:24 UTC									Spinus psaltria		Lesser Goldfinch			Animalia	Chordata	Aves	Passeriformes	Fringillidae		Spinus	Spinus												
d219ec80-16a7-4544-a1a7-679eeaad8e00		https://inaturalist-open-data.s3.amazonaws.com/photos/130339106/medium.jpeg					Maltese star-thistle	true	A			LSchare (she/her)	81779	2021-05-20 21:24:24 UTC									Centaurea melitensis		Maltese star-thistle			Plantae	Tracheophyta	Magnoliopsida	Asterales	Asteraceae	Carduoideae	Centaurea	Centaurea												
35b89427-6230-43fb-a07d-1f161a2548e6		https://inaturalist-open-data.s3.amazonaws.com/photos/130341787/medium.jpeg					western vervain	true	A			LSchare (she/her)	81779	2021-05-20 21:37:15 UTC									Verbena lasiostachys		western vervain			Plantae	Tracheophyta	Magnoliopsida	Lamiales	Verbenaceae		Verbena	Verbena												
6e041eb6-0cdd-411a-9d0b-c05030964a52		https://inaturalist-open-data.s3.amazonaws.com/photos/130342028/medium.jpeg					Convergent Lady Beetle	true	A			LSchare (she/her)	81779	2021-05-20 21:37:18 UTC									Hippodamia convergens		Convergent Lady Beetle			Animalia	Arthropoda	Insecta	Coleoptera	Coccinellidae	Coccinellinae	Hippodamia	Hippodamia												
1f6ac04a-94e0-4d06-a0ba-8736b4d782a4		https://inaturalist-open-data.s3.amazonaws.com/photos/130363899/medium.jpeg					Thisbe's Tarantula-hawk Wasp	true	A			Andrea Kreuzhage	828394	2021-05-20 23:43:50 UTC									Pepsis thisbe		Thisbe's Tarantula-hawk Wasp			Animalia	Arthropoda	Insecta	Hymenoptera	Pompilidae	Pepsinae	Pepsis	Pepsis												
0c5fa3a3-7899-4763-828a-ceb8ad6fed74		https://inaturalist-open-data.s3.amazonaws.com/photos/130364690/medium.jpeg					narrowleaf milkweed	true	A			Andrea Kreuzhage	828394	2021-05-20 23:45:43 UTC									Asclepias fascicularis		narrowleaf milkweed			Plantae	Tracheophyta	Magnoliopsida	Gentianales	Apocynaceae	Asclepiadoideae	Asclepias	Asclepias												
aaccd8c0-ad82-45af-b412-4c0e0e0f7365		https://inaturalist-open-data.s3.amazonaws.com/photos/130473347/medium.jpeg					deerweed	true	A			Andrea Kreuzhage	828394	2021-05-21 14:43:33 UTC									Acmispon glaber		deerweed			Plantae	Tracheophyta	Magnoliopsida	Fabales	Fabaceae	Faboideae	Acmispon	Acmispon												
09cf663f-6378-4e80-aac3-c25a7015ae54		https://inaturalist-open-data.s3.amazonaws.com/photos/131930217/medium.jpeg					California buckwheat	true	A			LSchare (she/her)	81779	2021-05-27 16:00:40 UTC									Eriogonum fasciculatum		California Buckwheat			Plantae	Tracheophyta	Magnoliopsida	Caryophyllales	Polygonaceae	Eriogonoideae	Eriogonum	Eriogonum												
43fd3677-d03c-4df7-a861-a4a44a390644		https://inaturalist-open-data.s3.amazonaws.com/photos/131930326/medium.jpeg					Ornate Checkered Beetle	true	A			LSchare (she/her)	81779	2021-05-27 16:00:41 UTC									Trichodes ornatus		Ornate Checkered Beetle			Animalia	Arthropoda	Insecta	Coleoptera	Cleridae	Clerinae	Trichodes	Trichodes												
41e9348e-3b21-4195-b232-291f060bb266		https://inaturalist-open-data.s3.amazonaws.com/photos/131930407/medium.jpeg					Nemognatha nigripennis	true	A			LSchare (she/her)	81779	2021-05-27 16:00:43 UTC									Nemognatha nigripennis					Animalia	Arthropoda	Insecta	Coleoptera	Meloidae	Nemognathinae	Nemognatha	Nemognatha												
0be07561-a440-4eea-961f-6f4160837b90		https://inaturalist-open-data.s3.amazonaws.com/photos/131938677/medium.jpeg					Bernardino Blue	true	A			LSchare (she/her)	81779	2021-05-27 16:40:06 UTC									Euphilotes bernardino		Bernardino Blue			Animalia	Arthropoda	Insecta	Lepidoptera	Lycaenidae	Polyommatinae	Euphilotes	Euphilotes												
c7d87905-7d13-4627-bb7c-ac253aa4027b		https://inaturalist-open-data.s3.amazonaws.com/photos/131938749/medium.jpeg					Judolia sexspilota	true	A			LSchare (she/her)	81779	2021-05-27 16:40:08 UTC									Judolia sexspilota					Animalia	Arthropoda	Insecta	Coleoptera	Cerambycidae	Lepturinae	Judolia	Judolia												
38cd2fdf-311e-4827-af0c-262f4d04048b		https://inaturalist-open-data.s3.amazonaws.com/photos/132927138/medium.jpeg					Ligated Furrow Bee	true	A			LSchare (she/her)	81779	2021-05-31 18:40:01 UTC									Halictus ligatus		Ligated Furrow Bee			Animalia	Arthropoda	Insecta	Hymenoptera	Halictidae	Halictinae	Halictus	Halictus												
d26ed19d-06fc-4a90-9fba-342d118795ad		https://inaturalist-open-data.s3.amazonaws.com/photos/132927247/medium.jpeg					Clustered Tarweed	true	A			LSchare (she/her)	81779	2021-05-31 18:40:01 UTC									Deinandra fasciculata		Clustered Tarweed			Plantae	Tracheophyta	Magnoliopsida	Asterales	Asteraceae	Asteroideae	Deinandra	Deinandra												
4dc8a665-11df-4bff-9059-bfd3ed2b0d32		https://inaturalist-open-data.s3.amazonaws.com/photos/132931482/medium.jpeg					Lesser Goldfinch	true	A			LSchare (she/her)	81779	2021-05-31 18:56:15 UTC									Spinus psaltria		Lesser Goldfinch			Animalia	Chordata	Aves	Passeriformes	Fringillidae		Spinus	Spinus												
6f69dc50-a12a-4d8a-8d2f-0b19cdf63efc		https://inaturalist-open-data.s3.amazonaws.com/photos/132931517/medium.jpeg					Maltese star-thistle	true	A			LSchare (she/her)	81779	2021-05-31 18:56:16 UTC									Centaurea melitensis		Maltese star-thistle			Plantae	Tracheophyta	Magnoliopsida	Asterales	Asteraceae	Carduoideae	Centaurea	Centaurea												
e8e4d7d8-c80c-4d42-b6fa-a802a4d29d69		https://inaturalist-open-data.s3.amazonaws.com/photos/133142803/medium.jpeg					Splendid Mariposa Lily	true	A			Andrea Kreuzhage	828394	2021-06-01 16:11:32 UTC									Calochortus splendens		Splendid Mariposa Lily			Plantae	Tracheophyta	Liliopsida	Liliales	Liliaceae	Calochortoideae	Calochortus	Calochortus												
2f02cef8-c2d5-4471-8ff1-9ec1869cd920		https://inaturalist-open-data.s3.amazonaws.com/photos/137950463/medium.jpeg					Rural Skipper	true	A			LSchare (she/her)	81779	2021-06-21 18:41:21 UTC									Ochlodes agricola		Rural Skipper			Animalia	Arthropoda	Insecta	Lepidoptera	Hesperiidae	Hesperiinae	Ochlodes	Ochlodes												
63187888-4b09-4245-bd02-05a8356ad921		https://inaturalist-open-data.s3.amazonaws.com/photos/137950500/medium.jpeg					California buckwheat	true	A			LSchare (she/her)	81779	2021-06-21 18:41:23 UTC									Eriogonum fasciculatum		California Buckwheat			Plantae	Tracheophyta	Magnoliopsida	Caryophyllales	Polygonaceae	Eriogonoideae	Eriogonum	Eriogonum												
eedb86bc-efee-4ec5-a3da-d6aec14dc8f9		https://inaturalist-open-data.s3.amazonaws.com/photos/137950675/medium.jpeg					Cliff Aster	true	A			LSchare (she/her)	81779	2021-06-21 18:41:24 UTC									Malacothrix saxatilis		Cliff Aster			Plantae	Tracheophyta	Magnoliopsida	Asterales	Asteraceae	Cichorioideae	Malacothrix	Malacothrix												
7a48afd6-f5c1-4acf-a949-0b59c2f572d0		https://inaturalist-open-data.s3.amazonaws.com/photos/137959478/medium.jpeg					Clustered Tarweed	true	A			LSchare (she/her)	81779	2021-06-21 19:19:17 UTC									Deinandra fasciculata		Clustered Tarweed			Plantae	Tracheophyta	Magnoliopsida	Asterales	Asteraceae	Asteroideae	Deinandra	Deinandra												
64e1b7b8-8436-45e9-a6b7-4bc869a68ee7		https://inaturalist-open-data.s3.amazonaws.com/photos/139360799/medium.jpeg					European Searocket	true	A			LSchare (she/her)	81779	2021-06-27 22:01:36 UTC									Cakile maritima		European Searocket			Plantae	Tracheophyta	Magnoliopsida	Brassicales	Brassicaceae	Brassicoideae	Cakile	Cakile												
b473b35c-4afa-4f7c-9cbd-80df2f57ff63		https://inaturalist-open-data.s3.amazonaws.com/photos/139360913/medium.jpeg					Western Honey Bee	true	A			LSchare (she/her)	81779	2021-06-27 22:01:37 UTC									Apis mellifera		Western Honey Bee			Animalia	Arthropoda	Insecta	Hymenoptera	Apidae	Apinae	Apis	Apis												
cf8af06b-41d9-4434-9f7f-75bfc8bfa017		https://inaturalist-open-data.s3.amazonaws.com/photos/139555410/medium.jpeg					narrowleaf milkweed	true	A			LSchare (she/her)	81779	2021-06-28 18:11:31 UTC									Asclepias fascicularis		narrowleaf milkweed			Plantae	Tracheophyta	Magnoliopsida	Gentianales	Apocynaceae	Asclepiadoideae	Asclepias	Asclepias												
6c771ea2-3b62-46f9-a81b-43977142958e		https://inaturalist-open-data.s3.amazonaws.com/photos/139566623/medium.jpg					Monarch	true	A			LSchare (she/her)	81779	2021-06-28 18:54:09 UTC									Danaus plexippus		Monarch			Animalia	Arthropoda	Insecta	Lepidoptera	Nymphalidae	Danainae	Danaus	Danaus												
e7833f63-9466-4464-b475-a0be9a1fd201		https://inaturalist-open-data.s3.amazonaws.com/photos/141740153/medium.jpeg					California buckwheat	true	A			LSchare (she/her)	81779	2021-07-07 20:15:36 UTC									Eriogonum fasciculatum		California Buckwheat			Plantae	Tracheophyta	Magnoliopsida	Caryophyllales	Polygonaceae	Eriogonoideae	Eriogonum	Eriogonum												
d4e1102c-4bdd-4983-98d9-dd3af4256f90		https://inaturalist-open-data.s3.amazonaws.com/photos/141740328/medium.jpeg					Checkered White	true	A			LSchare (she/her)	81779	2021-07-07 20:15:38 UTC									Pontia protodice		Checkered White			Animalia	Arthropoda	Insecta	Lepidoptera	Pieridae	Pierinae	Pontia	Pontia												
df619142-cfcb-42ba-a3f4-ec7ea118b698		https://inaturalist-open-data.s3.amazonaws.com/photos/141740674/medium.jpeg					laurel sumac	true	A			LSchare (she/her)	81779	2021-07-07 20:15:41 UTC									Malosma laurina		laurel sumac			Plantae	Tracheophyta	Magnoliopsida	Sapindales	Anacardiaceae	Anacardioideae	Malosma	Malosma												
1021847a-d214-4279-afe4-8087d89e9568		https://inaturalist-open-data.s3.amazonaws.com/photos/141740703/medium.jpeg					Checkered White	true	A			LSchare (she/her)	81779	2021-07-07 20:15:41 UTC									Pontia protodice		Checkered White			Animalia	Arthropoda	Insecta	Lepidoptera	Pieridae	Pierinae	Pontia	Pontia												
c78c6666-d113-43bc-a639-0a0552215d17		https://inaturalist-open-data.s3.amazonaws.com/photos/141746151/medium.jpeg					California buckwheat	true	A			LSchare (she/her)	81779	2021-07-07 20:35:53 UTC									Eriogonum fasciculatum		California Buckwheat			Plantae	Tracheophyta	Magnoliopsida	Caryophyllales	Polygonaceae	Eriogonoideae	Eriogonum	Eriogonum												
f83e84e4-4f66-4923-bef7-81e4ddf68efc		https://inaturalist-open-data.s3.amazonaws.com/photos/141746254/medium.jpeg					Hedgerow Hairstreak	true	A			LSchare (she/her)	81779	2021-07-07 20:35:55 UTC									Satyrium saepium		Hedgerow Hairstreak			Animalia	Arthropoda	Insecta	Lepidoptera	Lycaenidae	Theclinae	Satyrium	Satyrium												
b4dff841-d0ae-4614-af04-ec33349b23c6		https://inaturalist-open-data.s3.amazonaws.com/photos/141752102/medium.jpg					Holsten's Flower Buprestid Beetle	true	A			LSchare (she/her)	81779	2021-07-07 20:35:57 UTC									Acmaeodera holsteni		Holsten's Flower Buprestid Beetle			Animalia	Arthropoda	Insecta	Coleoptera	Buprestidae	Polycestinae	Acmaeodera	Acmaeodera												
e786f9e9-bd28-439d-a2af-3aaefda6ed12		https://inaturalist-open-data.s3.amazonaws.com/photos/141752205/medium.jpg					Toyon	true	A			LSchare (she/her)	81779	2021-07-07 21:01:20 UTC									Heteromeles arbutifolia		Toyon			Plantae	Tracheophyta	Magnoliopsida	Rosales	Rosaceae	Amygdaloideae	Heteromeles	Heteromeles												
7ecbb7f8-43ae-4972-9f31-850112032640		https://inaturalist-open-data.s3.amazonaws.com/photos/145207301/medium.jpeg					Checkered White	true	A			LSchare (she/her)	81779	2021-07-21 20:33:20 UTC									Pontia protodice		Checkered White			Animalia	Arthropoda	Insecta	Lepidoptera	Pieridae	Pierinae	Pontia	Pontia												
d6a63d7d-51bd-4b1d-a41e-882e5c522919		https://inaturalist-open-data.s3.amazonaws.com/photos/145207698/medium.jpeg					Cabbage White	true	A			LSchare (she/her)	81779	2021-07-21 20:33:25 UTC									Pieris rapae		Small White			Animalia	Arthropoda	Insecta	Lepidoptera	Pieridae	Pierinae	Pieris	Pieris												
d228594b-fd11-4e52-85a1-b92ef5a6b6af		https://inaturalist-open-data.s3.amazonaws.com/photos/145207759/medium.jpeg					Cabbage White	true	A			LSchare (she/her)	81779	2021-07-21 20:33:26 UTC									Pieris rapae		Small White			Animalia	Arthropoda	Insecta	Lepidoptera	Pieridae	Pierinae	Pieris	Pieris												
43f14407-6b7e-48a0-b212-6426e13548c7		https://inaturalist-open-data.s3.amazonaws.com/photos/145725109/medium.jpeg					alkali heliotrope	true	A			LSchare (she/her)	81779	2021-07-24 00:57:59 UTC									Heliotropium curassavicum		alkali heliotrope			Plantae	Tracheophyta	Magnoliopsida	Boraginales	Boraginaceae	Heliotropioideae	Heliotropium	Heliotropium												
ce777323-612a-4f69-9a6e-7ca28636a291		https://inaturalist-open-data.s3.amazonaws.com/photos/145725120/medium.jpeg					Mournful Duskywing	true	A			LSchare (she/her)	81779	2021-07-24 00:57:59 UTC									Erynnis tristis		Mournful Duskywing			Animalia	Arthropoda	Insecta	Lepidoptera	Hesperiidae	Pyrginae	Erynnis	Erynnis												
fc7f5b31-41c4-41a7-bd49-b1e82405a925		https://inaturalist-open-data.s3.amazonaws.com/photos/145725629/medium.jpeg					Chaparral Bush-Mallow	true	A			LSchare (she/her)	81779	2021-07-24 00:58:10 UTC									Malacothamnus fasciculatus		southern coastal bushmallow			Plantae	Tracheophyta	Magnoliopsida	Malvales	Malvaceae	Malvoideae	Malacothamnus	Malacothamnus												
d09994b1-e36c-4db5-bcc4-3e959a918148		https://inaturalist-open-data.s3.amazonaws.com/photos/148131801/medium.jpg					fennel	true	A			LSchare (she/her)	81779	2021-08-02 20:09:08 UTC									Foeniculum vulgare		fennel			Plantae	Tracheophyta	Magnoliopsida	Apiales	Apiaceae	Apioideae	Foeniculum	Foeniculum												
2078c291-d4b9-464e-9287-181424f00311		https://inaturalist-open-data.s3.amazonaws.com/photos/209016937/medium.jpeg					Acmaeodera fenyesi	true	A			LSchare (she/her)	81779	2022-06-25 16:49:07 UTC									Acmaeodera fenyesi					Animalia	Arthropoda	Insecta	Coleoptera	Buprestidae	Polycestinae	Acmaeodera	Acmaeodera												
5054f2a7-1c9b-4026-8963-4b7d941afd22		https://inaturalist-open-data.s3.amazonaws.com/photos/148181509/medium.jpeg					California brittlebush	true	A			LSchare (she/her)	81779	2021-08-03 00:11:47 UTC									Encelia californica		California brittlebush			Plantae	Tracheophyta	Magnoliopsida	Asterales	Asteraceae	Asteroideae	Encelia	Encelia												
93146fd2-3a6e-4754-9f23-12c15225f8eb		https://inaturalist-open-data.s3.amazonaws.com/photos/148181656/medium.jpeg					Checkered White	true	A			LSchare (she/her)	81779	2021-08-03 00:11:49 UTC									Pontia protodice		Checkered White			Animalia	Arthropoda	Insecta	Lepidoptera	Pieridae	Pierinae	Pontia	Pontia												
11c750a8-4d8c-4b1c-9a39-e90ae88f0d00		https://inaturalist-open-data.s3.amazonaws.com/photos/148181966/medium.jpeg					Western Pygmy-Blue	true	A			LSchare (she/her)	81779	2021-08-03 00:11:50 UTC									Brephidium exilis		Western Pygmy-Blue			Animalia	Arthropoda	Insecta	Lepidoptera	Lycaenidae	Polyommatinae	Brephidium	Brephidium												
f5303d40-2096-466b-b0ff-fd8e261ff46d		https://inaturalist-open-data.s3.amazonaws.com/photos/148182069/medium.jpeg					deerweed	true	A			LSchare (she/her)	81779	2021-08-03 00:11:51 UTC									Acmispon glaber		deerweed			Plantae	Tracheophyta	Magnoliopsida	Fabales	Fabaceae	Faboideae	Acmispon	Acmispon												
f05da816-cb7b-4624-a376-d3754f9a8c3f		https://inaturalist-open-data.s3.amazonaws.com/photos/148182168/medium.jpeg					Marine Blue	true	A			LSchare (she/her)	81779	2021-08-03 00:11:51 UTC									Leptotes marina		Marine Blue			Animalia	Arthropoda	Insecta	Lepidoptera	Lycaenidae	Polyommatinae	Leptotes	Leptotes												
f5678c09-a320-476c-8291-d545fa194493		https://inaturalist-open-data.s3.amazonaws.com/photos/148182401/medium.jpeg					Harlequin Bug	true	A			LSchare (she/her)	81779	2021-08-03 00:11:54 UTC									Murgantia histrionica		Harlequin Bug			Animalia	Arthropoda	Insecta	Hemiptera	Pentatomidae	Pentatominae	Murgantia	Murgantia												
7aab1abb-5533-4a8e-94ad-6279addd7b88		https://inaturalist-open-data.s3.amazonaws.com/photos/148182483/medium.jpeg					Western Honey Bee	true	A			LSchare (she/her)	81779	2021-08-03 00:11:55 UTC									Apis mellifera		Western Honey Bee			Animalia	Arthropoda	Insecta	Hymenoptera	Apidae	Apinae	Apis	Apis												
6d25696c-0522-4eac-8314-f90aac91e5e5		https://inaturalist-open-data.s3.amazonaws.com/photos/148302193/medium.jpeg					Great Golden Digger Wasp	true	A			LSchare (she/her)	81779	2021-08-03 15:17:54 UTC									Sphex ichneumoneus		Great Golden Digger Wasp			Animalia	Arthropoda	Insecta	Hymenoptera	Sphecidae	Sphecinae	Sphex	Sphex												
0942fbac-deaf-4729-8af6-79fa2d73f924		https://inaturalist-open-data.s3.amazonaws.com/photos/148302234/medium.jpeg					narrowleaf milkweed	true	A			LSchare (she/her)	81779	2021-08-03 15:17:55 UTC									Asclepias fascicularis		narrowleaf milkweed			Plantae	Tracheophyta	Magnoliopsida	Gentianales	Apocynaceae	Asclepiadoideae	Asclepias	Asclepias												
c68f654b-ffd4-4825-b201-2ae6ea10dc3d		https://inaturalist-open-data.s3.amazonaws.com/photos/148302279/medium.jpeg					Fiery Skipper	true	A			LSchare (she/her)	81779	2021-08-03 15:17:55 UTC									Hylephila phyleus		Fiery Skipper			Animalia	Arthropoda	Insecta	Lepidoptera	Hesperiidae	Hesperiinae	Hylephila	Hylephila												
8f0b6c52-687f-401a-bb22-fd6e1cd9fcd3		https://inaturalist-open-data.s3.amazonaws.com/photos/148302379/medium.jpeg					western vervain	true	A			LSchare (she/her)	81779	2021-08-03 15:17:56 UTC									Verbena lasiostachys		western vervain			Plantae	Tracheophyta	Magnoliopsida	Lamiales	Verbenaceae		Verbena	Verbena												
b93554b4-8f56-4c31-88e0-a15b2eaee20e		https://inaturalist-open-data.s3.amazonaws.com/photos/148302313/medium.jpeg					Mexican Amberwing	true	A			LSchare (she/her)	81779	2021-08-03 15:17:56 UTC									Perithemis intensa		Mexican Amberwing			Animalia	Arthropoda	Insecta	Odonata	Libellulidae		Perithemis	Perithemis												
cb4b301f-cb18-4f5a-b484-f62d555a2c07		https://inaturalist-open-data.s3.amazonaws.com/photos/148360181/medium.jpeg					Fiery Skipper	true	A			LSchare (she/her)	81779	2021-08-03 19:57:01 UTC									Hylephila phyleus		Fiery Skipper			Animalia	Arthropoda	Insecta	Lepidoptera	Hesperiidae	Hesperiinae	Hylephila	Hylephila												
65ce56ea-f9c3-4cbe-a56a-b9982bd61842		https://inaturalist-open-data.s3.amazonaws.com/photos/148360531/medium.jpeg					Lesser Goldfinch	true	A			LSchare (she/her)	81779	2021-08-03 19:57:17 UTC									Spinus psaltria		Lesser Goldfinch			Animalia	Chordata	Aves	Passeriformes	Fringillidae		Spinus	Spinus												
92e08566-1a17-4332-8f80-18bdec63d353		https://inaturalist-open-data.s3.amazonaws.com/photos/148360887/medium.jpeg					desert willow	true	A			LSchare (she/her)	81779	2021-08-03 19:57:20 UTC									Chilopsis linearis		desert willow			Plantae	Tracheophyta	Magnoliopsida	Lamiales	Bignoniaceae		Chilopsis	Chilopsis												
1830d10b-531f-418f-a12c-469aeca43114		https://inaturalist-open-data.s3.amazonaws.com/photos/148361055/medium.jpeg					African Wild Cassia	true	A			LSchare (she/her)	81779	2021-08-03 19:57:22 UTC									Senna didymobotrya		Peanut-Butter Cassia			Plantae	Tracheophyta	Magnoliopsida	Fabales	Fabaceae	Caesalpinioideae	Senna	Senna												
3d569bfb-10b2-4ad0-aff9-2e6483213600		https://inaturalist-open-data.s3.amazonaws.com/photos/148361151/medium.jpeg					Western Tiger Swallowtail	true	A			LSchare (she/her)	81779	2021-08-03 19:57:25 UTC									Papilio rutulus		Western Tiger Swallowtail			Animalia	Arthropoda	Insecta	Lepidoptera	Papilionidae	Papilioninae	Papilio	Papilio												
dc0277c0-e52a-4ef3-8758-e09e8263be6e		https://inaturalist-open-data.s3.amazonaws.com/photos/148361432/medium.jpeg					Anna's Hummingbird	true	A			LSchare (she/her)	81779	2021-08-03 19:57:36 UTC									Calypte anna		Anna's Hummingbird			Animalia	Chordata	Aves	Apodiformes	Trochilidae	Trochilinae	Calypte	Calypte												
80b33330-373c-485f-8b56-0a94ed48c371		https://inaturalist-open-data.s3.amazonaws.com/photos/155382959/medium.jpeg					Western Pygmy-Blue	true	A			LSchare (she/her)	81779	2021-09-05 15:48:17 UTC									Brephidium exilis		Western Pygmy-Blue			Animalia	Arthropoda	Insecta	Lepidoptera	Lycaenidae	Polyommatinae	Brephidium	Brephidium												
bd3fb734-0325-44cc-b051-618a78a869a5		https://inaturalist-open-data.s3.amazonaws.com/photos/155383474/medium.jpeg					Ligated Furrow Bee	true	A			LSchare (she/her)	81779	2021-09-05 15:48:22 UTC									Halictus ligatus		Ligated Furrow Bee			Animalia	Arthropoda	Insecta	Hymenoptera	Halictidae	Halictinae	Halictus	Halictus												
7f08366c-c8fa-406a-82ff-4e8305b08a5b		https://inaturalist-open-data.s3.amazonaws.com/photos/155383572/medium.jpeg					Halictus ligatus	true	A			LSchare (she/her)	81779	2021-09-05 15:48:23 UTC									Halictus ligatus		Ligated Furrow Bee			Animalia	Arthropoda	Insecta	Hymenoptera	Halictidae	Halictinae	Halictus	Halictus												
61ef9fc2-e35f-4bd3-aa5c-2b8b14d6e988		https://inaturalist-open-data.s3.amazonaws.com/photos/155467943/medium.jpeg					Western Pygmy-Blue	true	A			LSchare (she/her)	81779	2021-09-05 20:56:51 UTC									Brephidium exilis		Western Pygmy-Blue			Animalia	Arthropoda	Insecta	Lepidoptera	Lycaenidae	Polyommatinae	Brephidium	Brephidium												
6b340d4c-32ca-47e2-881e-de2b75db319e		https://inaturalist-open-data.s3.amazonaws.com/photos/155467988/medium.jpeg					alkali heliotrope	true	A			LSchare (she/her)	81779	2021-09-05 20:56:52 UTC									Heliotropium curassavicum		alkali heliotrope			Plantae	Tracheophyta	Magnoliopsida	Boraginales	Boraginaceae	Heliotropioideae	Heliotropium	Heliotropium												
c00a878c-8fc6-408c-a517-55f99b1f9873		https://static.inaturalist.org/photos/157762474/medium.jpg					alkali heliotrope	true	A			Kathleen Nguyen	4973419	2021-09-16 17:35:00 UTC									Heliotropium curassavicum		alkali heliotrope			Plantae	Tracheophyta	Magnoliopsida	Boraginales	Boraginaceae	Heliotropioideae	Heliotropium	Heliotropium												
1c83eec4-c2b0-4533-ab52-16df5755c6ef		https://static.inaturalist.org/photos/157762501/medium.jpg					White Checkered-Skipper	true	A			Kathleen Nguyen	4973419	2021-09-16 17:50:39 UTC									Burnsius albezens		White Checkered-Skipper			Animalia	Arthropoda	Insecta	Lepidoptera	Hesperiidae	Pyrginae	Burnsius	Burnsius												
ba2e8dfb-c024-4db5-8718-bc6558473226		https://inaturalist-open-data.s3.amazonaws.com/photos/160497050/medium.jpeg					Bladderpod	true	A			LSchare (she/her)	81779	2021-09-29 17:04:31 UTC									Cleomella arborea		Bladderpod			Plantae	Tracheophyta	Magnoliopsida	Brassicales	Cleomaceae		Cleomella	Cleomella												
f454b374-cee7-4170-99b1-31e9b914a3ba		https://inaturalist-open-data.s3.amazonaws.com/photos/160497022/medium.jpeg					Harlequin Bug	true	A			LSchare (she/her)	81779	2021-09-29 17:04:31 UTC									Murgantia histrionica		Harlequin Bug			Animalia	Arthropoda	Insecta	Hemiptera	Pentatomidae	Pentatominae	Murgantia	Murgantia												
eaa09eb1-e6d9-4539-b27c-d0fb11fd195b		https://inaturalist-open-data.s3.amazonaws.com/photos/160499720/medium.jpg					Western Honey Bee	true	A			LSchare (she/her)	81779	2021-09-29 17:12:58 UTC									Apis mellifera		Western Honey Bee			Animalia	Arthropoda	Insecta	Hymenoptera	Apidae	Apinae	Apis	Apis												
c70b4397-4c02-4f56-ad63-15332b5c1d90		https://inaturalist-open-data.s3.amazonaws.com/photos/160499763/medium.jpg					European Searocket	true	A			LSchare (she/her)	81779	2021-09-29 17:13:11 UTC									Cakile maritima		European Searocket			Plantae	Tracheophyta	Magnoliopsida	Brassicales	Brassicaceae	Brassicoideae	Cakile	Cakile												
061cef7c-90cd-4b45-942c-361c21edf53b		https://inaturalist-open-data.s3.amazonaws.com/photos/160547770/medium.jpeg					Wandering Skipper	true	A			LSchare (she/her)	81779	2021-09-29 21:39:00 UTC									Panoquina errans		Wandering Skipper			Animalia	Arthropoda	Insecta	Lepidoptera	Hesperiidae	Hesperiinae	Panoquina	Panoquina												
c2c054a0-b412-4d55-9a58-71abc7a43333		https://inaturalist-open-data.s3.amazonaws.com/photos/160547823/medium.jpeg					Copestylum violaceum	true	A			LSchare (she/her)	81779	2021-09-29 21:39:01 UTC									Copestylum violaceum					Animalia	Arthropoda	Insecta	Diptera	Syrphidae	Eristalinae	Copestylum	Copestylum												
4ae9ebd5-4b84-4df1-95fd-8c2de9c9d375		https://inaturalist-open-data.s3.amazonaws.com/photos/167795652/medium.jpeg					Rusałka osetnik	true	A			LSchare (she/her)	81779	2021-11-07 20:47:17 UTC									Vanessa cardui		Painted Lady			Animalia	Arthropoda	Insecta	Lepidoptera	Nymphalidae	Nymphalinae	Vanessa	Vanessa												
15974acf-abb1-444b-8b9c-62489b3dfa11		https://inaturalist-open-data.s3.amazonaws.com/photos/167795675/medium.jpeg					coyote brush	true	A			LSchare (she/her)	81779	2021-11-07 20:47:19 UTC									Baccharis pilularis		coyote brush			Plantae	Tracheophyta	Magnoliopsida	Asterales	Asteraceae	Asteroideae	Baccharis	Baccharis												
dfdd6998-575e-45c5-9c9c-48aeb12162ac		https://inaturalist-open-data.s3.amazonaws.com/photos/167795781/medium.jpeg					California Wild Rose	true	A			LSchare (she/her)	81779	2021-11-07 20:47:20 UTC									Rosa californica		California Wild Rose			Plantae	Tracheophyta	Magnoliopsida	Rosales	Rosaceae	Rosoideae	Rosa	Rosa												
7d01bec4-68ce-47b1-a962-86294cb00a48		https://inaturalist-open-data.s3.amazonaws.com/photos/167795804/medium.jpeg					Western Honey Bee	true	A			LSchare (she/her)	81779	2021-11-07 20:47:20 UTC									Apis mellifera		Western Honey Bee			Animalia	Arthropoda	Insecta	Hymenoptera	Apidae	Apinae	Apis	Apis												
6306aa14-0ab6-4b63-9100-af2c59e8c6ec		https://inaturalist-open-data.s3.amazonaws.com/photos/167796461/medium.jpeg					Western Honey Bee	true	A			LSchare (she/her)	81779	2021-11-07 20:47:31 UTC									Apis mellifera		Western Honey Bee			Animalia	Arthropoda	Insecta	Hymenoptera	Apidae	Apinae	Apis	Apis												
32804bcd-0453-44a2-9a3c-d702707ae3b8		https://inaturalist-open-data.s3.amazonaws.com/photos/168104972/medium.jpg					Leafhopper Assassin Bug	true	A				5000772	2021-11-09 18:37:58 UTC									Zelus renardii		Leafhopper Assassin Bug			Animalia	Arthropoda	Insecta	Hemiptera	Reduviidae	Harpactorinae	Zelus	Zelus												
75e33922-a791-48bf-816d-be4ee81476d7		https://inaturalist-open-data.s3.amazonaws.com/photos/169764662/medium.jpg					Bold Jumping Spider	true	A				5000772	2021-11-21 19:25:19 UTC									Phidippus audax		Bold Jumping Spider			Animalia	Arthropoda	Arachnida	Araneae	Salticidae	Salticinae	Phidippus	Phidippus												
ef066740-4e30-4f62-b69c-f9739e1f8f90		https://inaturalist-open-data.s3.amazonaws.com/photos/171716085/medium.jpg					Bold Jumping Spider	true	A				5000772	2021-12-08 01:15:38 UTC									Phidippus audax		Bold Jumping Spider			Animalia	Arthropoda	Arachnida	Araneae	Salticidae	Salticinae	Phidippus	Phidippus												
6db14878-a159-4524-a431-2bcf3ea70e6c		https://inaturalist-open-data.s3.amazonaws.com/photos/171716443/medium.jpg					Western Honey Bee	true	A				5000772	2021-12-08 01:20:51 UTC									Apis mellifera		Western Honey Bee			Animalia	Arthropoda	Insecta	Hymenoptera	Apidae	Apinae	Apis	Apis												
c057677a-de7f-4d31-be77-8fb52a952531		https://inaturalist-open-data.s3.amazonaws.com/photos/171716616/medium.jpg					Western Honey Bee	true	A				5000772	2021-12-08 01:22:48 UTC									Apis mellifera		Western Honey Bee			Animalia	Arthropoda	Insecta	Hymenoptera	Apidae	Apinae	Apis	Apis												
dcbff01d-ec8a-4aaa-b9b2-337a1cbeefc3		https://inaturalist-open-data.s3.amazonaws.com/photos/179855478/medium.jpeg					White-bowed Smoothwing	true	A			LSchare (she/her)	81779	2022-02-18 20:04:52 UTC									Scaeva affinis		White-bowed Smoothwing			Animalia	Arthropoda	Insecta	Diptera	Syrphidae	Syrphinae	Scaeva	Scaeva												
7d11605f-693d-4659-b698-2b939a0b5395		https://inaturalist-open-data.s3.amazonaws.com/photos/183603840/medium.jpeg					Spotted Cucumber Beetle	true	A			LSchare (she/her)	81779	2022-03-19 21:14:10 UTC									Diabrotica undecimpunctata		Spotted Cucumber Beetle			Animalia	Arthropoda	Insecta	Coleoptera	Chrysomelidae	Galerucinae	Diabrotica	Diabrotica												
a69661da-c4ac-428f-830b-1b6a6dc0d8a9		https://inaturalist-open-data.s3.amazonaws.com/photos/183733915/medium.jpeg					Red-eared Blister Beetle	true	A			LSchare (she/her)	81779	2022-03-20 16:49:29 UTC									Lytta auriculata		Red-eared Blister Beetle			Animalia	Arthropoda	Insecta	Coleoptera	Meloidae	Meloinae	Lytta	Lytta												
75f9d834-ac81-4b3a-a971-71aefc43ef6e		https://inaturalist-open-data.s3.amazonaws.com/photos/185248212/medium.jpeg					California brittlebush	true	A			LSchare (she/her)	81779	2022-03-29 20:59:13 UTC									Encelia californica		California brittlebush			Plantae	Tracheophyta	Magnoliopsida	Asterales	Asteraceae	Asteroideae	Encelia	Encelia												
691e38c7-1ffd-4a23-8cb8-121edbe6c072		https://inaturalist-open-data.s3.amazonaws.com/photos/185248233/medium.jpeg					Large-tailed Aphideater	true	A			LSchare (she/her)	81779	2022-03-29 20:59:13 UTC									Eupeodes volucris		Large-tailed Aphideater			Animalia	Arthropoda	Insecta	Diptera	Syrphidae	Syrphinae	Eupeodes	Eupeodes												
eb81dd17-4bda-4f5e-8bdc-08b63a0702c5		https://inaturalist-open-data.s3.amazonaws.com/photos/185248321/medium.jpeg					Sara Orangetip	true	A			LSchare (she/her)	81779	2022-03-29 20:59:14 UTC									Anthocharis sara		Sara Orangetip			Animalia	Arthropoda	Insecta	Lepidoptera	Pieridae	Pierinae	Anthocharis	Anthocharis												
cdf28aed-f760-4092-8a89-819b9789d387		https://inaturalist-open-data.s3.amazonaws.com/photos/185248393/medium.jpeg					Convergent Lady Beetle	true	A			LSchare (she/her)	81779	2022-03-29 20:59:15 UTC									Hippodamia convergens		Convergent Lady Beetle			Animalia	Arthropoda	Insecta	Coleoptera	Coccinellidae	Coccinellinae	Hippodamia	Hippodamia												
747049be-b420-4c3d-89f5-c86f9230889b		https://inaturalist-open-data.s3.amazonaws.com/photos/185248416/medium.jpeg					California buckwheat	true	A			LSchare (she/her)	81779	2022-03-29 20:59:15 UTC									Eriogonum fasciculatum		California Buckwheat			Plantae	Tracheophyta	Magnoliopsida	Caryophyllales	Polygonaceae	Eriogonoideae	Eriogonum	Eriogonum												
2a834e54-6563-4b9e-984e-dc9b617b9667		https://inaturalist-open-data.s3.amazonaws.com/photos/185248449/medium.jpeg					Behr's Metalmark	true	A			LSchare (she/her)	81779	2022-03-29 20:59:15 UTC									Apodemia virgulti		Behr's Metalmark			Animalia	Arthropoda	Insecta	Lepidoptera	Riodinidae	Riodininae	Apodemia	Apodemia												
fab56e47-5491-4307-9a23-50cfb675d2ab		https://inaturalist-open-data.s3.amazonaws.com/photos/185248505/medium.jpeg					Large-tailed Aphideater	true	A			LSchare (she/her)	81779	2022-03-29 20:59:16 UTC									Eupeodes volucris		Large-tailed Aphideater			Animalia	Arthropoda	Insecta	Diptera	Syrphidae	Syrphinae	Eupeodes	Eupeodes												
4e25b25e-e767-4553-9272-72d37308acd8		https://inaturalist-open-data.s3.amazonaws.com/photos/185248574/medium.jpeg					Tripartite Sweat Bee	true	A			LSchare (she/her)	81779	2022-03-29 20:59:19 UTC									Halictus tripartitus		Tripartite Sweat Bee			Animalia	Arthropoda	Insecta	Hymenoptera	Halictidae	Halictinae	Halictus	Halictus												
c3924aa7-5e7a-4ab3-ad07-6e96cad7408a		https://inaturalist-open-data.s3.amazonaws.com/photos/185248634/medium.jpeg					Convergent Lady Beetle	true	A			LSchare (she/her)	81779	2022-03-29 20:59:19 UTC									Hippodamia convergens		Convergent Lady Beetle			Animalia	Arthropoda	Insecta	Coleoptera	Coccinellidae	Coccinellinae	Hippodamia	Hippodamia												
49ec9208-0c84-45ea-8121-6ce06582458c		https://inaturalist-open-data.s3.amazonaws.com/photos/185556954/medium.jpeg					Gray Buckeye	true	A			LSchare (she/her)	81779	2022-03-31 20:40:42 UTC									Junonia grisea		Gray Buckeye			Animalia	Arthropoda	Insecta	Lepidoptera	Nymphalidae	Nymphalinae	Junonia	Junonia												
e1668026-0bba-4985-a085-d4974df6ed68		https://inaturalist-open-data.s3.amazonaws.com/photos/185741084/medium.jpeg					Lesser Goldfinch	true	A			LSchare (she/her)	81779	2022-04-02 00:09:01 UTC									Spinus psaltria		Lesser Goldfinch			Animalia	Chordata	Aves	Passeriformes	Fringillidae		Spinus	Spinus												
f2c56390-3697-4d7b-84dd-d02c2852403d		https://inaturalist-open-data.s3.amazonaws.com/photos/185741096/medium.jpeg					Common Fiddleneck	true	A			LSchare (she/her)	81779	2022-04-02 00:09:01 UTC									Amsinckia menziesii		Common Fiddleneck			Plantae	Tracheophyta	Magnoliopsida	Boraginales	Boraginaceae	Cynoglossoideae	Amsinckia	Amsinckia												
8903b13b-bc3d-4e49-9fcc-8c4034783f4a		https://inaturalist-open-data.s3.amazonaws.com/photos/186235840/medium.jpeg					purple owl's-clover	true	A			Andrea Kreuzhage	828394	2022-04-04 16:07:56 UTC									Castilleja exserta		purple owl's-clover			Plantae	Tracheophyta	Magnoliopsida	Lamiales	Orobanchaceae		Castilleja	Castilleja												
22a333b9-85c3-4e78-90ba-8b6cabc057a1		https://inaturalist-open-data.s3.amazonaws.com/photos/186236000/medium.jpeg					Adela flammeusella	true	A			Andrea Kreuzhage	828394	2022-04-04 16:10:45 UTC									Adela flammeusella					Animalia	Arthropoda	Insecta	Lepidoptera	Adelidae	Adelinae	Adela	Adela												
88a9b33c-e524-4777-81cc-cae8aa24de97		https://inaturalist-open-data.s3.amazonaws.com/photos/186295386/medium.jpeg					California brittlebush	true	A			LSchare (she/her)	81779	2022-04-04 22:46:34 UTC									Encelia californica		California brittlebush			Plantae	Tracheophyta	Magnoliopsida	Asterales	Asteraceae	Asteroideae	Encelia	Encelia												
2f2a311c-a29e-4447-a1a7-af2ffad504c3		https://inaturalist-open-data.s3.amazonaws.com/photos/186295477/medium.jpeg					Behr's Metalmark	true	A			LSchare (she/her)	81779	2022-04-04 22:46:35 UTC									Apodemia virgulti		Behr's Metalmark			Animalia	Arthropoda	Insecta	Lepidoptera	Riodinidae	Riodininae	Apodemia	Apodemia												
18dd0713-720c-4ccd-8757-68fc5370fd3f		https://inaturalist-open-data.s3.amazonaws.com/photos/190489093/medium.jpeg					Black Mustard	true	A			LSchare (she/her)	81779	2022-04-25 00:15:16 UTC									Mutarda nigra		Black Mustard			Plantae	Tracheophyta	Magnoliopsida	Brassicales	Brassicaceae	Brassicoideae	Mutarda	Mutarda												
a76d58b1-37d0-4164-bc9f-b3ae8798404c		https://inaturalist-open-data.s3.amazonaws.com/photos/190489106/medium.jpeg					Orange Sulphur	true	A			LSchare (she/her)	81779	2022-04-25 00:15:16 UTC									Colias eurytheme		Orange Sulphur			Animalia	Arthropoda	Insecta	Lepidoptera	Pieridae	Coliadinae	Colias	Colias												
c1ffe799-00d6-461e-ba2b-842acca55cf0		https://inaturalist-open-data.s3.amazonaws.com/photos/208258716/medium.jpeg					Northern White-Skipper	true	A			LSchare (she/her)	81779	2022-06-22 16:39:32 UTC									Heliopetes ericetorum		Northern White-Skipper			Animalia	Arthropoda	Insecta	Lepidoptera	Hesperiidae	Pyrginae	Heliopetes	Heliopetes												
92d485c4-06fb-4d5a-bbb9-533bb75e7de4		https://inaturalist-open-data.s3.amazonaws.com/photos/208258768/medium.jpeg					Coastal Goldenbush	true	A			LSchare (she/her)	81779	2022-06-22 16:39:33 UTC									Isocoma menziesii		Coastal Goldenbush			Plantae	Tracheophyta	Magnoliopsida	Asterales	Asteraceae	Asteroideae	Isocoma	Isocoma												
226d748b-40b6-4976-9409-97ec160669f9		https://inaturalist-open-data.s3.amazonaws.com/photos/208258826/medium.jpeg					Northern White-Skipper	true	A			LSchare (she/her)	81779	2022-06-22 16:39:33 UTC									Heliopetes ericetorum		Northern White-Skipper			Animalia	Arthropoda	Insecta	Lepidoptera	Hesperiidae	Pyrginae	Heliopetes	Heliopetes												
82e593c9-2a71-4f20-93ec-dffcf413f7df		https://inaturalist-open-data.s3.amazonaws.com/photos/208583721/medium.jpeg					red sand-verbena	true	A			LSchare (she/her)	81779	2022-06-23 22:43:42 UTC									Abronia maritima		red sand-verbena			Plantae	Tracheophyta	Magnoliopsida	Caryophyllales	Nyctaginaceae		Abronia	Abronia												
672fe2b9-1ed2-4446-b465-4ecfa4060161		https://inaturalist-open-data.s3.amazonaws.com/photos/208583795/medium.jpeg					Yellow-faced Bumble Bee	true	A			LSchare (she/her)	81779	2022-06-23 22:43:43 UTC									Bombus vosnesenskii		Yellow-faced Bumble Bee			Animalia	Arthropoda	Insecta	Hymenoptera	Apidae	Apinae	Bombus	Bombus												
11156385-9043-4fb3-b6ca-e64f4db63feb		https://inaturalist-open-data.s3.amazonaws.com/photos/208584025/medium.jpeg					Wandering Skipper	true	A			LSchare (she/her)	81779	2022-06-23 22:43:44 UTC									Panoquina errans		Wandering Skipper			Animalia	Arthropoda	Insecta	Lepidoptera	Hesperiidae	Hesperiinae	Panoquina	Panoquina												
b2a67f9c-8013-435a-85e9-800ec21031eb		https://inaturalist-open-data.s3.amazonaws.com/photos/208848568/medium.jpeg					California brittlebush	true	A			LSchare (she/her)	81779	2022-06-25 00:09:21 UTC									Encelia californica		California brittlebush			Plantae	Tracheophyta	Magnoliopsida	Asterales	Asteraceae	Asteroideae	Encelia	Encelia												
33dced97-f9c0-4da9-b309-5c5931b794fa		https://inaturalist-open-data.s3.amazonaws.com/photos/208870108/medium.jpg					Bladderpod	true	A			LSchare (she/her)	81779	2022-06-25 01:43:06 UTC									Cleomella arborea		Bladderpod			Plantae	Tracheophyta	Magnoliopsida	Brassicales	Cleomaceae		Cleomella	Cleomella												
62a0aefa-f778-488c-9baa-8d821c6e37a6		https://inaturalist-open-data.s3.amazonaws.com/photos/208870177/medium.jpg					Murgantia histrionica	true	A			LSchare (she/her)	81779	2022-06-25 01:43:32 UTC									Murgantia histrionica		Harlequin Bug			Animalia	Arthropoda	Insecta	Hemiptera	Pentatomidae	Pentatominae	Murgantia	Murgantia												
ca37d25c-d4f0-43ec-8ea2-23e3a21a778f		https://inaturalist-open-data.s3.amazonaws.com/photos/209016926/medium.jpeg					deerweed	true	A			LSchare (she/her)	81779	2022-06-25 16:49:06 UTC									Acmispon glaber		deerweed			Plantae	Tracheophyta	Magnoliopsida	Fabales	Fabaceae	Faboideae	Acmispon	Acmispon												
d03b0fdb-1a26-4471-9999-140d6fbf8758		https://inaturalist-open-data.s3.amazonaws.com/photos/209017288/medium.jpeg					laurel sumac	true	A			LSchare (she/her)	81779	2022-06-25 16:49:09 UTC									Malosma laurina		laurel sumac			Plantae	Tracheophyta	Magnoliopsida	Sapindales	Anacardiaceae	Anacardioideae	Malosma	Malosma												
096bfbb7-701e-465d-a17f-35b533edd55f		https://inaturalist-open-data.s3.amazonaws.com/photos/209017363/medium.jpeg					Gray Hairstreak	true	A			LSchare (she/her)	81779	2022-06-25 16:49:10 UTC									Strymon melinus		Gray Hairstreak			Animalia	Arthropoda	Insecta	Lepidoptera	Lycaenidae	Theclinae	Strymon	Strymon												
eacaf9ca-907e-4ee7-be18-279a1e696e97		https://inaturalist-open-data.s3.amazonaws.com/photos/209017447/medium.jpeg					Western Honey Bee	true	A			LSchare (she/her)	81779	2022-06-25 16:49:10 UTC									Apis mellifera		Western Honey Bee			Animalia	Arthropoda	Insecta	Hymenoptera	Apidae	Apinae	Apis	Apis												
34967974-7e72-42c7-a499-74e2e5a4dd83		https://inaturalist-open-data.s3.amazonaws.com/photos/226151493/medium.jpeg					California Buckwheat	true	A			LSchare (she/her)	81779	2022-08-29 15:12:58 UTC									Eriogonum fasciculatum		California Buckwheat			Plantae	Tracheophyta	Magnoliopsida	Caryophyllales	Polygonaceae	Eriogonoideae	Eriogonum	Eriogonum												
a1a24814-56f0-4813-8e51-9cb20c64247a		https://inaturalist-open-data.s3.amazonaws.com/photos/226151561/medium.jpeg					Gray Hairstreak	true	A			LSchare (she/her)	81779	2022-08-29 15:12:59 UTC									Strymon melinus		Gray Hairstreak			Animalia	Arthropoda	Insecta	Lepidoptera	Lycaenidae	Theclinae	Strymon	Strymon												
34432cb4-8e1a-42d6-9fb4-c94fcf6f08e3		https://inaturalist-open-data.s3.amazonaws.com/photos/227441437/medium.jpeg					Marine Blue	true	A			LSchare (she/her)	81779	2022-09-03 21:15:36 UTC									Leptotes marina		Marine Blue			Animalia	Arthropoda	Insecta	Lepidoptera	Lycaenidae	Polyommatinae	Leptotes	Leptotes												
1c811d85-87dd-4439-bc23-2906966a5c88		https://inaturalist-open-data.s3.amazonaws.com/photos/227441850/medium.jpeg					velvety goldenrod	true	A			LSchare (she/her)	81779	2022-09-03 21:15:40 UTC									Solidago velutina		velvety goldenrod			Plantae	Tracheophyta	Magnoliopsida	Asterales	Asteraceae	Asteroideae	Solidago	Solidago												
778d8f3c-f851-4481-b46f-5d03ca1aca5d		https://inaturalist-open-data.s3.amazonaws.com/photos/227442042/medium.jpeg					Fatal Metalmark	true	A			LSchare (she/her)	81779	2022-09-03 21:15:42 UTC									Calephelis nemesis		Fatal Metalmark			Animalia	Arthropoda	Insecta	Lepidoptera	Riodinidae	Riodininae	Calephelis	Calephelis												
e2281403-739a-48db-a5fa-cf0ff13b9b1e		https://inaturalist-open-data.s3.amazonaws.com/photos/227442320/medium.jpeg					Fatal Metalmark	true	A			LSchare (she/her)	81779	2022-09-03 21:15:43 UTC									Calephelis nemesis		Fatal Metalmark			Animalia	Arthropoda	Insecta	Lepidoptera	Riodinidae	Riodininae	Calephelis	Calephelis												
7ea8db2c-2500-459c-9cfd-16fe045d59bc		https://inaturalist-open-data.s3.amazonaws.com/photos/256525742/medium.jpeg					Western Honey Bee	true	A			LSchare (she/her)	81779	2023-02-16 18:50:17 UTC									Apis mellifera		Western Honey Bee			Animalia	Arthropoda	Insecta	Hymenoptera	Apidae	Apinae	Apis	Apis												
6d722894-e9da-452e-845a-9162f032632f		https://inaturalist-open-data.s3.amazonaws.com/photos/256525758/medium.jpeg					California brittlebush	true	A			LSchare (she/her)	81779	2023-02-16 18:50:17 UTC									Encelia californica		California brittlebush			Plantae	Tracheophyta	Magnoliopsida	Asterales	Asteraceae	Asteroideae	Encelia	Encelia												
9029f39f-d17e-4957-8b91-27cc7980fd6e		https://inaturalist-open-data.s3.amazonaws.com/photos/256836165/medium.jpeg					Sara Orangetip	true	A			LSchare (she/her)	81779	2023-02-18 23:02:30 UTC									Anthocharis sara		Sara Orangetip			Animalia	Arthropoda	Insecta	Lepidoptera	Pieridae	Pierinae	Anthocharis	Anthocharis												
ae83df61-cb81-44ce-ad6e-f20d63eb0fd9		https://inaturalist-open-data.s3.amazonaws.com/photos/256837564/medium.jpeg					Sara Orangetip	true	A			LSchare (she/her)	81779	2023-02-18 23:14:52 UTC									Anthocharis sara		Sara Orangetip			Animalia	Arthropoda	Insecta	Lepidoptera	Pieridae	Pierinae	Anthocharis	Anthocharis												
0b9d80a3-74d9-4306-802e-1f704ec24bea		https://inaturalist-open-data.s3.amazonaws.com/photos/256837857/medium.jpeg					black sage	true	A			LSchare (she/her)	81779	2023-02-18 23:14:56 UTC									Salvia mellifera		black sage			Plantae	Tracheophyta	Magnoliopsida	Lamiales	Lamiaceae	Nepetoideae	Salvia	Salvia												
03498047-35f4-4600-95d1-50bc5a0a509c		https://inaturalist-open-data.s3.amazonaws.com/photos/257044161/medium.jpeg					Monarch	true	A			LSchare (she/her)	81779	2023-02-20 01:23:03 UTC									Danaus plexippus		Monarch			Animalia	Arthropoda	Insecta	Lepidoptera	Nymphalidae	Danainae	Danaus	Danaus												
4abe033f-d1a5-4c9e-98b6-46d11c2e2543		https://inaturalist-open-data.s3.amazonaws.com/photos/257044230/medium.jpeg					mule fat	true	A			LSchare (she/her)	81779	2023-02-20 01:23:04 UTC									Baccharis salicifolia		mule fat			Plantae	Tracheophyta	Magnoliopsida	Asterales	Asteraceae	Asteroideae	Baccharis	Baccharis												
3cfadd29-bc73-4ae5-a297-e25647792ad0		https://inaturalist-open-data.s3.amazonaws.com/photos/266149114/medium.jpg					Tripartite Sweat Bee	true	A			Sabina Lucke Lawrence	1167463	2023-04-09 05:07:34 UTC									Halictus tripartitus		Tripartite Sweat Bee			Animalia	Arthropoda	Insecta	Hymenoptera	Halictidae	Halictinae	Halictus	Halictus												
0c2c59ab-3280-4563-84a2-778458ed35e5		https://inaturalist-open-data.s3.amazonaws.com/photos/266149323/medium.jpg					California brittlebush	true	A			Sabina Lucke Lawrence	1167463	2023-04-09 05:08:52 UTC									Encelia californica		California brittlebush			Plantae	Tracheophyta	Magnoliopsida	Asterales	Asteraceae	Asteroideae	Encelia	Encelia												
d6b8de5d-ca73-49ae-9257-81e5edc983c0		https://inaturalist-open-data.s3.amazonaws.com/photos/270340261/medium.jpg					Honey-tailed Striped Sweat Bee	true	A			Sabina Lucke Lawrence	1167463	2023-04-24 00:55:46 UTC									Agapostemon melliventris		Honey-tailed Striped Sweat Bee			Animalia	Arthropoda	Insecta	Hymenoptera	Halictidae	Halictinae	Agapostemon	Agapostemon												
7022791d-6b3b-400a-b585-4daa00c57159		https://static.inaturalist.org/photos/270351062/medium.jpg					Western Honey Bee	true	A			Dkt7sc	477693	2023-04-24 01:37:56 UTC									Apis mellifera		Western Honey Bee			Animalia	Arthropoda	Insecta	Hymenoptera	Apidae	Apinae	Apis	Apis												
a93f6fe6-5573-49dc-bb33-4241fa7532c7		https://static.inaturalist.org/photos/270357935/medium.jpg					White-lined Sphinx	true	A			Dkt7sc	477693	2023-04-24 02:04:48 UTC									Hyles lineata		White-lined Sphinx			Animalia	Arthropoda	Insecta	Lepidoptera	Sphingidae	Macroglossinae	Hyles	Hyles												
1bc3e4ec-4775-4606-bab3-39cb817f9067		https://static.inaturalist.org/photos/270359043/medium.jpg					purple sage	true	A			Dkt7sc	477693	2023-04-24 02:08:54 UTC									Salvia leucophylla		purple sage			Plantae	Tracheophyta	Magnoliopsida	Lamiales	Lamiaceae	Nepetoideae	Salvia	Salvia												
edde15c4-144b-4624-8af3-96c7e7b5ddb4		https://inaturalist-open-data.s3.amazonaws.com/photos/270541908/medium.jpeg					California poppy	true	A			LSchare (she/her)	81779	2023-04-24 18:25:58 UTC									Eschscholzia californica		California poppy			Plantae	Tracheophyta	Magnoliopsida	Ranunculales	Papaveraceae	Papaveroideae	Eschscholzia	Eschscholzia												
47749e89-32c8-489f-9774-0526e6f27b2e		https://static.inaturalist.org/photos/270688184/medium.jpg					Western Honey Bee	true	A			Dkt7sc	477693	2023-04-25 04:56:35 UTC									Apis mellifera		Western Honey Bee			Animalia	Arthropoda	Insecta	Hymenoptera	Apidae	Apinae	Apis	Apis												
db1feee8-a833-4750-81b9-c64fe73323de		https://static.inaturalist.org/photos/270699709/medium.jpg					Margined Calligrapher	true	A			Dkt7sc	477693	2023-04-25 06:09:44 UTC									Toxomerus marginatus		Margined Calligrapher			Animalia	Arthropoda	Insecta	Diptera	Syrphidae	Syrphinae	Toxomerus	Toxomerus												
02595f0e-b97e-428d-8adc-7bda916a9b20		https://static.inaturalist.org/photos/270968473/medium.jpg					Black-tailed Bumble Bee	true	A			Dkt7sc	477693	2023-04-26 04:06:05 UTC									Bombus melanopygus		Black-tailed Bumble Bee			Animalia	Arthropoda	Insecta	Hymenoptera	Apidae	Apinae	Bombus	Bombus												
49848b51-64d2-4241-8010-559a5c416c50		https://static.inaturalist.org/photos/270972244/medium.jpg					Black-tailed Bumble Bee	true	A			Dkt7sc	477693	2023-04-26 04:27:39 UTC									Bombus melanopygus		Black-tailed Bumble Bee			Animalia	Arthropoda	Insecta	Hymenoptera	Apidae	Apinae	Bombus	Bombus												
64fbfef1-9971-4b41-abda-dc1e233c01fb		https://static.inaturalist.org/photos/270973544/medium.jpg					Western Honey Bee	true	A			Dkt7sc	477693	2023-04-26 04:35:44 UTC									Apis mellifera		Western Honey Bee			Animalia	Arthropoda	Insecta	Hymenoptera	Apidae	Apinae	Apis	Apis												
753e11f3-3c71-4495-ba1b-93d949738ce7		https://static.inaturalist.org/photos/270979299/medium.jpg					Foothill Carpenter Bee	true	A			Dkt7sc	477693	2023-04-26 05:19:31 UTC									Xylocopa tabaniformis orpifex		Foothill Carpenter Bee			Animalia	Arthropoda	Insecta	Hymenoptera	Apidae	Xylocopinae	Xylocopa	Xylocopa												
56eb1ca6-ba72-425d-a973-960c6a6d2ee5		https://static.inaturalist.org/photos/270980483/medium.jpg					Inornate Pyrausta Moth	true	A			Dkt7sc	477693	2023-04-26 05:29:27 UTC									Pyrausta inornatalis		Inornate Pyrausta Moth			Animalia	Arthropoda	Insecta	Lepidoptera	Crambidae	Pyraustinae	Pyrausta	Pyrausta												
cfaedb2f-880c-401b-9d3e-c1940fdcd43a		https://inaturalist-open-data.s3.amazonaws.com/photos/272017488/medium.jpg					Sacred Datura	true	A			LSchare (she/her)	81779	2023-04-28 21:42:34 UTC									Datura wrightii		Sacred Datura			Plantae	Tracheophyta	Magnoliopsida	Solanales	Solanaceae	Solanoideae	Datura	Datura												
f000b903-b028-47cc-9216-a160a4e206cc		https://static.inaturalist.org/photos/272984111/medium.jpg					Western Honey Bee	true	A			Dkt7sc	477693	2023-04-30 02:57:24 UTC									Apis mellifera		Western Honey Bee			Animalia	Arthropoda	Insecta	Hymenoptera	Apidae	Apinae	Apis	Apis												
e3b0eb76-5546-4e09-ace4-fa0086a2ba8a		https://inaturalist-open-data.s3.amazonaws.com/photos/274200513/medium.jpeg					Margined Calligrapher	true	A			LSchare (she/her)	81779	2023-05-01 15:29:37 UTC									Toxomerus marginatus		Margined Calligrapher			Animalia	Arthropoda	Insecta	Diptera	Syrphidae	Syrphinae	Toxomerus	Toxomerus												
3d61c085-5543-4d3c-9ce6-02457f99ef59		https://inaturalist-open-data.s3.amazonaws.com/photos/274200583/medium.jpeg					Blue Dicks	true	A			LSchare (she/her)	81779	2023-05-01 15:29:38 UTC									Dipterostemon capitatus		Blue Dicks			Plantae	Tracheophyta	Liliopsida	Asparagales	Asparagaceae	Brodiaeoideae	Dipterostemon	Dipterostemon												
a9617f4e-168f-4467-8124-1d5708a72a52		https://inaturalist-open-data.s3.amazonaws.com/photos/275042011/medium.jpeg					Sara Orangetip	true	A			LSchare (she/her)	81779	2023-05-02 16:23:42 UTC									Anthocharis sara		Sara Orangetip			Animalia	Arthropoda	Insecta	Lepidoptera	Pieridae	Pierinae	Anthocharis	Anthocharis												
7d86a1f6-a56f-44cf-a92f-b566a7f7d562		https://inaturalist-open-data.s3.amazonaws.com/photos/275042127/medium.jpeg					black sage	true	A			LSchare (she/her)	81779	2023-05-02 16:23:42 UTC									Salvia mellifera		black sage			Plantae	Tracheophyta	Magnoliopsida	Lamiales	Lamiaceae	Nepetoideae	Salvia	Salvia												
b6a3d4f3-fe44-4e32-945e-6d8f51230272		https://inaturalist-open-data.s3.amazonaws.com/photos/275475844/medium.jpeg					Margined Calligrapher	true	A			LSchare (she/her)	81779	2023-05-03 15:30:49 UTC									Toxomerus marginatus		Margined Calligrapher			Animalia	Arthropoda	Insecta	Diptera	Syrphidae	Syrphinae	Toxomerus	Toxomerus												
0a32e0a0-17c3-4379-91ee-dcb4be1e7a80		https://inaturalist-open-data.s3.amazonaws.com/photos/275475894/medium.jpeg					California Wild Rose	true	A			LSchare (she/her)	81779	2023-05-03 15:30:49 UTC									Rosa californica		California Wild Rose			Plantae	Tracheophyta	Magnoliopsida	Rosales	Rosaceae	Rosoideae	Rosa	Rosa												
815a09e1-af94-4681-930f-6b4e851c670a		https://inaturalist-open-data.s3.amazonaws.com/photos/275583161/medium.jpeg					scarlet pimpernel	true	A			LSchare (she/her)	81779	2023-05-03 20:05:26 UTC									Lysimachia arvensis		scarlet pimpernel			Plantae	Tracheophyta	Magnoliopsida	Ericales	Primulaceae	Myrsinoideae	Lysimachia	Lysimachia												
774f6a08-e2c8-40e0-b90c-34db8350235f		https://inaturalist-open-data.s3.amazonaws.com/photos/275583142/medium.jpeg					Margined Calligrapher	true	A			LSchare (she/her)	81779	2023-05-03 20:05:26 UTC									Toxomerus marginatus		Margined Calligrapher			Animalia	Arthropoda	Insecta	Diptera	Syrphidae	Syrphinae	Toxomerus	Toxomerus												
6b29a5fa-2e49-493d-931e-e02e7416cc88		https://inaturalist-open-data.s3.amazonaws.com/photos/275890364/medium.jpeg					European Searocket	true	A			LSchare (she/her)	81779	2023-05-04 16:06:45 UTC									Cakile maritima		European Searocket			Plantae	Tracheophyta	Magnoliopsida	Brassicales	Brassicaceae	Brassicoideae	Cakile	Cakile												
737f57b0-8d6e-47c6-a8e5-1b05458e5617		https://inaturalist-open-data.s3.amazonaws.com/photos/279582354/medium.jpeg					scarlet pimpernel	true	A			LSchare (she/her)	81779	2023-05-15 02:22:46 UTC									Lysimachia arvensis		scarlet pimpernel			Plantae	Tracheophyta	Magnoliopsida	Ericales	Primulaceae	Myrsinoideae	Lysimachia	Lysimachia												
06f48862-5777-40a5-b859-7c5e299b2bb4		https://inaturalist-open-data.s3.amazonaws.com/photos/279582069/medium.jpeg					Margined Calligrapher	true	A			LSchare (she/her)	81779	2023-05-15 02:22:46 UTC									Toxomerus marginatus		Margined Calligrapher			Animalia	Arthropoda	Insecta	Diptera	Syrphidae	Syrphinae	Toxomerus	Toxomerus												
2203103a-ad51-43e4-9e55-fe1bd970ef1d		https://inaturalist-open-data.s3.amazonaws.com/photos/281500630/medium.jpg					Papilio rutulus	true	A			Sabina Lucke Lawrence	1167463	2023-05-21 00:46:20 UTC									Papilio rutulus		Western Tiger Swallowtail			Animalia	Arthropoda	Insecta	Lepidoptera	Papilionidae	Papilioninae	Papilio	Papilio												
9d6cdde2-1070-4484-8ab0-bb8e35b48971		https://inaturalist-open-data.s3.amazonaws.com/photos/285350106/medium.jpeg					Golden Yarrow	true	A			LSchare (she/her)	81779	2023-05-31 22:47:50 UTC									Eriophyllum confertiflorum		Golden Yarrow			Plantae	Tracheophyta	Magnoliopsida	Asterales	Asteraceae	Asteroideae	Eriophyllum	Eriophyllum												
250f7c19-3829-411e-aef6-d4cf0fe8bdf7		https://inaturalist-open-data.s3.amazonaws.com/photos/285350134/medium.jpeg					Margined Scarlet Plant Bug	true	A			LSchare (she/her)	81779	2023-05-31 22:47:51 UTC									Lopidea marginata		Margined Scarlet Plant Bug			Animalia	Arthropoda	Insecta	Hemiptera	Miridae	Orthotylinae	Lopidea	Lopidea												
36f6f3ca-1650-4fce-88c5-63b91be812ce		https://inaturalist-open-data.s3.amazonaws.com/photos/285350321/medium.jpeg					Ornate Checkered Beetle	true	A			LSchare (she/her)	81779	2023-05-31 22:47:51 UTC									Trichodes ornatus		Ornate Checkered Beetle			Animalia	Arthropoda	Insecta	Coleoptera	Cleridae	Clerinae	Trichodes	Trichodes												
57a33e0a-255c-4262-a8d4-7ead70b2f40d		https://inaturalist-open-data.s3.amazonaws.com/photos/285352292/medium.jpg					Margined Scarlet Plant Bug	true	A			LSchare (she/her)	81779	2023-05-31 22:52:47 UTC									Lopidea marginata		Margined Scarlet Plant Bug			Animalia	Arthropoda	Insecta	Hemiptera	Miridae	Orthotylinae	Lopidea	Lopidea												
612dfbcb-6cb2-4df5-81b3-e69b7a2ca00f		https://inaturalist-open-data.s3.amazonaws.com/photos/285352399/medium.jpg					Botta's clarkia	true	A			LSchare (she/her)	81779	2023-05-31 22:53:12 UTC									Clarkia bottae		Botta's clarkia			Plantae	Tracheophyta	Magnoliopsida	Myrtales	Onagraceae		Clarkia	Clarkia												
6416c5fc-30a7-48a4-8732-734b4316e4c7		https://inaturalist-open-data.s3.amazonaws.com/photos/287039798/medium.jpeg					California Chaparral Katydid	true	A			LSchare (she/her)	81779	2023-06-05 22:16:58 UTC									Platylyra californica		California Chaparral Katydid			Animalia	Arthropoda	Insecta	Orthoptera	Tettigoniidae	Phaneropterinae	Platylyra	Platylyra												
ab0553f9-4ea9-4b62-9f05-58f0798bf059		https://inaturalist-open-data.s3.amazonaws.com/photos/287039877/medium.jpeg					black sage	true	A			LSchare (she/her)	81779	2023-06-05 22:16:58 UTC									Salvia mellifera		black sage			Plantae	Tracheophyta	Magnoliopsida	Lamiales	Lamiaceae	Nepetoideae	Salvia	Salvia												
fd200b20-a0f5-43d8-9df7-5cdcfc64188d		https://inaturalist-open-data.s3.amazonaws.com/photos/287039916/medium.jpeg					California Buckwheat	true	A			LSchare (she/her)	81779	2023-06-05 22:17:00 UTC									Eriogonum fasciculatum		California Buckwheat			Plantae	Tracheophyta	Magnoliopsida	Caryophyllales	Polygonaceae	Eriogonoideae	Eriogonum	Eriogonum												
e154751d-1c57-4d07-96cf-bf57cd084efa		https://inaturalist-open-data.s3.amazonaws.com/photos/287039955/medium.jpeg					Hedgerow Hairstreak	true	A			LSchare (she/her)	81779	2023-06-05 22:17:00 UTC									Satyrium saepium		Hedgerow Hairstreak			Animalia	Arthropoda	Insecta	Lepidoptera	Lycaenidae	Theclinae	Satyrium	Satyrium												
529dffcd-1401-4ae5-a21f-5edd153a1ac9		https://inaturalist-open-data.s3.amazonaws.com/photos/287040274/medium.jpeg					Bernardino Blue	true	A			LSchare (she/her)	81779	2023-06-05 22:17:07 UTC									Euphilotes bernardino		Bernardino Blue			Animalia	Arthropoda	Insecta	Lepidoptera	Lycaenidae	Polyommatinae	Euphilotes	Euphilotes												
e5512523-d2c1-4652-a39a-664f50cb0e07		https://inaturalist-open-data.s3.amazonaws.com/photos/291455245/medium.jpg					Ligated Furrow Bee	true	A			Sabina Lucke Lawrence	1167463	2023-06-18 22:52:31 UTC									Halictus ligatus		Ligated Furrow Bee			Animalia	Arthropoda	Insecta	Hymenoptera	Halictidae	Halictinae	Halictus	Halictus												
fa82543e-8da3-4cb8-922f-d8df1a429176		https://inaturalist-open-data.s3.amazonaws.com/photos/294838835/medium.jpeg					American Sand Wasp	true	A			Sabina Lucke Lawrence	1167463	2023-06-28 23:42:16 UTC									Bembix americana		American Sand Wasp			Animalia	Arthropoda	Insecta	Hymenoptera	Crabronidae	Bembicinae	Bembix	Bembix												
60e02aac-11d7-47c5-aaff-303c775cd184		https://inaturalist-open-data.s3.amazonaws.com/photos/294839278/medium.jpeg					Tripartite Sweat Bee	true	A			Sabina Lucke Lawrence	1167463	2023-06-28 23:42:21 UTC									Halictus tripartitus		Tripartite Sweat Bee			Animalia	Arthropoda	Insecta	Hymenoptera	Halictidae	Halictinae	Halictus	Halictus												
279705bf-1c0e-4d96-9c71-32ef2a0f290b		https://inaturalist-open-data.s3.amazonaws.com/photos/294839494/medium.jpeg					turkey tangle frogfruit	true	A			Sabina Lucke Lawrence	1167463	2023-06-28 23:42:23 UTC									Phyla nodiflora		turkey tangle frogfruit			Plantae	Tracheophyta	Magnoliopsida	Lamiales	Verbenaceae		Phyla	Phyla												
94b0f120-4673-41f1-9cac-39fdd149af9d		https://inaturalist-open-data.s3.amazonaws.com/photos/300673746/medium.jpg					Marine Blue	true	A			Sabina Lucke Lawrence	1167463	2023-07-16 05:07:19 UTC									Leptotes marina		Marine Blue			Animalia	Arthropoda	Insecta	Lepidoptera	Lycaenidae	Polyommatinae	Leptotes	Leptotes												
12f522a4-04a4-4b15-9298-275f2969b845		https://inaturalist-open-data.s3.amazonaws.com/photos/300674041/medium.jpg					Strawberry clover	true	A			Sabina Lucke Lawrence	1167463	2023-07-16 05:09:09 UTC									Trifolium fragiferum		Strawberry clover			Plantae	Tracheophyta	Magnoliopsida	Fabales	Fabaceae	Faboideae	Trifolium	Trifolium												
7038b677-694f-4586-b5ae-f566284e3e8d		https://inaturalist-open-data.s3.amazonaws.com/photos/300676497/medium.jpg					Great Golden Digger Wasp	true	A			Sabina Lucke Lawrence	1167463	2023-07-16 05:24:22 UTC									Sphex ichneumoneus		Great Golden Digger Wasp			Animalia	Arthropoda	Insecta	Hymenoptera	Sphecidae	Sphecinae	Sphex	Sphex												
c4072d84-76b5-42ed-81cb-89b52ba6c6fb		https://inaturalist-open-data.s3.amazonaws.com/photos/300676778/medium.jpg					Seacliff Wild Buckwheat	true	A			Sabina Lucke Lawrence	1167463	2023-07-16 05:25:50 UTC									Eriogonum parvifolium		Seacliff Wild Buckwheat			Plantae	Tracheophyta	Magnoliopsida	Caryophyllales	Polygonaceae	Eriogonoideae	Eriogonum	Eriogonum												
2e64bedf-5245-4c95-a9ea-98a8056d2367		https://inaturalist-open-data.s3.amazonaws.com/photos/300677002/medium.jpg					American Sand Wasp	true	A			Sabina Lucke Lawrence	1167463	2023-07-16 05:27:37 UTC									Bembix americana		American Sand Wasp			Animalia	Arthropoda	Insecta	Hymenoptera	Crabronidae	Bembicinae	Bembix	Bembix												
ce3aa680-03ce-416c-921e-3490bb7f1e40		https://inaturalist-open-data.s3.amazonaws.com/photos/300677175/medium.jpg					California Buckwheat	true	A			Sabina Lucke Lawrence	1167463	2023-07-16 05:29:05 UTC									Eriogonum fasciculatum		California Buckwheat			Plantae	Tracheophyta	Magnoliopsida	Caryophyllales	Polygonaceae	Eriogonoideae	Eriogonum	Eriogonum												
a2871626-1a5e-4af4-9876-f06384bb5ecb		https://inaturalist-open-data.s3.amazonaws.com/photos/317086249/medium.jpeg					California Aster	true	A			LSchare (she/her)	81779	2023-09-05 15:37:35 UTC									Corethrogyne filaginifolia		California Aster			Plantae	Tracheophyta	Magnoliopsida	Asterales	Asteraceae	Asteroideae	Corethrogyne	Corethrogyne												
6e0beb21-3d95-437e-ac00-578491367bc9		https://inaturalist-open-data.s3.amazonaws.com/photos/317086340/medium.jpeg					Stiffbranch Bird's Beak	true	A			LSchare (she/her)	81779	2023-09-05 15:37:36 UTC									Cordylanthus rigidus		Stiffbranch Bird's Beak			Plantae	Tracheophyta	Magnoliopsida	Lamiales	Orobanchaceae		Cordylanthus	Cordylanthus												
6780d1ec-6d01-4b5a-aaea-a325c066e9f4		https://inaturalist-open-data.s3.amazonaws.com/photos/317086314/medium.jpeg					Yellow-faced Bumble Bee	true	A			LSchare (she/her)	81779	2023-09-05 15:37:36 UTC									Bombus vosnesenskii		Yellow-faced Bumble Bee			Animalia	Arthropoda	Insecta	Hymenoptera	Apidae	Apinae	Bombus	Bombus												
de91e9db-76cc-4b02-af36-8d7643ba07c1		https://inaturalist-open-data.s3.amazonaws.com/photos/325173760/medium.jpg					West Coast Lady	true	A			Sabina Lucke Lawrence	1167463	2023-10-04 01:29:58 UTC									Vanessa annabella		West Coast Lady			Animalia	Arthropoda	Insecta	Lepidoptera	Nymphalidae	Nymphalinae	Vanessa	Vanessa												
503c32d5-c0ab-4b13-b001-12d7e9631f18		https://inaturalist-open-data.s3.amazonaws.com/photos/325174105/medium.jpg					Coastal Goldenbush	true	A			Sabina Lucke Lawrence	1167463	2023-10-04 01:31:22 UTC									Isocoma menziesii		Coastal Goldenbush			Plantae	Tracheophyta	Magnoliopsida	Asterales	Asteraceae	Asteroideae	Isocoma	Isocoma												
a1d2f821-a5e1-4e2b-9c8d-2b8d64ba4094		https://inaturalist-open-data.s3.amazonaws.com/photos/325174352/medium.jpg					Gray Hairstreak	true	A			Sabina Lucke Lawrence	1167463	2023-10-04 01:32:40 UTC									Strymon melinus		Gray Hairstreak			Animalia	Arthropoda	Insecta	Lepidoptera	Lycaenidae	Theclinae	Strymon	Strymon												
d989ed28-a4a1-4f54-b65d-5ff974ac9c9a		https://inaturalist-open-data.s3.amazonaws.com/photos/325174523/medium.jpg					Coastal Goldenbush	true	A			Sabina Lucke Lawrence	1167463	2023-10-04 01:33:41 UTC									Isocoma menziesii		Coastal Goldenbush			Plantae	Tracheophyta	Magnoliopsida	Asterales	Asteraceae	Asteroideae	Isocoma	Isocoma												
39bb1f54-05ef-4d63-bf22-01a6f38f2d67		https://inaturalist-open-data.s3.amazonaws.com/photos/328038242/medium.jpeg					Mournful Duskywing	true	A			LSchare (she/her)	81779	2023-10-14 23:51:54 UTC									Erynnis tristis		Mournful Duskywing			Animalia	Arthropoda	Insecta	Lepidoptera	Hesperiidae	Pyrginae	Erynnis	Erynnis												
37053edb-fbd3-493d-ba85-2ba373d286a0		https://inaturalist-open-data.s3.amazonaws.com/photos/328038304/medium.jpeg					Woodland Skipper	true	A			LSchare (she/her)	81779	2023-10-14 23:51:55 UTC									Ochlodes sylvanoides		Woodland Skipper			Animalia	Arthropoda	Insecta	Lepidoptera	Hesperiidae	Hesperiinae	Ochlodes	Ochlodes												
4dda790e-51bf-4013-b025-2c450308fd2e		https://inaturalist-open-data.s3.amazonaws.com/photos/363857640/medium.jpg					Copestylum violaceum	true	A			Sabina Lucke Lawrence	1167463	2024-04-06 22:48:50 UTC									Copestylum violaceum					Animalia	Arthropoda	Insecta	Diptera	Syrphidae	Eristalinae	Copestylum	Copestylum												
0385f47a-da25-4efa-a3d5-af61ef12376a		https://inaturalist-open-data.s3.amazonaws.com/photos/363857929/medium.jpg					California brittlebush	true	A			Sabina Lucke Lawrence	1167463	2024-04-06 22:49:43 UTC									Encelia californica		California brittlebush			Plantae	Tracheophyta	Magnoliopsida	Asterales	Asteraceae	Asteroideae	Encelia	Encelia												
8d576294-52af-4e89-9a70-a95b091955d8		https://inaturalist-open-data.s3.amazonaws.com/photos/363859433/medium.jpg					California brittlebush	true	A			Sabina Lucke Lawrence	1167463	2024-04-06 22:54:28 UTC									Encelia californica		California brittlebush			Plantae	Tracheophyta	Magnoliopsida	Asterales	Asteraceae	Asteroideae	Encelia	Encelia												
5b31ac09-d56f-47ab-9b4a-39eb130b1926		https://inaturalist-open-data.s3.amazonaws.com/photos/363860026/medium.jpg					Copestylum marginatum	true	A			Sabina Lucke Lawrence	1167463	2024-04-06 22:56:28 UTC									Copestylum marginatum					Animalia	Arthropoda	Insecta	Diptera	Syrphidae	Eristalinae	Copestylum	Copestylum												
097d7687-8313-4602-830b-1806b552edb3		https://inaturalist-open-data.s3.amazonaws.com/photos/363861012/medium.jpg					California brittlebush	true	A			Sabina Lucke Lawrence	1167463	2024-04-06 22:59:49 UTC									Encelia californica		California brittlebush			Plantae	Tracheophyta	Magnoliopsida	Asterales	Asteraceae	Asteroideae	Encelia	Encelia												
f5e0cea3-a1bb-4644-a981-67aac16b1c9e		https://inaturalist-open-data.s3.amazonaws.com/photos/363864524/medium.jpg					California brittlebush	true	A			Sabina Lucke Lawrence	1167463	2024-04-06 23:10:09 UTC									Encelia californica		California brittlebush			Plantae	Tracheophyta	Magnoliopsida	Asterales	Asteraceae	Asteroideae	Encelia	Encelia												
a7a7c148-7513-432f-9ada-88c2cca9497d		https://inaturalist-open-data.s3.amazonaws.com/photos/388318086/medium.jpeg					coast morning glory	true	A			LSchare (she/her)	81779	2024-05-30 19:48:00 UTC									Calystegia macrostegia		coast morning glory			Plantae	Tracheophyta	Magnoliopsida	Solanales	Convolvulaceae	Convolvuloideae	Calystegia	Calystegia												
044b442d-7c9f-43d4-81e2-92f558a20dcc		https://inaturalist-open-data.s3.amazonaws.com/photos/388765688/medium.jpeg					California Buckwheat	true	A			LSchare (she/her)	81779	2024-05-31 23:18:26 UTC									Eriogonum fasciculatum		California Buckwheat			Plantae	Tracheophyta	Magnoliopsida	Caryophyllales	Polygonaceae	Eriogonoideae	Eriogonum	Eriogonum												
ed9c6630-f6e2-42cc-ad0a-ab512977cc3b		https://inaturalist-open-data.s3.amazonaws.com/photos/388765798/medium.jpeg					California Hairstreak	true	A			LSchare (she/her)	81779	2024-05-31 23:18:27 UTC									Satyrium californica		California Hairstreak			Animalia	Arthropoda	Insecta	Lepidoptera	Lycaenidae	Theclinae	Satyrium	Satyrium												
4c3a1197-ff64-4a8a-8313-d10a84cbfa2d		https://inaturalist-open-data.s3.amazonaws.com/photos/388765886/medium.jpeg					California Buckwheat	true	A			LSchare (she/her)	81779	2024-05-31 23:18:29 UTC									Eriogonum fasciculatum		California Buckwheat			Plantae	Tracheophyta	Magnoliopsida	Caryophyllales	Polygonaceae	Eriogonoideae	Eriogonum	Eriogonum												
27dd4164-1c3d-4493-912c-44469b30f661		https://inaturalist-open-data.s3.amazonaws.com/photos/388765941/medium.jpeg					Golden Yarrow	true	A			LSchare (she/her)	81779	2024-05-31 23:18:30 UTC									Eriophyllum confertiflorum		Golden Yarrow			Plantae	Tracheophyta	Magnoliopsida	Asterales	Asteraceae	Asteroideae	Eriophyllum	Eriophyllum												
a3798ed7-6897-49eb-a6ae-cf2793f70dea		https://inaturalist-open-data.s3.amazonaws.com/photos/388765924/medium.jpeg					Acmaeodera hepburnii	true	A			LSchare (she/her)	81779	2024-05-31 23:18:30 UTC									Acmaeodera hepburnii					Animalia	Arthropoda	Insecta	Coleoptera	Buprestidae	Polycestinae	Acmaeodera	Acmaeodera												
3707cc12-02c3-494c-bc0f-5cba5bf1afd4		https://inaturalist-open-data.s3.amazonaws.com/photos/394571041/medium.jpeg					Spanish Broom	true	A			LSchare (she/her)	81779	2024-06-14 21:51:04 UTC									Spartium junceum		Spanish Broom			Plantae	Tracheophyta	Magnoliopsida	Fabales	Fabaceae	Faboideae	Spartium	Spartium												
8fee3f1b-b58b-4369-866b-d9b5a9160682		https://inaturalist-open-data.s3.amazonaws.com/photos/394571179/medium.jpeg					Acmaeodera hepburnii	true	A			LSchare (she/her)	81779	2024-06-14 21:51:07 UTC									Acmaeodera hepburnii					Animalia	Arthropoda	Insecta	Coleoptera	Buprestidae	Polycestinae	Acmaeodera	Acmaeodera												
75c80508-3eb8-485c-85d3-26a6b359ab81		https://inaturalist-open-data.s3.amazonaws.com/photos/394571192/medium.jpeg					Golden Yarrow	true	A			LSchare (she/her)	81779	2024-06-14 21:51:09 UTC									Eriophyllum confertiflorum		Golden Yarrow			Plantae	Tracheophyta	Magnoliopsida	Asterales	Asteraceae	Asteroideae	Eriophyllum	Eriophyllum												
70f855fd-9ca4-4bc8-9fff-0e2919d95f9d		https://inaturalist-open-data.s3.amazonaws.com/photos/394571337/medium.jpeg					milk thistle	true	A			LSchare (she/her)	81779	2024-06-14 21:51:11 UTC									Silybum marianum		milk thistle			Plantae	Tracheophyta	Magnoliopsida	Asterales	Asteraceae	Carduoideae	Silybum	Silybum												
