occurrence_id	assertion_id	verbatim_assertion_type	assertion_type	assertion_type_iri	assertion_type_source	assertion_made_date	assertion_effective_date	assertion_value	assertion_value_iri	assertion_value_source	assertion_value_numeric	assertion_unit	assertion_unit_iri	assertion_unit_source	assertion_error	assertion_by	assertion_by_id	assertion_protocols	assertion_protocol_id	assertion_references	assertion_remarks
https://inaturalist.org/observations/1782033	39b0fdfc-9bf5-4726-b2a9-eb949c963671		num_identification_agreements								2										
https://inaturalist.org/observations/1784617	fba06c02-df18-4a12-be71-3c116352f721		num_identification_agreements								4										
https://inaturalist.org/observations/3069262	e63139df-b10b-4b03-989d-21a86ba34130		num_identification_agreements								1										
https://inaturalist.org/observations/3069266	febc825c-e2b8-4580-9a6b-1a7c130a1557		num_identification_agreements								3										
https://inaturalist.org/observations/3073482	c6741a4a-a438-407a-89d3-36ef9c6d212b		num_identification_agreements								1										
https://inaturalist.org/observations/3687769	ef0a718a-fd76-4f64-98d2-d4558e6da1ee		num_identification_agreements								3										
https://inaturalist.org/observations/4639045	791bbfdc-3687-405f-add7-659386cb0331		num_identification_agreements								1										
https://inaturalist.org/observations/4995616	c855cc5d-ae2c-409e-8d96-0efd98b42b5e		num_identification_agreements								2										
https://inaturalist.org/observations/6159394	18d6c100-cd40-4264-8b32-f296fadde74e		num_identification_agreements								2										
https://inaturalist.org/observations/6166211	e3383baf-a857-4ac4-bf77-b935151cb0e6		num_identification_agreements								2										
https://inaturalist.org/observations/12240678	0c954e31-508c-4f90-bcb9-f46d3e377b0f		num_identification_agreements								1										
https://inaturalist.org/observations/12242261	f18cc879-a0d1-4296-aa33-8bc9e7b06541		num_identification_agreements								1										
https://inaturalist.org/observations/13762822	a59d6a58-dbb6-4c4e-aaa3-eb69a8b41205		num_identification_agreements								1										
https://inaturalist.org/observations/15384206	dd4d6fee-34c7-46d0-8ad1-8aecb08d6cff		num_identification_agreements								1										
https://inaturalist.org/observations/16395158	2d18c272-24b3-487d-b2f9-aa353064ccc4		num_identification_agreements								1										
https://inaturalist.org/observations/16581786	a1ba67fd-46ad-4b0d-91f4-2225ab8c3ecf		num_identification_agreements								1										
https://inaturalist.org/observations/20211337	e639c1d3-d29b-469d-a7fc-ff8c8132fffc		num_identification_agreements								3										
https://inaturalist.org/observations/21130200	6afa7596-ee3e-4289-84db-39c093af46da		num_identification_agreements								1										
https://inaturalist.org/observations/21230655	6ea4e36d-301c-488b-a262-92867e8050fc		num_identification_agreements								2										
https://inaturalist.org/observations/21230656	4cb3829e-5cb3-4eb0-bb8b-e5701956f344		num_identification_agreements								2										
https://inaturalist.org/observations/21230791	554bc4df-d532-43c2-a73f-5d59eb964acf		num_identification_agreements								1										
https://inaturalist.org/observations/21230828	e491ed39-62e1-4ce4-baca-bc670d8a6d92		num_identification_agreements								1										
https://inaturalist.org/observations/21230894	728f8c58-44b2-4818-b77f-2e16a33cbc9d		num_identification_agreements								2										
https://inaturalist.org/observations/21231224	d184d413-2e32-4b59-89fa-622c0520609e		num_identification_agreements								4										
https://inaturalist.org/observations/21231300	7a4917bb-1151-47b9-8e1f-16d7fe477fee		num_identification_agreements								4										
https://inaturalist.org/observations/21231360	819e7557-a76c-4a59-bc38-dcfc0ac63e5f		num_identification_agreements								1										
https://inaturalist.org/observations/21408606	7149a0c1-0ad1-49ad-9f65-e347cbe72d90		num_identification_agreements								3										
https://inaturalist.org/observations/21829586	e7e7921e-cabc-4e9a-b613-3f17fd0527c4		num_identification_agreements								3										
https://inaturalist.org/observations/21830126	d4fa23c2-1531-4eea-aa3a-4599ca672d5c		num_identification_agreements								3										
https://inaturalist.org/observations/21830225	5b5d67db-42e2-4e71-8141-1c5cfeaefdf4		num_identification_agreements								2										
https://inaturalist.org/observations/21830227	92e7536a-8382-4eb9-a77d-b7d4d6f23a4d		num_identification_agreements								3										
https://inaturalist.org/observations/21830343	d9438298-1cae-41a6-bef5-835a55c1c9e3		num_identification_agreements								2										
https://inaturalist.org/observations/21830467	7c568811-12d7-4634-9208-142e8f970634		num_identification_agreements								1										
https://inaturalist.org/observations/21830553	7faf0f74-7993-49a3-9899-73f6a4cf4e26		num_identification_agreements								2										
https://inaturalist.org/observations/21830569	5cace716-79d1-47f9-afc0-ac6f16b9f28b		num_identification_agreements								2										
https://inaturalist.org/observations/21830573	b13a3299-f91d-42ce-b022-4656b952410a		num_identification_agreements								1										
https://inaturalist.org/observations/21830578	35e0d96c-e8ba-42af-b78e-710b749da8be		num_identification_agreements								2										
https://inaturalist.org/observations/21830589	87a50adb-c018-4e24-bfdf-daf1df3cb510		num_identification_agreements								1										
https://inaturalist.org/observations/21830673	7a153096-a76d-4af0-843c-9d2752d07c4e		num_identification_agreements								1										
https://inaturalist.org/observations/21830698	e5e869e2-e906-4b38-93c1-763faa826be2		num_identification_agreements								2										
https://inaturalist.org/observations/21830707	a229f2a3-4974-4043-9939-f00ef272a4d5		num_identification_agreements								3										
https://inaturalist.org/observations/21830717	9f1888eb-7ca3-4b27-9be5-fb5ef5da7a47		num_identification_agreements								2										
https://inaturalist.org/observations/21830798	80d604d7-59bb-4c71-932b-aaf2dc24c4f6		num_identification_agreements								4										
https://inaturalist.org/observations/21831083	0f11f0ec-da3b-47d9-90fb-51d68c1ebc7a		num_identification_agreements								2										
https://inaturalist.org/observations/21831093	950c45f1-503a-4ce3-8780-8d338cdc3272		num_identification_agreements								2										
https://inaturalist.org/observations/21832623	5a4a0810-dae5-4ce0-a826-a7654b36c047		num_identification_agreements								2										
https://inaturalist.org/observations/21832630	4e30518e-7634-410c-8053-b0495f59ef9e		num_identification_agreements								2										
https://inaturalist.org/observations/21832683	682929db-3aca-4c46-89a0-d53e2f655e53		num_identification_agreements								3										
https://inaturalist.org/observations/21832844	ee630948-4030-4364-9585-e454aa8e1f4f		num_identification_agreements								2										
https://inaturalist.org/observations/21832858	7c9741b1-ab45-4465-9559-29e9d9cae180		num_identification_agreements								3										
https://inaturalist.org/observations/21832904	d54156a9-9d45-4e7c-bb22-c7fb5ccf607f		num_identification_agreements								2										
https://inaturalist.org/observations/21832908	e811d95a-2061-4c67-be83-9f4073004b89		num_identification_agreements								2										
https://inaturalist.org/observations/21833125	5897f62a-682d-4d5c-b96f-f3f52733e00a		num_identification_agreements								4										
https://inaturalist.org/observations/21833136	461da569-7a62-40c9-b0c3-c7948a898a3f		num_identification_agreements								2										
https://inaturalist.org/observations/21833141	d6daf63e-e0c8-43bd-a45a-300d5936ced6		num_identification_agreements								2										
https://inaturalist.org/observations/21833325	afffa43e-6bed-4cc6-b73a-949e489f6153		num_identification_agreements								1										
https://inaturalist.org/observations/21922014	bd460228-b5a6-4bf2-a80d-8c017e2d3e21		num_identification_agreements								2										
https://inaturalist.org/observations/21922016	b3bc7b45-2a90-4c12-a09a-0069628ed79a		num_identification_agreements								2										
https://inaturalist.org/observations/21922025	b7538879-887a-4d68-8edc-7afca9719ab0		num_identification_agreements								2										
https://inaturalist.org/observations/21922029	4f622a8f-b268-4b7a-bb42-a2e4e6a901aa		num_identification_agreements								3										
https://inaturalist.org/observations/21922031	46089fff-f3ce-4109-8254-a6419df55bf1		num_identification_agreements								1										
https://inaturalist.org/observations/21922042	cacd2c4b-b270-4a5b-85e8-2a32e0b960fb		num_identification_agreements								2										
https://inaturalist.org/observations/21922050	9812eaf7-c92d-4d2d-9ccc-a5b250f4ff2b		num_identification_agreements								5										
https://inaturalist.org/observations/21922052	f8d763cb-d60b-45c1-a7c6-b0933c00c088		num_identification_agreements								2										
https://inaturalist.org/observations/21922053	40bba693-0b58-453f-b228-faaec2189703		num_identification_agreements								1										
https://inaturalist.org/observations/21922054	1bdb3720-7ac7-4a00-b606-40db6a9856fb		num_identification_agreements								1										
https://inaturalist.org/observations/21922056	e4e4293c-54fa-44b2-879d-19049e283813		num_identification_agreements								1										
https://inaturalist.org/observations/21922058	d4da2300-986b-43d2-8c9d-3a59bcd43ec6		num_identification_agreements								1										
https://inaturalist.org/observations/21922062	cae18251-5dbd-43f6-85cb-ee70afc3652c		num_identification_agreements								1										
https://inaturalist.org/observations/21922064	b0758fa4-9ce9-4db2-9980-dd742733330d		num_identification_agreements								3										
https://inaturalist.org/observations/21922871	02da953c-ae3e-42a9-88d9-dbfd9c302ef6		num_identification_agreements								2										
https://inaturalist.org/observations/21923258	d473924d-51c3-443c-a479-de9d5d4f9476		num_identification_agreements								1										
https://inaturalist.org/observations/22216772	e9f15031-5552-492b-8e4c-425d042edc27		num_identification_agreements								2										
https://inaturalist.org/observations/22388078	88aaa9fd-9703-4f15-a5e0-cf4c076c0050		num_identification_agreements								1										
https://inaturalist.org/observations/22388125	8ce74866-5ce3-4b41-91c6-9e489189ab54		num_identification_agreements								2										
https://inaturalist.org/observations/22446703	ba63c567-d27d-4bec-a2b1-bdb412aa8a5d		num_identification_agreements								3										
https://inaturalist.org/observations/22446730	54f68110-62f5-4f3a-b5da-122f75ee66e1		num_identification_agreements								4										
https://inaturalist.org/observations/22446743	aa0e68e4-9f83-4086-802f-98a905bf1cd9		num_identification_agreements								2										
https://inaturalist.org/observations/22446771	a9ab365d-2d41-4c31-8779-6dec3714c7d8		num_identification_agreements								2										
https://inaturalist.org/observations/22446828	8f13fee7-056a-4cba-b655-b0fb93b52bdc		num_identification_agreements								2										
https://inaturalist.org/observations/22498022	53be5829-1aee-471c-bb2f-d706ad4f1fc8		num_identification_agreements								2										
https://inaturalist.org/observations/22498042	a1c77d03-6d70-4171-ab75-721633cd39fa		num_identification_agreements								3										
https://inaturalist.org/observations/22664221	9c80019b-c885-4d16-889c-259ff9296da8		num_identification_agreements								2										
https://inaturalist.org/observations/22664243	c2d851f8-e054-457d-92f2-15c14ab17480		num_identification_agreements								2										
https://inaturalist.org/observations/22854528	03ab78c3-04cc-439d-a82d-789dde2650dd		num_identification_agreements								2										
https://inaturalist.org/observations/22854569	00f1b0e1-552a-4093-98f4-a5d571c35880		num_identification_agreements								3										
https://inaturalist.org/observations/22868884	997b580a-c714-4ebc-8eb8-e11ada1ce2de		num_identification_agreements								2										
https://inaturalist.org/observations/22868889	484ef345-5d75-418f-ba0e-48b7b13818e2		num_identification_agreements								2										
https://inaturalist.org/observations/22868902	45e1cf9d-e1af-42a7-8073-8a001b40da4d		num_identification_agreements								1										
https://inaturalist.org/observations/22868908	1d655cc7-d6a4-4e71-bb87-9c3a5ecfcfcc		num_identification_agreements								1										
https://inaturalist.org/observations/22868969	d9d2c338-4aea-4ee4-b8f8-4bfc67649bc0		num_identification_agreements								1										
https://inaturalist.org/observations/22868985	f805ab67-a35f-415e-a89d-d83d2b9204b2		num_identification_agreements								1										
https://inaturalist.org/observations/22869000	24f91e24-8bdd-4ad8-97c3-19c49cf98234		num_identification_agreements								2										
https://inaturalist.org/observations/22869007	47e1eefc-5361-4f90-a1e0-5b0a7c572474		num_identification_agreements								2										
https://inaturalist.org/observations/22869012	97bfc0a7-5dd5-4aed-95b7-fc51601ba478		num_identification_agreements								3										
https://inaturalist.org/observations/22869017	d9b97edf-ffec-40fb-b6db-f453f17549f6		num_identification_agreements								3										
https://inaturalist.org/observations/22869022	165c645e-c421-4f40-9401-e597b570b67a		num_identification_agreements								2										
https://inaturalist.org/observations/22869076	0fa77515-6c22-4858-aa1f-e68a8838c317		num_identification_agreements								2										
https://inaturalist.org/observations/22869084	4826a731-5f43-4fac-85d1-4da830a1815a		num_identification_agreements								1										
https://inaturalist.org/observations/22869119	f39ddafc-9aa4-42fd-b44b-500ae2895d78		num_identification_agreements								1										
https://inaturalist.org/observations/22869634	efea48f6-c5ac-4df2-9ff7-540e2a46fd24		num_identification_agreements								2										
https://inaturalist.org/observations/22869637	2a388223-06e3-4b2d-9f74-ceb5af201e79		num_identification_agreements								2										
https://inaturalist.org/observations/22869748	e15baf75-ac31-4ac9-80c7-44e53024e388		num_identification_agreements								1										
https://inaturalist.org/observations/22869938	a4cba01f-35a4-4396-8434-8a1e695a2ee3		num_identification_agreements								3										
https://inaturalist.org/observations/22869946	8e6ca605-11b4-4af6-b3c4-9ce8df8893cb		num_identification_agreements								2										
https://inaturalist.org/observations/22869956	9f991aeb-509c-4a4f-9cdb-ec10a8f28e77		num_identification_agreements								2										
https://inaturalist.org/observations/22985596	11011401-12a8-4d1a-962a-5885b8d8b193		num_identification_agreements								3										
https://inaturalist.org/observations/22985599	b95064ac-3d4c-4d4e-b3a5-8b70c6af93c7		num_identification_agreements								1										
https://inaturalist.org/observations/22985611	18993e76-f351-4d1e-8069-c1884f75501a		num_identification_agreements								3										
https://inaturalist.org/observations/22985618	1434fe33-7544-40e6-a245-435d4dc8f7e0		num_identification_agreements								1										
https://inaturalist.org/observations/22985620	6c8642c1-e1b6-4150-9b9f-ff917b6eec43		num_identification_agreements								3										
https://inaturalist.org/observations/22985623	4f3dd777-a2ef-4e9f-9576-51807e91fabb		num_identification_agreements								1										
https://inaturalist.org/observations/22985628	bbb6c35b-315e-4440-b4e6-5986b30d7347		num_identification_agreements								2										
https://inaturalist.org/observations/22985640	6bbcf2ea-4fd4-42aa-88c1-01f1709ac81b		num_identification_agreements								2										
https://inaturalist.org/observations/22985653	48c5755d-5f2c-4268-a404-9f8775fee67e		num_identification_agreements								1										
https://inaturalist.org/observations/22985680	04252ffc-4765-4ea7-ad13-93d2d736f672		num_identification_agreements								2										
https://inaturalist.org/observations/22985682	edff8cb2-d6e4-44db-a0e1-da21d39aa3de		num_identification_agreements								1										
https://inaturalist.org/observations/22985687	d9f66f9c-5cba-493c-b83a-6cedb04d2a6e		num_identification_agreements								1										
https://inaturalist.org/observations/22985696	f7f1c511-e9ed-458c-93c3-3796395f09f7		num_identification_agreements								2										
https://inaturalist.org/observations/22985720	35285a6a-f17a-4e87-be8c-dec47c7ca67b		num_identification_agreements								1										
https://inaturalist.org/observations/22985733	7f6fa27b-e408-40ed-b962-49975adf074d		num_identification_agreements								2										
https://inaturalist.org/observations/22985742	39823f19-cb86-4956-a1cd-115edf84c108		num_identification_agreements								1										
https://inaturalist.org/observations/22997581	96b64514-d999-4b83-bf62-1119c5f72d32		num_identification_agreements								2										
https://inaturalist.org/observations/22997604	adc198ef-fa0d-44fb-8db5-69a34bcaa58a		num_identification_agreements								4										
https://inaturalist.org/observations/22997709	597b978e-c23a-4cc8-979b-5bc44b88a6ea		num_identification_agreements								1										
https://inaturalist.org/observations/22997724	5cb9fb66-1785-4455-b262-67055b4d005f		num_identification_agreements								3										
https://inaturalist.org/observations/22997738	bf3c1ac3-dc19-4d03-9d19-fc86c543a652		num_identification_agreements								2										
https://inaturalist.org/observations/23038871	275fc321-7c0f-4ae1-a9c7-ea0292a13180		num_identification_agreements								1										
https://inaturalist.org/observations/23038876	ae7d0894-7ed6-4bae-8631-e5338fa231db		num_identification_agreements								1										
https://inaturalist.org/observations/23038929	e0476c86-2000-458f-a5fe-df0afde7131b		num_identification_agreements								1										
https://inaturalist.org/observations/23038933	323fbcee-351c-400c-824f-c702c7ece43c		num_identification_agreements								5										
https://inaturalist.org/observations/23038978	a6589cb8-30e2-41b1-a77f-0865d6a3de19		num_identification_agreements								4										
https://inaturalist.org/observations/23038986	5a525368-c844-4a9f-a21c-ce2e83988c64		num_identification_agreements								4										
https://inaturalist.org/observations/23038996	64c25931-799e-44fa-8f88-e4a7f3092331		num_identification_agreements								1										
https://inaturalist.org/observations/23039007	8876cfa8-e7fa-4c18-be47-9bcea2ef46d4		num_identification_agreements								3										
https://inaturalist.org/observations/23039011	bffa1b3a-ae94-49e3-ab71-8c07596c9146		num_identification_agreements								1										
https://inaturalist.org/observations/23039178	0408ef9a-8a23-4dbb-b2e7-054502860b65		num_identification_agreements								3										
https://inaturalist.org/observations/23039182	af384fc5-77be-40a4-b15d-f6f6086d97ed		num_identification_agreements								3										
https://inaturalist.org/observations/23039231	970e0d20-e4c4-4435-a507-71ae5401e5dd		num_identification_agreements								4										
https://inaturalist.org/observations/23039233	3de064c5-674a-41f5-b3d3-76d115097a8d		num_identification_agreements								1										
https://inaturalist.org/observations/23568632	a783f647-933a-4719-82c6-0e70bf0a5687		num_identification_agreements								1										
https://inaturalist.org/observations/24159404	db32c6d0-eda2-4645-88c6-b90fac533703		num_identification_agreements								1										
https://inaturalist.org/observations/24159405	32df6b33-9317-43b7-acbf-ce1c64d30bf2		num_identification_agreements								2										
https://inaturalist.org/observations/24219094	618b0247-5bab-4741-9102-e630def62534		num_identification_agreements								2										
https://inaturalist.org/observations/24219808	36675e30-4fe3-4d5d-866f-5278b1abe5f1		num_identification_agreements								1										
https://inaturalist.org/observations/24422656	b90aa481-9a76-4847-ac3b-3e3cbd19a344		num_identification_agreements								1										
https://inaturalist.org/observations/24422818	a989e8f1-95a3-4466-ad3f-41dc9b5df349		num_identification_agreements								3										
https://inaturalist.org/observations/24870841	2eec3a18-550c-43e0-bfd3-c7566b4a88c5		num_identification_agreements								3										
https://inaturalist.org/observations/24871198	d4388dae-a93b-48c4-a314-1ed4333c582e		num_identification_agreements								2										
https://inaturalist.org/observations/25007382	dc2f2634-1378-452b-b22b-8dd43a0a9ff4		num_identification_agreements								2										
https://inaturalist.org/observations/25007399	d5d1aa2a-2771-4606-b7d7-f4842f0f8660		num_identification_agreements								5										
https://inaturalist.org/observations/25007408	15f7626b-ca00-41fa-ab02-6ec55b622f01		num_identification_agreements								2										
https://inaturalist.org/observations/25007455	db417dd3-4b38-4bfa-a7f2-75808fe76ab9		num_identification_agreements								4										
https://inaturalist.org/observations/25088204	6c8dc427-a2a1-4e35-a40d-42b503ba843f		num_identification_agreements								1										
https://inaturalist.org/observations/25088224	8033f8a0-21c1-4697-af2b-9464c65897a9		num_identification_agreements								1										
https://inaturalist.org/observations/25088352	120687a6-a71e-49da-9399-9ffa7387fe9f		num_identification_agreements								2										
https://inaturalist.org/observations/25088358	452b9917-0821-4725-8e42-111610dd6e17		num_identification_agreements								2										
https://inaturalist.org/observations/25088367	0c510238-a5de-4985-aa80-16ca9bb8cce5		num_identification_agreements								2										
https://inaturalist.org/observations/25088551	7e01827b-482e-4dfa-b2f1-e1f35545f9bf		num_identification_agreements								2										
https://inaturalist.org/observations/25090641	19fc347a-8890-49c1-9b37-a3e123ceddb2		num_identification_agreements								2										
https://inaturalist.org/observations/25090648	23190c6f-bdb5-465c-ac68-f8c42d806c99		num_identification_agreements								2										
https://inaturalist.org/observations/25090654	18263965-a0f5-4e27-ab7b-a21cab750b7e		num_identification_agreements								2										
https://inaturalist.org/observations/25091963	8837850d-182d-413e-8b02-07a68d152d7f		num_identification_agreements								2										
https://inaturalist.org/observations/25091971	ed70cb64-3a12-4c08-a24c-fb88ab440512		num_identification_agreements								2										
https://inaturalist.org/observations/25091982	0757202b-85b2-4dd4-bf20-e4a5a1fd24d2		num_identification_agreements								3										
https://inaturalist.org/observations/25092038	118e967f-743f-4a7e-8d8e-ce26a6287688		num_identification_agreements								1										
https://inaturalist.org/observations/25092054	2fa589c9-9623-43ef-bdb7-69b35bfcf0df		num_identification_agreements								2										
https://inaturalist.org/observations/25092209	3c5bda13-2030-40d9-8be7-c0cda2f707d9		num_identification_agreements								2										
https://inaturalist.org/observations/25093091	64f33dc3-9361-4422-a16c-8c63b8c14df7		num_identification_agreements								1										
https://inaturalist.org/observations/25093104	3873682d-12cd-4ce0-89bd-2041ff99bab2		num_identification_agreements								2										
https://inaturalist.org/observations/25093109	e7663200-ae1b-4790-9d33-7e2d31f07989		num_identification_agreements								1										
https://inaturalist.org/observations/25093137	69724a9c-baa3-41e7-b537-e5dde52ffd25		num_identification_agreements								2										
https://inaturalist.org/observations/25093167	a09d1ec7-b9f9-4dae-a22b-4ac7c279b052		num_identification_agreements								1										
https://inaturalist.org/observations/25093174	374f83c5-863a-4051-9ce3-b78dde81af26		num_identification_agreements								2										
https://inaturalist.org/observations/25093182	b5e23b87-2fda-400b-aa0d-e2c18004b1de		num_identification_agreements								2										
https://inaturalist.org/observations/25093190	1160aa33-fdfb-4984-910f-aae5bbc2544a		num_identification_agreements								2										
https://inaturalist.org/observations/25093199	4b027d6e-9dd7-4374-bf31-5a1c2cc4b030		num_identification_agreements								2										
https://inaturalist.org/observations/25093202	180e4b8e-d17c-425c-89e4-52759ca7c48e		num_identification_agreements								2										
https://inaturalist.org/observations/25093223	9255f69f-ef2d-4231-931b-b0e85e1b2eef		num_identification_agreements								4										
https://inaturalist.org/observations/25093239	8f73619c-297b-419b-ad6e-cac02f81f11b		num_identification_agreements								2										
https://inaturalist.org/observations/25093349	bd3d6910-cc8e-4521-a050-9659a981c5b0		num_identification_agreements								4										
https://inaturalist.org/observations/25093388	c28f18a4-425b-4faf-9f1d-8bc2715e7534		num_identification_agreements								4										
https://inaturalist.org/observations/25093450	dc8a8485-21dc-430d-8fdb-523c33201c06		num_identification_agreements								5										
https://inaturalist.org/observations/25094356	d8f14c5a-cd0d-4bc4-800d-a23528055968		num_identification_agreements								2										
https://inaturalist.org/observations/25094361	f4f3b8bd-0494-4102-9cb8-be0a75077523		num_identification_agreements								2										
https://inaturalist.org/observations/25094367	e730e904-c952-4d6e-88b4-6258a155c9fa		num_identification_agreements								2										
https://inaturalist.org/observations/25097498	d573aab0-378c-4bcf-a131-455e549fcfbc		num_identification_agreements								2										
https://inaturalist.org/observations/25094394	973a1d14-fa9d-4dde-aef3-bba14c0c91cb		num_identification_agreements								2										
https://inaturalist.org/observations/25094410	0ae5f850-cba9-4583-8a54-feb4696c8365		num_identification_agreements								2										
https://inaturalist.org/observations/25094429	d5145754-ca56-49b7-a460-5d04f9760e14		num_identification_agreements								3										
https://inaturalist.org/observations/25094448	4466b24f-75c3-46fd-a56b-81c5267974c5		num_identification_agreements								2										
https://inaturalist.org/observations/25094725	0238a8ec-e0db-4801-a9fc-6fb9055f512a		num_identification_agreements								2										
https://inaturalist.org/observations/25094744	585bd9bd-0227-47e8-9988-cbc1518019af		num_identification_agreements								2										
https://inaturalist.org/observations/25095330	518cfa24-0d3e-47b8-859a-fe807a4f0869		num_identification_agreements								2										
https://inaturalist.org/observations/25095334	35c40878-d85a-435e-84c5-93cec038488f		num_identification_agreements								2										
https://inaturalist.org/observations/25095338	5752d2be-5d1f-43b3-8be9-0499235a8932		num_identification_agreements								2										
https://inaturalist.org/observations/25095355	dc880f19-6fff-4fc3-a9f1-0a4b3fcb42db		num_identification_agreements								1										
https://inaturalist.org/observations/25095367	d788b9a5-3c33-494f-b466-190a47de8d95		num_identification_agreements								1										
https://inaturalist.org/observations/25095374	adde241b-6f75-4a07-9f27-91c24dfc58d7		num_identification_agreements								2										
https://inaturalist.org/observations/25095393	ed2c6834-6065-4116-a9b1-46ae9300532a		num_identification_agreements								3										
https://inaturalist.org/observations/25095440	aa4322b1-a9fc-436c-810f-c7c9d174b4cc		num_identification_agreements								2										
https://inaturalist.org/observations/25095451	daca6546-ce94-415c-9955-685c1d6aba7b		num_identification_agreements								4										
https://inaturalist.org/observations/25095488	6ec6f277-f52c-4603-8319-d14ba4087307		num_identification_agreements								2										
https://inaturalist.org/observations/25095500	d7014cb3-cf71-4a61-a660-81710f9e29de		num_identification_agreements								3										
https://inaturalist.org/observations/25095533	0f77414b-f962-445f-9892-6206f3028838		num_identification_agreements								2										
https://inaturalist.org/observations/25095538	a5362ec9-94b1-480a-8771-af146668ae96		num_identification_agreements								2										
https://inaturalist.org/observations/25095541	de018e9c-4523-4ce5-a06d-e6a4c44737bd		num_identification_agreements								2										
https://inaturalist.org/observations/25095547	21d17f99-d2ee-4728-be0b-ba824965d163		num_identification_agreements								2										
https://inaturalist.org/observations/25095552	01d048a8-9311-4a89-9a53-927ee417cb00		num_identification_agreements								2										
https://inaturalist.org/observations/25096027	f1a042e5-91ed-413a-a7a1-b1cb93b065ec		num_identification_agreements								4										
https://inaturalist.org/observations/25096039	dbb61226-a54f-4eb2-ba78-c31f27745e3f		num_identification_agreements								2										
https://inaturalist.org/observations/25096321	d8ebd259-4456-4695-84d5-2e27191008f4		num_identification_agreements								3										
https://inaturalist.org/observations/25096549	a45fce87-4fe1-4783-bcea-c8ec89096e79		num_identification_agreements								1										
https://inaturalist.org/observations/25096551	6379fb7e-b32d-48cb-8bab-1aa5203ad866		num_identification_agreements								1										
https://inaturalist.org/observations/25096556	2d174ef5-f326-4796-b745-ab6fea3caa6e		num_identification_agreements								2										
https://inaturalist.org/observations/25096560	d56d802d-1fd7-44aa-b02f-833dffe67d41		num_identification_agreements								1										
https://inaturalist.org/observations/25096566	ffb27bd2-2952-4cda-8eeb-2d220639330a		num_identification_agreements								2										
https://inaturalist.org/observations/25096573	797f070a-1345-49f1-bcac-1de9a6af6502		num_identification_agreements								2										
https://inaturalist.org/observations/25096580	94f84b94-dad4-44d7-accc-f89b0d496aa7		num_identification_agreements								1										
https://inaturalist.org/observations/25096595	9568f3bb-94cf-4d9d-822a-9736d39851ed		num_identification_agreements								1										
https://inaturalist.org/observations/25096597	cbf4b361-e04a-4b75-98f4-e3aa4a7ad20b		num_identification_agreements								1										
https://inaturalist.org/observations/25096600	3d460638-6a26-4d73-9414-1d32401b612c		num_identification_agreements								2										
https://inaturalist.org/observations/25096617	cae27be6-3bce-4390-9de6-c5f8d7abfc1e		num_identification_agreements								1										
https://inaturalist.org/observations/25096918	e6b6a036-c799-4b51-9776-ab4035737a14		num_identification_agreements								2										
https://inaturalist.org/observations/25096919	e3bc033a-bd96-4541-922b-64bf7650dcd0		num_identification_agreements								1										
https://inaturalist.org/observations/25096924	d04c1b9c-da6d-4c9a-9640-856a628efa22		num_identification_agreements								3										
https://inaturalist.org/observations/25096926	d7540a3e-00ae-4a30-8931-ba776b6fdaa9		num_identification_agreements								2										
https://inaturalist.org/observations/25096933	ef30c853-7be4-4766-a52b-548d6f5360c9		num_identification_agreements								2										
https://inaturalist.org/observations/25097259	a1c98182-ec8e-431c-a8af-d8f27dc0f3b8		num_identification_agreements								2										
https://inaturalist.org/observations/25097264	cb965e64-f2d2-415a-a89a-1ea814127c87		num_identification_agreements								3										
https://inaturalist.org/observations/25097266	f1b5be0f-3d54-4a3d-9233-cd8774b45735		num_identification_agreements								1										
https://inaturalist.org/observations/25097273	e731afc0-6020-4e59-a399-e3e14d13d042		num_identification_agreements								1										
https://inaturalist.org/observations/25097277	d17c66c9-3fb8-4376-a610-9c37e2256a87		num_identification_agreements								3										
https://inaturalist.org/observations/25097483	994ec422-3524-4300-86f7-a1079fd21358		num_identification_agreements								3										
https://inaturalist.org/observations/25097485	5ebb1de9-cee8-4ac5-a60f-c698471813ef		num_identification_agreements								3										
https://inaturalist.org/observations/25097494	47f6ce00-2335-4913-aa40-db0c59f0b408		num_identification_agreements								2										
https://inaturalist.org/observations/25097530	ea667f33-052b-4703-8fe1-aeb0299f36ce		num_identification_agreements								2										
https://inaturalist.org/observations/25097552	e11d2e62-197c-4c1a-b2dd-8535fd87581f		num_identification_agreements								2										
https://inaturalist.org/observations/25097588	5a9017d6-16d6-4850-a9f1-97db58f81ce0		num_identification_agreements								2										
https://inaturalist.org/observations/25097604	86467b5a-2816-4790-a19f-73d3184b7803		num_identification_agreements								2										
https://inaturalist.org/observations/25097644	71982e5c-f8a9-4207-a6ed-cf8c7186ca31		num_identification_agreements								2										
https://inaturalist.org/observations/25127228	7b9bfebd-7a3f-48b5-88a8-0ed07b7cc358		num_identification_agreements								1										
https://inaturalist.org/observations/25285709	0367127e-bd45-4a91-89f2-3e3f5cc27c3a		num_identification_agreements								4										
https://inaturalist.org/observations/25289187	8b8c08ee-8643-4d35-b53f-9516611d11ab		num_identification_agreements								2										
https://inaturalist.org/observations/25297410	38d1d5f7-25e2-45e2-a893-38c9843a2c5d		num_identification_agreements								2										
https://inaturalist.org/observations/25297427	a54da5ed-bb24-486f-a172-afb7e7fb4d4f		num_identification_agreements								2										
https://inaturalist.org/observations/25541099	219a3715-8144-4e07-a583-3138c261fed9		num_identification_agreements								2										
https://inaturalist.org/observations/25707476	b9d1665d-4140-4e9e-9424-c7459838977d		num_identification_agreements								3										
https://inaturalist.org/observations/25756405	bbd8e9cd-862b-4e76-9a15-52cb7db001a6		num_identification_agreements								1										
https://inaturalist.org/observations/26425841	cc1939f7-d940-413f-ac95-f7d791609ded		num_identification_agreements								4										
https://inaturalist.org/observations/26426040	43b558ea-db9d-428b-aa63-fcb0f52c2e3d		num_identification_agreements								2										
https://inaturalist.org/observations/26426363	f702f9f4-022f-4111-92fe-0f17e6f5cc75		num_identification_agreements								2										
https://inaturalist.org/observations/26426390	a1b43e5d-52f8-4f79-b179-16745ea4f462		num_identification_agreements								2										
https://inaturalist.org/observations/26426520	85a391a9-22dc-49a0-be0f-ca1df91731bf		num_identification_agreements								2										
https://inaturalist.org/observations/26426981	e8702ef7-1275-4117-b0e6-0c96d935c87c		num_identification_agreements								2										
https://inaturalist.org/observations/26427044	029a139f-c28c-4aa3-91b4-33fea308818d		num_identification_agreements								3										
https://inaturalist.org/observations/26427069	577a4f74-fd70-40b5-bbc3-25bb0c0ba029		num_identification_agreements								3										
https://inaturalist.org/observations/26491105	fd8aaa3e-d95b-48eb-b607-b0d5a8de2cf6		num_identification_agreements								1										
https://inaturalist.org/observations/26491137	cf3ed640-588d-412f-8db6-45355bd8678c		num_identification_agreements								3										
https://inaturalist.org/observations/26491151	edf3f8ab-eec8-4a62-be9d-50d1ffc78884		num_identification_agreements								2										
https://inaturalist.org/observations/26491158	c507672e-2167-40a3-a9ec-dfa3fcf1d75d		num_identification_agreements								2										
https://inaturalist.org/observations/26491162	ab95bb59-757f-45d9-b1df-fbcff27e6593		num_identification_agreements								2										
https://inaturalist.org/observations/26491174	a16cb3ad-80f0-46aa-bc47-7d5a2e72f440		num_identification_agreements								2										
https://inaturalist.org/observations/26491188	4355cd95-4b34-441c-9d6d-012b923228bb		num_identification_agreements								4										
https://inaturalist.org/observations/26491222	e89bd15f-8c8f-40a6-a446-13dd8c1bd08c		num_identification_agreements								5										
https://inaturalist.org/observations/26491234	474fca37-ff94-40bd-88df-48f22a89e09f		num_identification_agreements								3										
https://inaturalist.org/observations/26491240	cd81d74a-4b7c-4a91-9302-f319b73741a1		num_identification_agreements								5										
https://inaturalist.org/observations/26491249	a7e28995-afe3-4f7a-b56e-679a9f11fde6		num_identification_agreements								2										
https://inaturalist.org/observations/26491259	d8fac036-08f4-4e9e-a844-1cb56cc2bbeb		num_identification_agreements								3										
https://inaturalist.org/observations/26491268	761b2650-c213-4a9c-9f08-f8bb2dd1857a		num_identification_agreements								3										
https://inaturalist.org/observations/26491298	6484dd7d-30a3-4a43-98ef-04aeca352c59		num_identification_agreements								4										
https://inaturalist.org/observations/26491302	dd4ca1dc-3c5c-4785-b33e-e97930eccb69		num_identification_agreements								2										
https://inaturalist.org/observations/26491358	af1955f5-e760-4460-8267-b34e169ac7df		num_identification_agreements								1										
https://inaturalist.org/observations/26491489	a143a811-6eb1-4121-9ede-c77a350114c4		num_identification_agreements								2										
https://inaturalist.org/observations/26525412	39f14c77-ebea-4ed3-870f-f7d0dd3503b1		num_identification_agreements								2										
https://inaturalist.org/observations/26525421	a7868628-a21d-4a09-95bc-5afcc400f26c		num_identification_agreements								2										
https://inaturalist.org/observations/26525428	7243986e-260c-4445-b2ec-a9d1b9fdd7eb		num_identification_agreements								2										
https://inaturalist.org/observations/26525445	6627cf65-53ae-4b39-a406-1fd920b4acc9		num_identification_agreements								2										
https://inaturalist.org/observations/26525466	dcab93bc-de79-4e4d-a8fb-828ad18da146		num_identification_agreements								2										
https://inaturalist.org/observations/26525490	a5a620fb-7b09-42d4-bf00-906851c6fd64		num_identification_agreements								2										
https://inaturalist.org/observations/26535292	6c878a7d-b567-45fa-9e26-f9a715fd93d1		num_identification_agreements								2										
https://inaturalist.org/observations/26535303	9f03b36e-ffb1-433b-b42d-ba59884d934c		num_identification_agreements								2										
https://inaturalist.org/observations/26535350	260dbfbb-e03c-47a0-adf3-6168b8d3fba6		num_identification_agreements								4										
https://inaturalist.org/observations/26535397	c7f67c5b-b0a6-402b-b11a-2c79c34af549		num_identification_agreements								3										
https://inaturalist.org/observations/26535406	92378ddb-bf85-46d2-9de3-85d00444ee37		num_identification_agreements								3										
https://inaturalist.org/observations/26535413	0fed60f3-4959-4971-97a6-dce4a93c1613		num_identification_agreements								2										
https://inaturalist.org/observations/26535422	7d8f10e4-e460-4efe-8d73-eff5868a7f8b		num_identification_agreements								1										
https://inaturalist.org/observations/26535426	4f072088-bd61-4426-9ab6-cae29b31f94f		num_identification_agreements								1										
https://inaturalist.org/observations/26535471	128c7a31-812f-48ff-aad0-910d745cd3f4		num_identification_agreements								1										
https://inaturalist.org/observations/26535488	eaa2c142-60d2-4796-ac93-4fab6406fc0e		num_identification_agreements								4										
https://inaturalist.org/observations/26535491	798b1f9e-b692-4df4-a156-089595f513da		num_identification_agreements								1										
https://inaturalist.org/observations/26535515	b08b1f07-2713-4fa9-b5cc-8911cc81a772		num_identification_agreements								1										
https://inaturalist.org/observations/26535547	0c1e0de1-64b8-441a-9e12-ea6603e0c16b		num_identification_agreements								5										
https://inaturalist.org/observations/26535554	bbbeedfe-7f40-49b5-993e-1d9f4e66ba51		num_identification_agreements								3										
https://inaturalist.org/observations/26535567	67e6430b-df57-475a-b66c-5b22d9dbb82b		num_identification_agreements								3										
https://inaturalist.org/observations/26535747	2290b9e2-34bc-4f36-a09e-d9feaa7873cb		num_identification_agreements								2										
https://inaturalist.org/observations/26535760	dcb123b9-2581-4c96-b068-37f9ad54bc8c		num_identification_agreements								3										
https://inaturalist.org/observations/26535766	31ae67f5-c572-4a75-bc27-e3a0302493c8		num_identification_agreements								3										
https://inaturalist.org/observations/26535767	9aef3f1a-1a04-4fec-9de8-5bb19aa162a3		num_identification_agreements								2										
https://inaturalist.org/observations/26535773	dfc6e5a9-64f9-41df-856a-80ef2ca48727		num_identification_agreements								2										
https://inaturalist.org/observations/26535863	5f9adcbc-3b82-46aa-b401-9e282390dc29		num_identification_agreements								1										
https://inaturalist.org/observations/26535917	02f1907c-6c2e-43ac-a894-1ff40d9f1788		num_identification_agreements								1										
https://inaturalist.org/observations/26535923	2006dc1b-ff00-4a25-8c1a-e58aa8c776a1		num_identification_agreements								2										
https://inaturalist.org/observations/26535928	274b70eb-0ec9-4d26-a246-615ca06b172f		num_identification_agreements								2										
https://inaturalist.org/observations/26535934	06935f3e-09a9-43a3-99a8-841bfee6d9b1		num_identification_agreements								2										
https://inaturalist.org/observations/26535938	d4979205-ac2e-4aaf-91a1-04cb31747623		num_identification_agreements								1										
https://inaturalist.org/observations/26535948	7ffafc52-9662-45eb-b4d8-b305d3da8704		num_identification_agreements								3										
https://inaturalist.org/observations/26535953	8ee78a14-162d-4e4b-80b0-2b67de3045fe		num_identification_agreements								1										
https://inaturalist.org/observations/26535959	60b6b717-c8df-47d8-8be9-1f9116936d59		num_identification_agreements								4										
https://inaturalist.org/observations/26535963	a9e97fc3-53f9-4245-b062-6731594d2515		num_identification_agreements								3										
https://inaturalist.org/observations/26535969	67e33c0b-0c85-42b6-928c-a8b0eaf17a67		num_identification_agreements								2										
https://inaturalist.org/observations/26536111	d2f2dfe7-50c3-46ab-ad6b-6465aded51fd		num_identification_agreements								4										
https://inaturalist.org/observations/26536120	383f2527-336b-4edc-bda1-46eb9dfe7861		num_identification_agreements								4										
https://inaturalist.org/observations/26536279	2f05fe10-5f6b-4936-8aa5-022fdb4596e5		num_identification_agreements								3										
https://inaturalist.org/observations/26536300	dcd9bd75-711a-4a64-ab4a-5477890ffd18		num_identification_agreements								3										
https://inaturalist.org/observations/26536321	6c6d4922-77a8-4cb5-b55e-06466c7f5d68		num_identification_agreements								2										
https://inaturalist.org/observations/26536337	eb51d8bd-1d6d-426f-a954-5c17c8723f39		num_identification_agreements								2										
https://inaturalist.org/observations/26536361	9d253162-25b6-4e0e-9483-419f00a6e9f0		num_identification_agreements								3										
https://inaturalist.org/observations/26536369	5c81b705-4380-4a6c-b6a5-2ee6648e51db		num_identification_agreements								2										
https://inaturalist.org/observations/26536387	eb146004-f542-43a8-998c-c8111b2e4be0		num_identification_agreements								2										
https://inaturalist.org/observations/26536396	3d777536-d03f-4ebf-b67d-e01b0b2661cd		num_identification_agreements								1										
https://inaturalist.org/observations/26536409	233c43af-43af-45e0-b3e9-95e324019e51		num_identification_agreements								1										
https://inaturalist.org/observations/26536540	25505d9a-0f46-4bfe-8e1e-5d600e61cbd4		num_identification_agreements								4										
https://inaturalist.org/observations/26536548	95fdb2fb-ac12-4fd9-b31b-6c59cc695bd7		num_identification_agreements								1										
https://inaturalist.org/observations/26536559	26feaeca-a09b-4637-9529-a736255889e1		num_identification_agreements								2										
https://inaturalist.org/observations/26536570	d8ac68c9-622a-4885-9c4e-6fd80aaf225b		num_identification_agreements								1										
https://inaturalist.org/observations/26536572	e04ff0f8-45c1-453d-b6ea-fd73f57325c3		num_identification_agreements								1										
https://inaturalist.org/observations/26536581	c8067693-26a0-458f-97a3-eb4f3eb1be4f		num_identification_agreements								2										
https://inaturalist.org/observations/28219640	808be8be-1f95-4446-a5e7-d2bdc3348b8a		num_identification_agreements								2										
https://inaturalist.org/observations/26536585	449006bc-99cc-4fc1-8561-863ee4551ba6		num_identification_agreements								2										
https://inaturalist.org/observations/26536591	58479b99-9a05-4252-be8d-f810b6dc72dd		num_identification_agreements								2										
https://inaturalist.org/observations/26536595	490e887d-319f-48e0-a760-e80f3498d158		num_identification_agreements								2										
https://inaturalist.org/observations/26536603	d6159c9a-92fc-4d99-ae7e-82f075fd0c8c		num_identification_agreements								2										
https://inaturalist.org/observations/26536615	f289befd-c660-4ec0-9521-9b699db4b781		num_identification_agreements								4										
https://inaturalist.org/observations/26536620	c28e183f-4f83-44fc-8545-174ec671d109		num_identification_agreements								4										
https://inaturalist.org/observations/26536623	a10d1f97-09f4-478c-8fd3-35978d389360		num_identification_agreements								1										
https://inaturalist.org/observations/26536627	ad2d4cf3-0a50-400f-89ac-1883b41eda88		num_identification_agreements								2										
https://inaturalist.org/observations/26536630	c9ba6c07-10bd-4b42-925c-ae3cf0807230		num_identification_agreements								2										
https://inaturalist.org/observations/26569967	11d5c75e-4e6e-4144-be2b-41787098bb21		num_identification_agreements								2										
https://inaturalist.org/observations/26757779	413e600b-5017-48d4-a0a5-bc6282cab8c4		num_identification_agreements								2										
https://inaturalist.org/observations/27096051	31ba1c35-8e45-4d67-9add-c72fc374e2ae		num_identification_agreements								1										
https://inaturalist.org/observations/27453569	face25d4-a306-44d3-8cb5-3f911fcff6c7		num_identification_agreements								3										
https://inaturalist.org/observations/27454713	91a29930-cefc-47cf-ada5-3bff1cbed97b		num_identification_agreements								5										
https://inaturalist.org/observations/27455139	a6a0ca9b-6e60-4e9c-9b62-4f26347b971a		num_identification_agreements								3										
https://inaturalist.org/observations/27457501	aa837f6b-0006-4eb1-9dc2-e7b35341bfbc		num_identification_agreements								2										
https://inaturalist.org/observations/27577435	8b6f2bfd-63fa-46dd-9909-2f288eb570dc		num_identification_agreements								2										
https://inaturalist.org/observations/28219493	364ed49b-8294-42c0-aadd-435d62deaabf		num_identification_agreements								2										
https://inaturalist.org/observations/28219521	dc86bfb8-3d0f-4f85-b063-8dc667ecf349		num_identification_agreements								2										
https://inaturalist.org/observations/28219541	a9b3e3ab-e82b-4a95-a259-617c2ada9044		num_identification_agreements								1										
https://inaturalist.org/observations/28219542	bea5339d-3849-451c-a9db-006d0debd236		num_identification_agreements								1										
https://inaturalist.org/observations/28219544	ea0b796b-c47d-4672-95c4-41c2860f1136		num_identification_agreements								1										
https://inaturalist.org/observations/28219559	c4f7d8a7-3afc-4131-bec6-37e921760a90		num_identification_agreements								3										
https://inaturalist.org/observations/28219564	af1067b1-a1d7-4461-a6ac-8227bfe43f5e		num_identification_agreements								3										
https://inaturalist.org/observations/28219576	804cf2e4-c6aa-481c-9f58-c8e978a700a1		num_identification_agreements								2										
https://inaturalist.org/observations/28219610	3768614d-6eeb-42f1-a889-89d9679aa3f1		num_identification_agreements								1										
https://inaturalist.org/observations/28219874	1a9a262d-7360-4dc0-b3f5-b26657020757		num_identification_agreements								2										
https://inaturalist.org/observations/28219880	ac19798d-5dd6-41e4-a1d3-a28f89a9b846		num_identification_agreements								2										
https://inaturalist.org/observations/28219882	755f5d63-b607-4517-9efd-be395c4aa4b3		num_identification_agreements								2										
https://inaturalist.org/observations/28219996	a472efa7-3daa-4a52-8022-4ea50da73a69		num_identification_agreements								4										
https://inaturalist.org/observations/28220030	16d4a00a-9478-4f24-ab34-8cd17dab0add		num_identification_agreements								2										
https://inaturalist.org/observations/28220036	f5bcc2f9-f163-41aa-bdf9-3c78e83c2f9c		num_identification_agreements								1										
https://inaturalist.org/observations/28220080	e9d18776-466f-42ad-821e-ef492f4168f6		num_identification_agreements								1										
https://inaturalist.org/observations/28220083	756ed21d-89fa-4d75-acbd-b0bd69609863		num_identification_agreements								2										
https://inaturalist.org/observations/28220585	42daedcd-a10b-4cd4-a456-d22cf7d5b030		num_identification_agreements								2										
https://inaturalist.org/observations/28220595	8229a322-f40a-443c-8122-1ca5ac0d1d8a		num_identification_agreements								2										
https://inaturalist.org/observations/28229363	f0e1b52e-01ff-4750-8429-943b479387ac		num_identification_agreements								2										
https://inaturalist.org/observations/28229586	dcedeb17-d8a3-4191-a75c-847537e6de03		num_identification_agreements								3										
https://inaturalist.org/observations/28229594	5f06db36-63e3-42f4-8dea-72de7ee68eca		num_identification_agreements								3										
https://inaturalist.org/observations/28229681	116fc3a1-a2bc-419e-a6e1-af1f148528f3		num_identification_agreements								2										
https://inaturalist.org/observations/28229691	99ebe609-3275-4b67-a9db-28485faf2789		num_identification_agreements								3										
https://inaturalist.org/observations/28229793	ac9056f5-7394-4a03-9e26-0be49591191c		num_identification_agreements								4										
https://inaturalist.org/observations/28229815	82da6495-f6c2-4926-9a9c-08511082eb0d		num_identification_agreements								4										
https://inaturalist.org/observations/28229916	2d568eeb-a8d1-4517-9677-d66a8294a861		num_identification_agreements								2										
https://inaturalist.org/observations/28230186	e97d6cfa-4763-408d-9dcc-8af4295e042d		num_identification_agreements								2										
https://inaturalist.org/observations/28230193	b4ab4908-dddb-499d-b09f-12568cc1048d		num_identification_agreements								1										
https://inaturalist.org/observations/28251971	043af3ed-8708-4022-af78-ef5bcd082863		num_identification_agreements								4										
https://inaturalist.org/observations/28251979	0d7b84bb-0bf2-4fbb-a19c-8b5255ded4fe		num_identification_agreements								2										
https://inaturalist.org/observations/28252022	c68751aa-ff57-42f6-9840-a5b2f05454e5		num_identification_agreements								3										
https://inaturalist.org/observations/28252029	e71bf9f5-4727-473a-8922-4d82c76a2f47		num_identification_agreements								2										
https://inaturalist.org/observations/28252301	8f7bca44-057e-46f6-a5fd-9b969aaf2225		num_identification_agreements								4										
https://inaturalist.org/observations/28252322	1b4878cc-a642-453b-a01a-1f63aa75a805		num_identification_agreements								2										
https://inaturalist.org/observations/28252356	d7911d96-2b9d-4caa-a4ce-c96dd08f27dc		num_identification_agreements								2										
https://inaturalist.org/observations/28253138	c9a61070-9cc5-48d4-ae4e-d513dcef9e14		num_identification_agreements								2										
https://inaturalist.org/observations/33922708	a8d0ca31-48c8-46b0-9a62-7a07335fe5f2		num_identification_agreements								1										
https://inaturalist.org/observations/33922720	306b5542-8f36-4866-b96b-ba50c3538754		num_identification_agreements								1										
https://inaturalist.org/observations/33922721	f18572bb-ab57-4600-bce9-f62da1e25677		num_identification_agreements								1										
https://inaturalist.org/observations/33924279	c9195c83-7ee7-4ecd-a989-d6eab72dc0d0		num_identification_agreements								1										
https://inaturalist.org/observations/33924281	444aa34f-2531-4e76-9429-87c02b9700f2		num_identification_agreements								1										
https://inaturalist.org/observations/33924282	a754d59e-98e2-44f9-bc9d-7c429303111a		num_identification_agreements								1										
https://inaturalist.org/observations/33924284	39b72cb3-1399-4cc7-b85b-498f936eff6b		num_identification_agreements								3										
https://inaturalist.org/observations/33924285	ce727ac6-865c-4437-ad81-d97ccacdf756		num_identification_agreements								1										
https://inaturalist.org/observations/33924291	3645fe42-368f-4081-acc6-dd4df72dca19		num_identification_agreements								3										
https://inaturalist.org/observations/33924294	e3233a45-882c-4710-8041-4967aa0b63a8		num_identification_agreements								1										
https://inaturalist.org/observations/33924302	97331221-cab1-4905-b695-fbd117645c75		num_identification_agreements								2										
https://inaturalist.org/observations/33924303	7693f8af-84fd-4c20-afad-cf4eccc363aa		num_identification_agreements								1										
https://inaturalist.org/observations/33924305	b6a4c009-7059-4bd7-bc0c-b9718d2d2a2c		num_identification_agreements								3										
https://inaturalist.org/observations/33924309	43b14341-67de-4db2-a776-8a0ca5bc8fce		num_identification_agreements								1										
https://inaturalist.org/observations/33924310	c76d35bf-99b7-4d5d-8e7d-ffe82e3cbaea		num_identification_agreements								2										
https://inaturalist.org/observations/33924311	1c539f32-d802-4243-bc9a-e778fc7c4fd5		num_identification_agreements								1										
https://inaturalist.org/observations/35834168	951ef12b-3115-4a80-8465-e4221b8d73df		num_identification_agreements								2										
https://inaturalist.org/observations/36452170	5391d136-02e0-47bd-a275-e7a6540df2cc		num_identification_agreements								1										
https://inaturalist.org/observations/36452177	eb96d3e5-c75f-4b9f-b73e-1a4dc2b3bd10		num_identification_agreements								1										
https://inaturalist.org/observations/38619803	f9f1b33a-2be8-4163-aefc-0a35f414af3e		num_identification_agreements								1										
https://inaturalist.org/observations/38619807	101b59ae-75da-4881-9937-a0803fd5990b		num_identification_agreements								1										
https://inaturalist.org/observations/38619879	4a1629ae-20c4-4785-8054-db0ddcca8f62		num_identification_agreements								1										
https://inaturalist.org/observations/41081802	65b64e5b-1276-49b4-8a78-f8eb7e184fbf		num_identification_agreements								3										
https://inaturalist.org/observations/41091486	2c56093d-684e-483f-bf40-c5263edf5626		num_identification_agreements								3										
https://inaturalist.org/observations/41091525	b557c9ee-eaba-4263-bfa2-72e5b3d9e6b3		num_identification_agreements								4										
https://inaturalist.org/observations/42976774	34821c50-8031-4e06-a5a8-175489289600		num_identification_agreements								1										
https://inaturalist.org/observations/44389836	a49df671-34b1-418f-a7e4-ea315a6131be		num_identification_agreements								1										
https://inaturalist.org/observations/44394170	6dfd9842-3646-428b-b180-713bce0b93b2		num_identification_agreements								1										
https://inaturalist.org/observations/44394171	6b5f5c39-2631-4c2f-abe4-696e0e504811		num_identification_agreements								1										
https://inaturalist.org/observations/44394179	e816f4a3-0dd4-40b4-9545-390a14edf096		num_identification_agreements								2										
https://inaturalist.org/observations/44410547	f372d2fe-8a3a-46d1-a3c4-3000425c3f50		num_identification_agreements								1										
https://inaturalist.org/observations/45719519	19580700-c197-4e36-904a-7c1fec8fef78		num_identification_agreements								2										
https://inaturalist.org/observations/45724255	08573342-ccb3-4ea6-9067-3707a447ac14		num_identification_agreements								1										
https://inaturalist.org/observations/45916411	bcfda9d3-b12c-4814-9a07-e229725c8935		num_identification_agreements								2										
https://inaturalist.org/observations/47182802	e436487e-4718-4537-9b57-699b949d6d86		num_identification_agreements								1										
https://inaturalist.org/observations/48048566	7c1555f3-7336-4873-9640-222a3b1008f7		num_identification_agreements								2										
https://inaturalist.org/observations/48048567	812d0b7d-e005-4387-9277-9eaa9583bbdd		num_identification_agreements								1										
https://inaturalist.org/observations/48850969	8b4aa4f1-9645-48e8-95e1-8faacb797d79		num_identification_agreements								1										
https://inaturalist.org/observations/48854815	cd4d6cea-c237-4447-8e00-7d067a3ea79d		num_identification_agreements								1										
https://inaturalist.org/observations/49188625	57220849-9b53-44a5-9714-85aac22648e6		num_identification_agreements								3										
https://inaturalist.org/observations/49188626	8eef348b-e675-43c6-b1b4-03da39b89726		num_identification_agreements								2										
https://inaturalist.org/observations/49188627	57e3d5bd-0690-4c79-bd10-dac812cd946a		num_identification_agreements								1										
https://inaturalist.org/observations/49188630	242f7490-d207-4d9d-9858-aae672c771c1		num_identification_agreements								2										
https://inaturalist.org/observations/49188631	d7b7a5b8-2b1d-4642-b0c1-e0c896d14eea		num_identification_agreements								3										
https://inaturalist.org/observations/49188633	2fe482e2-33d3-4eb7-89c6-7283abdf53b4		num_identification_agreements								2										
https://inaturalist.org/observations/49868225	de206038-f8a1-400f-b8b8-a2c751330da5		num_identification_agreements								2										
https://inaturalist.org/observations/49868227	ed536920-9c3b-450d-9403-c78149eb3bde		num_identification_agreements								2										
https://inaturalist.org/observations/49869625	3914300f-87f1-4627-976e-505dc6712347		num_identification_agreements								3										
https://inaturalist.org/observations/49869646	7c4a6ea9-7080-4948-a67a-4992b2a92a37		num_identification_agreements								1										
https://inaturalist.org/observations/50060746	7e777346-7c7a-4f48-88d6-14632dab78f5		num_identification_agreements								2										
https://inaturalist.org/observations/50060758	e22fa45a-5826-4617-aad9-aab44efc77cc		num_identification_agreements								1										
https://inaturalist.org/observations/50200335	e4055504-d238-4fa9-9360-e93ad23b12e3		num_identification_agreements								2										
https://inaturalist.org/observations/50306182	1052163b-cf9a-437c-a398-b96e51c74cb3		num_identification_agreements								1										
https://inaturalist.org/observations/50306183	40a15ef0-104a-4627-81d3-249571b8cbe7		num_identification_agreements								1										
https://inaturalist.org/observations/50808800	64eb40c6-73c5-4db5-a07e-228cf3bacf4c		num_identification_agreements								2										
https://inaturalist.org/observations/50808912	ea92684e-78a4-45f1-a8b7-f1f4fcc9d153		num_identification_agreements								1										
https://inaturalist.org/observations/50819516	4909b1f6-f975-4825-8af5-b6893e2bd20d		num_identification_agreements								1										
https://inaturalist.org/observations/50819534	195d3fcf-105f-4256-9c14-89f8bb6464d9		num_identification_agreements								1										
https://inaturalist.org/observations/50819543	1b87b914-e532-45fc-9f7d-fd59911bcb4b		num_identification_agreements								1										
https://inaturalist.org/observations/50819591	f5f51919-f81e-4aeb-bcf9-cf0c9c111619		num_identification_agreements								2										
https://inaturalist.org/observations/50819592	d670473a-6985-4d86-8ac4-94ad962ef7cf		num_identification_agreements								1										
https://inaturalist.org/observations/50819600	cc41b578-3aad-4369-963c-b46c0c102160		num_identification_agreements								2										
https://inaturalist.org/observations/50819602	48480b59-5e09-4d2f-9275-241867f833ff		num_identification_agreements								1										
https://inaturalist.org/observations/50819604	99837435-7351-4ffb-aed4-09d8516e021a		num_identification_agreements								2										
https://inaturalist.org/observations/50819620	07bde88f-0668-4a14-977c-8d5f2a3e4112		num_identification_agreements								1										
https://inaturalist.org/observations/50819622	ca39a145-7960-43e3-890f-5643e51af7de		num_identification_agreements								2										
https://inaturalist.org/observations/50819627	17b62918-94ed-4925-afdb-75437b3d4437		num_identification_agreements								2										
https://inaturalist.org/observations/53097219	e8bf87e0-81f4-45a6-ae26-4ee1ed85bb46		num_identification_agreements								1										
https://inaturalist.org/observations/53097220	84015ec0-acb7-44fe-9a69-59ae9db394e9		num_identification_agreements								2										
https://inaturalist.org/observations/56259519	167ab1e0-c958-4683-8000-3b26e8adccf8		num_identification_agreements								3										
https://inaturalist.org/observations/56259520	5ba5b1d7-b738-45a6-a36f-cadb42cecb87		num_identification_agreements								2										
https://inaturalist.org/observations/56259521	77131836-8af1-4a92-9c13-ac309c94425b		num_identification_agreements								2										
https://inaturalist.org/observations/56372382	53194441-eefc-4e29-833c-93ba00467195		num_identification_agreements								3										
https://inaturalist.org/observations/56663298	03265fc0-f95d-446d-91a8-5378d97d96e5		num_identification_agreements								1										
https://inaturalist.org/observations/56663317	c92fe22f-0133-4bb3-a788-893f6f656d23		num_identification_agreements								1										
https://inaturalist.org/observations/56663322	cc167f06-38ad-45cb-932d-b9baddbd5f07		num_identification_agreements								2										
https://inaturalist.org/observations/56663324	83ae37c3-b812-4980-8bb8-86fc4d2a44a4		num_identification_agreements								2										
https://inaturalist.org/observations/56663325	04d41126-e7b8-439b-ba91-eb0aae046b22		num_identification_agreements								1										
https://inaturalist.org/observations/56663326	122938ce-da54-495b-8326-eff8bd375880		num_identification_agreements								1										
https://inaturalist.org/observations/56663332	ff64a6e3-2d21-4cca-995a-e450e464edb5		num_identification_agreements								1										
https://inaturalist.org/observations/56663333	8cabf714-a841-4534-bf5e-32c95ca649aa		num_identification_agreements								2										
https://inaturalist.org/observations/56665549	91e9b658-f6e3-42d7-8fe7-0496502fe628		num_identification_agreements								1										
https://inaturalist.org/observations/57044967	b21a394c-426d-406e-8fc5-8e80bfae7c97		num_identification_agreements								4										
https://inaturalist.org/observations/57044968	ad0c56c1-76cf-4ac1-ad95-1a1bf800c9b5		num_identification_agreements								1										
https://inaturalist.org/observations/57044975	2a7fb66a-186a-455b-a3cf-bc9ab3e271ac		num_identification_agreements								1										
https://inaturalist.org/observations/57044977	dc6c9782-5efe-4148-b1e5-e8cb2a5ce0f5		num_identification_agreements								2										
https://inaturalist.org/observations/58076632	c8e1859b-a818-4bb7-8803-bf47812f35ad		num_identification_agreements								1										
https://inaturalist.org/observations/58076637	1675b303-a27e-47a5-ad56-e33fec9e6dca		num_identification_agreements								1										
https://inaturalist.org/observations/58076638	e3ea5a3b-a665-4200-94fa-e8d4e44cb8ee		num_identification_agreements								2										
https://inaturalist.org/observations/58076649	70a2c10d-b2c5-45a1-87b6-b18f05053687		num_identification_agreements								1										
https://inaturalist.org/observations/58254157	e11d25c7-52e9-40cf-ade8-c37056c66923		num_identification_agreements								1										
https://inaturalist.org/observations/58254303	66670623-eab2-40c7-892c-c80f689d66d7		num_identification_agreements								1										
https://inaturalist.org/observations/58258262	91d01a71-935f-43da-8cff-f6d73d678939		num_identification_agreements								2										
https://inaturalist.org/observations/58278442	0a79235a-0244-415a-83e2-b4fc380e6d7d		num_identification_agreements								2										
https://inaturalist.org/observations/58331677	27f97877-0c6c-49c9-abb6-58742ee917ab		num_identification_agreements								1										
https://inaturalist.org/observations/58332425	00c326e4-9a3f-43a0-b3a6-e88773c5b924		num_identification_agreements								1										
https://inaturalist.org/observations/58332931	dcbc5185-b22b-400f-908d-3b98059c2d5f		num_identification_agreements								1										
https://inaturalist.org/observations/58333706	0aa12126-b5d7-40cd-8945-b5ed843043d6		num_identification_agreements								2										
https://inaturalist.org/observations/58334440	0f880bd2-4098-49fc-981b-ff221b503726		num_identification_agreements								1										
https://inaturalist.org/observations/58355987	e8468b3a-7116-42e2-8ef8-37dc687f1632		num_identification_agreements								1										
https://inaturalist.org/observations/58355988	87978ac9-d50a-48f2-bcac-feda4317cd04		num_identification_agreements								1										
https://inaturalist.org/observations/58355989	62250274-f393-460b-bc5e-e23dbca2c76f		num_identification_agreements								1										
https://inaturalist.org/observations/58355992	d9cd5a74-0585-4764-8c5a-0abf69dac80f		num_identification_agreements								2										
https://inaturalist.org/observations/58356007	a0921b3f-a6c1-4039-9a55-a9322fcef07f		num_identification_agreements								1										
https://inaturalist.org/observations/58356010	ee8fe624-e16e-410c-9b48-9b316368733a		num_identification_agreements								1										
https://inaturalist.org/observations/58356011	62e8d690-10a4-4d97-af54-127e10d4fc3d		num_identification_agreements								1										
https://inaturalist.org/observations/58356016	79da156e-b735-4a43-8215-b9926db29f09		num_identification_agreements								1										
https://inaturalist.org/observations/58521195	31493989-6346-4e0f-8bc3-e02df8ed57c6		num_identification_agreements								1										
https://inaturalist.org/observations/58521219	7201e929-626a-4165-bd61-76bffd4d1894		num_identification_agreements								2										
https://inaturalist.org/observations/58521220	83cb7077-86f9-4378-832a-5e506834b906		num_identification_agreements								1										
https://inaturalist.org/observations/58521221	de6c721b-3dd9-4aff-af8f-20798e594ff4		num_identification_agreements								2										
https://inaturalist.org/observations/58521222	14062dd8-5347-4ed7-94b9-b28f45f26976		num_identification_agreements								1										
https://inaturalist.org/observations/58521228	1dd37fc4-b3d1-4e86-82f0-3fa809d6817f		num_identification_agreements								1										
https://inaturalist.org/observations/58521229	b073392b-949b-4e89-8acb-0a89f5b60606		num_identification_agreements								1										
https://inaturalist.org/observations/58521234	80c1811a-256a-47ce-a9b7-d04f66f5e403		num_identification_agreements								1										
https://inaturalist.org/observations/58732838	86da94bb-73cb-4e11-9f55-d4323b352812		num_identification_agreements								3										
https://inaturalist.org/observations/58733052	aec7d116-f719-4338-9566-61860bf9481e		num_identification_agreements								1										
https://inaturalist.org/observations/58734702	51a51e92-03da-45dd-bfc0-fddc97acf0f4		num_identification_agreements								4										
https://inaturalist.org/observations/58734718	96ac9f82-58b3-4e63-a707-e325135a4ef3		num_identification_agreements								3										
https://inaturalist.org/observations/58742731	3c37a522-c7a5-4ad5-ab15-f63c4ad85676		num_identification_agreements								1										
https://inaturalist.org/observations/58742743	a160eda1-427d-4092-9515-48de70ef4f36		num_identification_agreements								1										
https://inaturalist.org/observations/58742746	94a7ef78-ca64-4570-a28f-8d81093a076d		num_identification_agreements								1										
https://inaturalist.org/observations/58746262	1408156e-236f-4856-b84e-807974059b15		num_identification_agreements								2										
https://inaturalist.org/observations/58746264	4d239a81-6074-41e4-b5fb-7d7ea99a9557		num_identification_agreements								1										
https://inaturalist.org/observations/58754968	c17ca4c8-873b-4e36-8ea8-101606c9c879		num_identification_agreements								1										
https://inaturalist.org/observations/58754969	ece837fb-a670-47cf-be39-9469ac72d47c		num_identification_agreements								1										
https://inaturalist.org/observations/59002141	ecf80049-d1e5-4825-ab04-13d2d774ec82		num_identification_agreements								1										
https://inaturalist.org/observations/59268511	2eb7ba74-a17e-4f84-be17-62622252f283		num_identification_agreements								1										
https://inaturalist.org/observations/59932077	0c125bf4-87c4-447b-ae2f-280a310e81f9		num_identification_agreements								1										
https://inaturalist.org/observations/59940296	a97082ac-b87d-4197-a00a-2a9450116fff		num_identification_agreements								2										
https://inaturalist.org/observations/59940299	f97e51bf-0b15-4cd4-bbd0-8744759eceac		num_identification_agreements								2										
https://inaturalist.org/observations/59943195	430fe997-b723-4c22-bd9a-d1d7ba1d9ace		num_identification_agreements								2										
https://inaturalist.org/observations/59943197	c86ee85a-1f43-45b2-95cb-f5cda127c710		num_identification_agreements								2										
https://inaturalist.org/observations/60477266	647c1ab2-8d42-4afc-9277-a27e6ad7338b		num_identification_agreements								1										
https://inaturalist.org/observations/60768192	a16e6c6a-4247-4f0c-b8fc-26239ed90344		num_identification_agreements								1										
https://inaturalist.org/observations/60768469	aacf27ab-be97-4869-b2d5-573038e41af0		num_identification_agreements								1										
https://inaturalist.org/observations/60898232	e6355853-ec16-4fa8-8d71-6a1f1f506089		num_identification_agreements								1										
https://inaturalist.org/observations/60994409	a216434b-03ad-4353-82ad-f4dbcf91e6fa		num_identification_agreements								1										
https://inaturalist.org/observations/60994412	55a1cea5-4d27-468b-8212-cc9953b4a48d		num_identification_agreements								1										
https://inaturalist.org/observations/60999227	172968fd-3a85-46ff-a731-c5c7f2e752e3		num_identification_agreements								2										
https://inaturalist.org/observations/60999229	e2805fd0-37fe-40aa-9528-e0f205ac76a9		num_identification_agreements								1										
https://inaturalist.org/observations/60999231	6479ca58-39b3-448e-b068-b3883425a167		num_identification_agreements								1										
https://inaturalist.org/observations/60999235	578de580-02f1-4dff-9467-9acda2f5b2ec		num_identification_agreements								3										
https://inaturalist.org/observations/60999923	f3337257-8607-4833-b234-1fd641997ce8		num_identification_agreements								1										
https://inaturalist.org/observations/60999925	bd8d6a12-940c-4e43-bd8f-4ad38eae33d4		num_identification_agreements								1										
https://inaturalist.org/observations/60999927	49b9ef6f-1c9b-45dd-9175-3d18855d4c7d		num_identification_agreements								1										
https://inaturalist.org/observations/60999933	18b2fd44-e0fc-4a6d-b509-67ce710fa5cc		num_identification_agreements								1										
https://inaturalist.org/observations/61045791	65624cbc-9b78-4a85-8273-c8e58e30e1c0		num_identification_agreements								2										
https://inaturalist.org/observations/61047014	13182e04-e772-4ff7-8882-1a3aa3659984		num_identification_agreements								2										
https://inaturalist.org/observations/61048010	85c52bf5-77aa-4da5-8393-e4210d35e032		num_identification_agreements								1										
https://inaturalist.org/observations/61171615	712ff33e-9b47-4f32-a174-1982b38135a8		num_identification_agreements								1										
https://inaturalist.org/observations/61181734	62ae589a-1da5-45d2-845c-00359ef10a26		num_identification_agreements								4										
https://inaturalist.org/observations/61181870	bf615494-002f-4c19-bdb3-2a7cf98c5cfc		num_identification_agreements								1										
https://inaturalist.org/observations/61225133	0e4b5420-00f9-4757-9db2-5b3bcb20feee		num_identification_agreements								1										
https://inaturalist.org/observations/61353210	10f6fa2f-ce3d-4fec-a7e8-8e463f0ed548		num_identification_agreements								1										
https://inaturalist.org/observations/61616323	2a216e2d-de31-40f6-91cc-19abbf3aaaa9		num_identification_agreements								1										
https://inaturalist.org/observations/61617077	7c12ec32-b87e-4fd3-a805-9c6b33eb22be		num_identification_agreements								2										
https://inaturalist.org/observations/61731448	56ae4c17-e3d9-4481-ae9a-cc17153eada8		num_identification_agreements								1										
https://inaturalist.org/observations/62819066	31fc7666-bb0d-4ee7-8998-a02fd8bf9f59		num_identification_agreements								1										
https://inaturalist.org/observations/62819069	2fb49295-8114-4f22-adb4-9ebd0a9427d2		num_identification_agreements								1										
https://inaturalist.org/observations/62820348	107520d2-5bf4-416d-a62d-4125a143a967		num_identification_agreements								1										
https://inaturalist.org/observations/62820349	d32f6c11-5f2f-4eb5-b5e4-6d8c211767f0		num_identification_agreements								2										
https://inaturalist.org/observations/62820352	5ae469d8-a293-4fb9-9e28-235af8081a1c		num_identification_agreements								1										
https://inaturalist.org/observations/62820356	b5be8f8f-7e0a-4263-88aa-01b7c73e6b43		num_identification_agreements								5										
https://inaturalist.org/observations/62976835	91671782-2849-436f-bb71-f38361845c45		num_identification_agreements								2										
https://inaturalist.org/observations/63013827	a0c6b965-3e3e-4e6f-b23f-d12085f290a2		num_identification_agreements								1										
https://inaturalist.org/observations/63117636	a8ff093f-654b-4e23-b0a5-707f15e104f4		num_identification_agreements								1										
https://inaturalist.org/observations/63118848	ddeb4cf9-f61f-432a-b507-140968c7fab7		num_identification_agreements								1										
https://inaturalist.org/observations/63118851	24fa06f4-906e-4384-b90d-e471371a7d87		num_identification_agreements								1										
https://inaturalist.org/observations/63120287	b6ff80d1-2a60-49b8-9177-ea24846981a9		num_identification_agreements								1										
https://inaturalist.org/observations/64017003	2c4e80a4-4a9d-4d17-bc5c-91485b48ed5b		num_identification_agreements								1										
https://inaturalist.org/observations/64017004	ebd5dc1d-1d06-4639-becd-36bbb35b6fb9		num_identification_agreements								2										
https://inaturalist.org/observations/64017007	02060280-afc1-4286-9414-0be1220311c9		num_identification_agreements								1										
https://inaturalist.org/observations/64131353	87040d19-33a8-426a-9e3b-f011687d8ff5		num_identification_agreements								1										
https://inaturalist.org/observations/64131356	a475f6c9-a83d-4db2-b81a-5dc387b8468e		num_identification_agreements								2										
https://inaturalist.org/observations/64131357	e4e12a8c-db50-4fba-a233-ef2d9afac2d7		num_identification_agreements								1										
https://inaturalist.org/observations/64131359	0eec6117-6410-4e72-abf0-2700bcc4e22b		num_identification_agreements								1										
https://inaturalist.org/observations/64131361	b1e8745b-6c1e-41dc-aab0-dd272d7ca0f4		num_identification_agreements								1										
https://inaturalist.org/observations/64131372	25fd2e14-6a29-450c-8973-430ff253ea82		num_identification_agreements								1										
https://inaturalist.org/observations/64131373	c520d870-8545-45ea-b387-8f5e1ec2e219		num_identification_agreements								1										
https://inaturalist.org/observations/64493476	69adaf8d-8ebe-4916-bbc9-fb6677074472		num_identification_agreements								1										
https://inaturalist.org/observations/64493709	c55ace59-81dc-4074-a237-175f710bf6d7		num_identification_agreements								1										
https://inaturalist.org/observations/64493788	6a219585-a689-4843-ad33-7c9c57ff4493		num_identification_agreements								1										
https://inaturalist.org/observations/64616166	3b380a5a-8f30-49ab-baeb-7354a66058c6		num_identification_agreements								1										
https://inaturalist.org/observations/64616167	ab0f2eaf-0296-46f0-872c-ea5c990c5caa		num_identification_agreements								1										
https://inaturalist.org/observations/64616187	8d591789-a98c-416c-bab1-7273cd6d495c		num_identification_agreements								1										
https://inaturalist.org/observations/64616188	a2a79280-463d-4591-ac47-68ab27d6e8a2		num_identification_agreements								1										
https://inaturalist.org/observations/64616189	98a9ded0-c20e-4223-8652-3a5bac973f43		num_identification_agreements								1										
https://inaturalist.org/observations/64616190	f90f7f0b-0a43-40f6-9cce-251323ec627e		num_identification_agreements								1										
https://inaturalist.org/observations/64750497	a0acb907-ac6b-4b4b-9eeb-349b897482b9		num_identification_agreements								1										
https://inaturalist.org/observations/64750502	c7b9c46d-0762-4153-a624-2e479f051ffe		num_identification_agreements								1										
https://inaturalist.org/observations/64750503	e1b90662-53bf-4f6d-ade2-7c8498cb6e22		num_identification_agreements								2										
https://inaturalist.org/observations/64750504	d13290b3-af12-43e7-b440-b72abd86fe56		num_identification_agreements								1										
https://inaturalist.org/observations/65424461	de846eae-aec2-48c8-9094-18e0df9b222a		num_identification_agreements								1										
https://inaturalist.org/observations/65424463	22ce902d-d1d8-4ab9-b727-cb6526074bac		num_identification_agreements								1										
https://inaturalist.org/observations/66404606	4b20a778-e14f-4049-8053-da5a3fcc5e6a		num_identification_agreements								1										
https://inaturalist.org/observations/66845801	cd46f685-ba2c-4ec4-b3d8-9a18e71f0027		num_identification_agreements								2										
https://inaturalist.org/observations/66845802	b4eef29d-dd11-4bfb-9115-c47288051f60		num_identification_agreements								1										
https://inaturalist.org/observations/66845803	963d1ec3-647f-4ac1-a886-ca8d6d19bd21		num_identification_agreements								2										
https://inaturalist.org/observations/66845804	78ec54a6-ec93-4850-8233-b9aa4d2fdc7e		num_identification_agreements								3										
https://inaturalist.org/observations/68115736	4bfdb671-7a0b-472e-939e-3310fe2173d7		num_identification_agreements								2										
https://inaturalist.org/observations/68115738	2b7b2445-dd02-4bcf-a96e-28460f2898f2		num_identification_agreements								1										
https://inaturalist.org/observations/68115739	b7f7a3d6-36fb-4372-996a-94372cb91342		num_identification_agreements								1										
https://inaturalist.org/observations/68115740	9ddbc193-ff5e-4b28-9177-2d2a484c6e8c		num_identification_agreements								2										
https://inaturalist.org/observations/68115745	371c9eb5-ab91-49ca-bbd1-206573dc6938		num_identification_agreements								1										
https://inaturalist.org/observations/68691300	6fee3b3b-3833-4f3b-8b4a-50e9acb8bd84		num_identification_agreements								1										
https://inaturalist.org/observations/68691301	821e006b-bf25-4dc7-8e6e-d6e96bc0af2e		num_identification_agreements								1										
https://inaturalist.org/observations/68894737	d215f483-f705-47dc-8455-0a43d44b060d		num_identification_agreements								1										
https://inaturalist.org/observations/68894738	07875fdf-922e-4e24-8678-3f96730ff0bb		num_identification_agreements								1										
https://inaturalist.org/observations/68894740	3d0e2bc5-b505-45ae-bd92-2433ee2c4783		num_identification_agreements								2										
https://inaturalist.org/observations/69068749	66795664-43f7-4368-acfb-feb0c5f20c1f		num_identification_agreements								1										
https://inaturalist.org/observations/69072512	ccbb4ed1-0a49-4561-bc1f-5860a861aa7f		num_identification_agreements								1										
https://inaturalist.org/observations/69072513	2929cdf7-0243-4ba3-b8f3-5940f319982a		num_identification_agreements								1										
https://inaturalist.org/observations/69076346	27f82fb3-2da7-4699-8cc8-2a5362828261		num_identification_agreements								1										
https://inaturalist.org/observations/69076347	b35d3d73-31aa-4ca2-b980-6523d732c73c		num_identification_agreements								2										
https://inaturalist.org/observations/69076348	9f6d9f94-5628-49af-8859-1e15d5f79da2		num_identification_agreements								1										
https://inaturalist.org/observations/69270359	8ae08aa3-2b07-488e-a324-aaaf28d0ac27		num_identification_agreements								1										
https://inaturalist.org/observations/69270360	05552ffc-8567-4c55-9354-75b6a1b99009		num_identification_agreements								1										
https://inaturalist.org/observations/69280610	c2ab7ddf-9233-434b-872d-4548991c4a8f		num_identification_agreements								2										
https://inaturalist.org/observations/69280611	df325bbd-e1a5-4c9f-bbf6-a7451679ee11		num_identification_agreements								2										
https://inaturalist.org/observations/69638467	4538d997-5be1-4363-9a41-d79f3e940d7d		num_identification_agreements								1										
https://inaturalist.org/observations/70165440	68860fe8-7fdf-4d93-a6d1-97782575241a		num_identification_agreements								1										
https://inaturalist.org/observations/70211718	b0c899c1-843b-454a-8552-6288277939aa		num_identification_agreements								2										
https://inaturalist.org/observations/71142549	117bd2d3-23c1-4bcf-9745-6c1b71ca4822		num_identification_agreements								1										
https://inaturalist.org/observations/71142550	dcb70468-466e-4919-883f-967f5271b7da		num_identification_agreements								1										
https://inaturalist.org/observations/71142554	e28aac3b-4038-4aa5-8486-37c62f24d0e4		num_identification_agreements								1										
https://inaturalist.org/observations/71142556	97481c3c-857f-4886-8614-4027b4680252		num_identification_agreements								1										
https://inaturalist.org/observations/71216143	3b7a7098-6aa8-40b9-bd2b-e975c974f818		num_identification_agreements								1										
https://inaturalist.org/observations/71387111	b64e0b67-1217-43b3-8d96-329c2f309bc3		num_identification_agreements								1										
https://inaturalist.org/observations/71387114	f4078ae0-1fce-44c0-a918-9570a85e9922		num_identification_agreements								1										
https://inaturalist.org/observations/71816680	621df628-cd68-4bd6-b032-e4945cb53e49		num_identification_agreements								1										
https://inaturalist.org/observations/71816682	95a8896e-27eb-45ef-a82b-ca6c46102420		num_identification_agreements								1										
https://inaturalist.org/observations/71969873	3e223e2a-d115-4279-b314-52adb032c3e1		num_identification_agreements								1										
https://inaturalist.org/observations/71983621	6e78fb48-7cac-4a87-8b37-07742507e61d		num_identification_agreements								1										
https://inaturalist.org/observations/71983622	98279ab4-7726-4966-a396-405d02cb62a1		num_identification_agreements								2										
https://inaturalist.org/observations/71983623	aec843b2-522b-460a-b535-28fba99fa476		num_identification_agreements								1										
https://inaturalist.org/observations/72131950	5098bca3-3beb-4857-85df-c895c6111a6b		num_identification_agreements								1										
https://inaturalist.org/observations/72221193	31474e76-96fa-4ac8-bd39-5f803a463d27		num_identification_agreements								1										
https://inaturalist.org/observations/72221194	8723c2af-4fdb-4f20-a4cc-9e3b0aab4510		num_identification_agreements								1										
https://inaturalist.org/observations/72221195	0ce42dd2-ff59-4f8a-83e0-cba64599cd3e		num_identification_agreements								1										
https://inaturalist.org/observations/72221198	b0b521ad-86d1-4c77-a92b-cd4b88cfc888		num_identification_agreements								1										
https://inaturalist.org/observations/72222111	9f67ff31-8ed3-4258-8c21-3a81e6a4f8c6		num_identification_agreements								2										
https://inaturalist.org/observations/72222119	5523a244-1c26-40ae-9390-8398816d4975		num_identification_agreements								2										
https://inaturalist.org/observations/72222120	ce7f149c-67d8-45ea-9a18-e05b11e1d7d1		num_identification_agreements								1										
https://inaturalist.org/observations/72371854	12e495ea-2798-4d52-a775-31fd5ba6eb2d		num_identification_agreements								1										
https://inaturalist.org/observations/72610147	1f2f13aa-d29e-4fb0-a32a-2e1bb41125fd		num_identification_agreements								1										
https://inaturalist.org/observations/72613203	55a21a20-c1ef-42f1-8bcc-cd56c870d2b6		num_identification_agreements								1										
https://inaturalist.org/observations/72613204	f6cc9f7b-0456-493d-9573-378f836a80a1		num_identification_agreements								1										
https://inaturalist.org/observations/72613210	8ae9deba-f2b6-48b3-b0f5-f22529e3f54d		num_identification_agreements								1										
https://inaturalist.org/observations/72613211	790e2b64-669e-4beb-8947-cd858814c783		num_identification_agreements								1										
https://inaturalist.org/observations/72625985	70e1f096-38ff-41c5-a506-6a2e8c8e3d51		num_identification_agreements								1										
https://inaturalist.org/observations/72625987	65ac4e15-8cec-4a23-b6a9-a11d12d80a75		num_identification_agreements								1										
https://inaturalist.org/observations/72625989	41021157-0e02-4fae-873c-34be2919c249		num_identification_agreements								1										
https://inaturalist.org/observations/72626996	515a5c03-155b-4448-a296-c01c2bb74173		num_identification_agreements								1										
https://inaturalist.org/observations/72626999	5ecdf69d-3112-4f1a-ae42-d14a9904039b		num_identification_agreements								1										
https://inaturalist.org/observations/72645279	556bcb64-75cc-4538-9aba-29864d395093		num_identification_agreements								1										
https://inaturalist.org/observations/72645537	185a35da-d932-47dd-abd2-b4f6c268d0c6		num_identification_agreements								1										
https://inaturalist.org/observations/72654676	829c0599-1755-4ff6-83a3-76ad0ba04373		num_identification_agreements								1										
https://inaturalist.org/observations/72690464	9dcbbdb8-67b4-43cc-bf0a-73a2d75b3e0c		num_identification_agreements								1										
https://inaturalist.org/observations/72690632	f8b3ad52-8f5c-4ac0-99b5-f6ec820d6e96		num_identification_agreements								1										
https://inaturalist.org/observations/72694140	c1961a13-1c2c-49dc-9868-aba6c1629836		num_identification_agreements								1										
https://inaturalist.org/observations/72778257	817d4116-ec78-45ff-bb3f-0e98f18a3e27		num_identification_agreements								1										
https://inaturalist.org/observations/72778341	516562d9-67e2-4afa-8952-db0250140bf7		num_identification_agreements								1										
https://inaturalist.org/observations/73013815	97dc5225-bf29-45ab-8fba-2f93edb17de5		num_identification_agreements								1										
https://inaturalist.org/observations/73048929	0b9e2000-9664-4fb0-9e9d-10a8fcb3185d		num_identification_agreements								1										
https://inaturalist.org/observations/73051652	c2232c90-fbce-464c-ae57-8725a0c3a300		num_identification_agreements								1										
https://inaturalist.org/observations/73151145	c291b9b1-eb89-4252-a828-dc83cafce25e		num_identification_agreements								2										
https://inaturalist.org/observations/73255124	b564fcf8-9b1a-4a30-9554-b6797b6bbe47		num_identification_agreements								1										
https://inaturalist.org/observations/73786508	103990c4-58c6-437d-8354-b1cb69a93e8e		num_identification_agreements								1										
https://inaturalist.org/observations/73786695	df7faaed-727e-414b-91d2-f7ce8c471060		num_identification_agreements								1										
https://inaturalist.org/observations/74149654	d3996f21-1dbb-4bfc-99eb-ce683f8d8884		num_identification_agreements								1										
https://inaturalist.org/observations/74149658	562ca4f0-d77f-49ae-8e73-2d27542a11f0		num_identification_agreements								1										
https://inaturalist.org/observations/74151060	3c395829-6dcb-4850-ad27-5dd883acab22		num_identification_agreements								1										
https://inaturalist.org/observations/74646840	62dd6023-00ff-41a6-bf84-090f266a0a6a		num_identification_agreements								1										
https://inaturalist.org/observations/74769673	d82f5538-7842-4e72-970a-45bb209cd18f		num_identification_agreements								1										
https://inaturalist.org/observations/74769684	c382cf5b-0f3b-456a-b5ce-614eb4826831		num_identification_agreements								2										
https://inaturalist.org/observations/74772481	2684db06-8bc6-4691-9dde-4f9af5dd5bd5		num_identification_agreements								2										
https://inaturalist.org/observations/75317597	b6dce2c7-2097-4017-b327-b4c37c012581		num_identification_agreements								1										
https://inaturalist.org/observations/75317661	e0611732-5151-4d17-b7cf-eddcb4eb82e0		num_identification_agreements								1										
https://inaturalist.org/observations/75317763	3bc7f529-9d20-4863-8ada-1898df209ad0		num_identification_agreements								1										
https://inaturalist.org/observations/75318174	809f61a6-e8bf-4f17-850c-c856b3111308		num_identification_agreements								2										
https://inaturalist.org/observations/75429891	47fcc51f-70e0-4a0a-97c9-866bbd3ff40f		num_identification_agreements								1										
https://inaturalist.org/observations/75544244	13961941-c5d2-4bda-83be-9860428f2b79		num_identification_agreements								1										
https://inaturalist.org/observations/75591159	0cbad9ec-799f-402c-975b-7d8c43f9089c		num_identification_agreements								4										
https://inaturalist.org/observations/75937260	8cc2a1e2-18d8-4b66-b16e-6b609211b9ea		num_identification_agreements								1										
https://inaturalist.org/observations/75969791	d5f41399-4180-422a-8d16-64d3a3189623		num_identification_agreements								1										
https://inaturalist.org/observations/76024118	19935927-edbe-497d-b9a1-e88f352ebd7e		num_identification_agreements								2										
https://inaturalist.org/observations/76024119	38d22202-0d30-446d-b835-e44ed322fb4e		num_identification_agreements								2										
https://inaturalist.org/observations/76163169	e798c556-d3ed-4d43-8bc2-4c3ca55fa901		num_identification_agreements								3										
https://inaturalist.org/observations/76278633	6b36fc6e-7066-4ca5-8ec7-04d5ac69baf3		num_identification_agreements								1										
https://inaturalist.org/observations/76282568	207dcf7a-6103-4cd9-8282-d020dbcd093c		num_identification_agreements								1										
https://inaturalist.org/observations/76331078	ca251ea1-cf1e-4c9c-acff-862d4055b530		num_identification_agreements								1										
https://inaturalist.org/observations/76337095	d089fa8a-604e-481a-9251-da2b1c9c9722		num_identification_agreements								1										
https://inaturalist.org/observations/76337096	eaf24656-a8cf-423f-8d3c-36128e652cd7		num_identification_agreements								1										
https://inaturalist.org/observations/76337097	2adc7a07-7b5e-4831-b3b6-14a4664f1091		num_identification_agreements								1										
https://inaturalist.org/observations/76337100	c6b6e455-f30f-4d8b-ad1e-c2a09058ad4c		num_identification_agreements								1										
https://inaturalist.org/observations/76645432	2accbc5e-094e-47ed-b8a5-ea924978af3d		num_identification_agreements								2										
https://inaturalist.org/observations/76748826	4bc176a6-ec18-4a5a-9984-d83d0a4cc99f		num_identification_agreements								2										
https://inaturalist.org/observations/77103137	21c207e0-5673-4965-8814-8f445448f5e7		num_identification_agreements								2										
https://inaturalist.org/observations/77108931	6f3bf4e8-8f11-4581-bc1a-2583e61768e8		num_identification_agreements								2										
https://inaturalist.org/observations/77299938	fab9ff5c-d660-4cae-af11-17f393e7d29f		num_identification_agreements								1										
https://inaturalist.org/observations/77310973	dd51cca7-c299-4732-b3f8-ba3441e05d55		num_identification_agreements								2										
https://inaturalist.org/observations/77310984	f0d17c98-eac7-439f-85b8-26688d4f9a49		num_identification_agreements								1										
https://inaturalist.org/observations/77310985	af66d23a-6232-4412-86a9-848b41905bfa		num_identification_agreements								1										
https://inaturalist.org/observations/77515205	e533cb90-244b-4424-856e-aada7a70e665		num_identification_agreements								1										
https://inaturalist.org/observations/77515209	62faecdb-b554-4a0c-9b54-b2aec3eff6b5		num_identification_agreements								1										
https://inaturalist.org/observations/77526199	e4eaa3eb-0e6b-43af-86e9-a62c750806a0		num_identification_agreements								1										
https://inaturalist.org/observations/77752372	968e6b21-3903-4079-8ca9-fab37d56c98a		num_identification_agreements								1										
https://inaturalist.org/observations/77752539	65e9ddc6-df38-4757-9758-b03ee6f63694		num_identification_agreements								2										
https://inaturalist.org/observations/77758367	3edf1309-2628-4683-a194-d14aad489d55		num_identification_agreements								1										
https://inaturalist.org/observations/77758903	db3c03c6-7165-4c19-a884-e38cc5a0dde1		num_identification_agreements								1										
https://inaturalist.org/observations/77759019	c49983ea-12a7-44c6-803b-e28b36803c34		num_identification_agreements								1										
https://inaturalist.org/observations/78237918	ac011e75-1f99-47a1-89e1-e8234b69fbc3		num_identification_agreements								1										
https://inaturalist.org/observations/78238045	f6de47cb-0363-49fd-9ef3-175568a633b9		num_identification_agreements								1										
https://inaturalist.org/observations/78584824	9e745aa1-6257-4f53-a58d-d4ca2fefdfdf		num_identification_agreements								2										
https://inaturalist.org/observations/78588660	ece1944f-c758-4b8c-bfd1-8a64f3a98135		num_identification_agreements								2										
https://inaturalist.org/observations/78588685	c9257b7a-4165-4842-8dbf-e6e0bda7ea56		num_identification_agreements								1										
https://inaturalist.org/observations/78846819	39a00a36-f1c9-40e9-9e1e-15728d89eedd		num_identification_agreements								1										
https://inaturalist.org/observations/78846820	d5d33a43-c7fa-4f02-9de4-092b910bdcee		num_identification_agreements								2										
https://inaturalist.org/observations/78849309	f31ebeb9-a68b-4aec-b538-bc7ace082c71		num_identification_agreements								1										
https://inaturalist.org/observations/78850714	034236c5-c7f6-4aae-8823-9f6481ff7995		num_identification_agreements								1										
https://inaturalist.org/observations/78850725	99397b11-2a2e-48a6-b80c-412d1de446b0		num_identification_agreements								1										
https://inaturalist.org/observations/78850727	f965cd24-af2c-4a26-b352-38b1c2e35736		num_identification_agreements								3										
https://inaturalist.org/observations/79283625	67614cc3-3a03-4f91-8f1b-a3db275047a3		num_identification_agreements								2										
https://inaturalist.org/observations/79283768	4109ae0a-5650-44ef-8840-729d633d9461		num_identification_agreements								3										
https://inaturalist.org/observations/79284026	1c3db995-e715-46c1-ad8e-c281f8583c2f		num_identification_agreements								3										
https://inaturalist.org/observations/79328377	afc7b23a-9d04-4702-b573-97ca626635a2		num_identification_agreements								1										
https://inaturalist.org/observations/79328379	a45e7c37-e1e7-4642-9395-7dda92c07c27		num_identification_agreements								1										
https://inaturalist.org/observations/79560305	85b51bc3-89fe-495b-a072-9522c6c08bec		num_identification_agreements								1										
https://inaturalist.org/observations/79569977	74ae4230-a5c9-40d2-b8de-500a29bf6919		num_identification_agreements								1										
https://inaturalist.org/observations/79570006	93914e8d-0c14-4cdf-a563-2f31bb60e1e5		num_identification_agreements								1										
https://inaturalist.org/observations/79570007	21e45c06-89a3-4bea-9436-4de7d1f6e274		num_identification_agreements								1										
https://inaturalist.org/observations/79571474	64ce0bad-cbe0-4f9d-842d-2cf118f64c23		num_identification_agreements								1										
https://inaturalist.org/observations/79571482	68541dd4-8c9c-4cef-b705-fd1c51d1ebbc		num_identification_agreements								1										
https://inaturalist.org/observations/79584245	bce204d8-5c49-4872-876f-98f06838a640		num_identification_agreements								1										
https://inaturalist.org/observations/79584409	759483e3-af40-4426-b0b8-eed6b5d733b9		num_identification_agreements								1										
https://inaturalist.org/observations/79647576	955da8b9-59f1-4b65-8440-ce7c9688947d		num_identification_agreements								1										
https://inaturalist.org/observations/80491776	401da3e2-5634-4ee8-a194-f362b4398c83		num_identification_agreements								1										
https://inaturalist.org/observations/80491781	b7975eb9-e3d1-4d45-adc5-10a086394e5c		num_identification_agreements								1										
https://inaturalist.org/observations/80491787	aec2e4c8-e8ae-4009-8d54-5bd1becd8426		num_identification_agreements								1										
https://inaturalist.org/observations/80496152	94f6d874-df0b-4af8-9d65-dcaefd6abe42		num_identification_agreements								1										
https://inaturalist.org/observations/80496161	ec511691-6c6d-4c00-9946-7d7ef061613c		num_identification_agreements								1										
https://inaturalist.org/observations/81068663	52d183ce-03b7-431f-8459-3c12e75ac36f		num_identification_agreements								4										
https://inaturalist.org/observations/81068664	16c5fc1d-9db4-43b6-8ad3-f26e3ebd62ff		num_identification_agreements								1										
https://inaturalist.org/observations/81071125	1fbea028-5567-44e5-9219-c4182b0ef176		num_identification_agreements								1										
https://inaturalist.org/observations/81071126	a1d8bc43-28e4-420e-8ebe-f72257229b8f		num_identification_agreements								1										
https://inaturalist.org/observations/81188731	3fce74e1-6a26-4839-b12d-0e5e5765aa1a		num_identification_agreements								1										
https://inaturalist.org/observations/83965452	b367245c-9611-4ae5-acc2-79672574efad		num_identification_agreements								2										
https://inaturalist.org/observations/83965455	eb89bd09-234e-4008-884e-33d91691640c		num_identification_agreements								1										
https://inaturalist.org/observations/83965458	9eb5a5d9-7fb5-4c35-8408-2c4494dfda4e		num_identification_agreements								1										
https://inaturalist.org/observations/83970238	e066d551-7278-4b56-b414-8ae3ab082102		num_identification_agreements								1										
https://inaturalist.org/observations/84770464	b8e62d81-bd29-42d1-aa34-ff174a919102		num_identification_agreements								1										
https://inaturalist.org/observations/84770470	7b977598-ccf6-4113-bbc0-d8449790b5f3		num_identification_agreements								2										
https://inaturalist.org/observations/84876819	122adbab-0395-4a88-8442-7918031a41e3		num_identification_agreements								1										
https://inaturalist.org/observations/84881830	00864cbc-04cc-4735-a01e-c3b00a94ed07		num_identification_agreements								1										
https://inaturalist.org/observations/86079755	70d04f0d-7771-4561-9d48-5e927e05cb08		num_identification_agreements								1										
https://inaturalist.org/observations/86079761	49ad6095-bc79-4a94-b6ba-3b07d2e38f7e		num_identification_agreements								1										
https://inaturalist.org/observations/86079774	dad01c01-d200-4b0d-be39-b9a3258b1bb8		num_identification_agreements								1										
https://inaturalist.org/observations/86079778	fab8a6c5-9c22-41d4-a461-80e8870b5a2e		num_identification_agreements								1										
https://inaturalist.org/observations/86081909	9663c9be-40ce-487b-a263-c394055d718e		num_identification_agreements								1										
https://inaturalist.org/observations/86081917	da303b45-3156-4a11-82e2-4fa372fc39c4		num_identification_agreements								1										
https://inaturalist.org/observations/86081921	1a815368-a6ae-47f2-8bd0-85fa154424a5		num_identification_agreements								2										
https://inaturalist.org/observations/86084495	b7dc4380-d595-43c7-972f-97a07781f449		num_identification_agreements								1										
https://inaturalist.org/observations/88037611	336b2606-7f56-4c8f-a54f-42c42994119d		num_identification_agreements								1										
https://inaturalist.org/observations/88037630	ceb10ec0-64ee-484f-8827-9b01c0674101		num_identification_agreements								1										
https://inaturalist.org/observations/88037633	54669c52-afac-47d3-8f75-755ef63709d6		num_identification_agreements								1										
https://inaturalist.org/observations/88331020	5aacd493-a580-4f9e-835f-79ac150b40bf		num_identification_agreements								1										
https://inaturalist.org/observations/88331021	2a0c6edb-a8b7-489c-a030-7e5d83658e81		num_identification_agreements								1										
https://inaturalist.org/observations/88331063	50939285-8330-417e-b587-eb2b93808a88		num_identification_agreements								2										
https://inaturalist.org/observations/89686783	5095c411-2412-412e-9e87-6cc7cb96bf90		num_identification_agreements								1										
https://inaturalist.org/observations/89716885	372d8d8a-cf11-4217-8225-41868b82f45d		num_identification_agreements								1										
https://inaturalist.org/observations/89716889	4c98b959-bfd9-4335-859e-d70b3f26fc45		num_identification_agreements								1										
https://inaturalist.org/observations/89716899	ffd92066-9075-4dba-ba2f-85625e98c285		num_identification_agreements								1										
https://inaturalist.org/observations/89716902	fd4ede75-0c48-45cc-bce3-cc875ce6c07e		num_identification_agreements								1										
https://inaturalist.org/observations/89716904	6515de1f-c470-4ae2-9ae8-1258a2343de6		num_identification_agreements								1										
https://inaturalist.org/observations/89716913	7988fb99-78a8-4fd2-8093-a62dd52686ee		num_identification_agreements								2										
https://inaturalist.org/observations/89716916	6d95744f-b971-4cef-bbb2-c997cd48c1d3		num_identification_agreements								2										
https://inaturalist.org/observations/89783316	187970bf-4697-4948-b47a-8afb4c788287		num_identification_agreements								1										
https://inaturalist.org/observations/89783317	e6a4d79d-ffbd-40ac-b1ae-0d9607cf0d46		num_identification_agreements								1										
https://inaturalist.org/observations/89783322	3a79e484-e26f-49b5-8b55-2c09b439ef48		num_identification_agreements								1										
https://inaturalist.org/observations/89783326	2f7c7b34-1bcc-4708-91d6-561d3c290c18		num_identification_agreements								1										
https://inaturalist.org/observations/89783327	609d2a8b-f2b7-48a7-9873-af918ddfc750		num_identification_agreements								1										
https://inaturalist.org/observations/89819941	41ae7311-004c-4f59-bb28-e30825a26b6f		num_identification_agreements								1										
https://inaturalist.org/observations/89819975	29f51f1a-d4ab-4198-915a-9be353c61e63		num_identification_agreements								1										
https://inaturalist.org/observations/89819995	b7490099-ad36-443e-9054-c3f7d4e518af		num_identification_agreements								1										
https://inaturalist.org/observations/89820000	181c247d-1a21-4e40-9606-4eb9c1c6dc61		num_identification_agreements								1										
https://inaturalist.org/observations/89820009	4da2e9e7-44db-41c6-8361-edfd335427ac		num_identification_agreements								1										
https://inaturalist.org/observations/89820030	f18c9e79-579e-43de-8de8-4991df3afb34		num_identification_agreements								2										
https://inaturalist.org/observations/93727906	bfb61e90-36d8-4b36-bb89-d05463010d4d		num_identification_agreements								1										
https://inaturalist.org/observations/93727927	1cef978e-0af6-481d-88e2-89c70c3e0cec		num_identification_agreements								2										
https://inaturalist.org/observations/93727929	a92f7975-9e06-4177-b049-be32357e97a8		num_identification_agreements								2										
https://inaturalist.org/observations/93775829	a417bb66-b91c-4f45-8971-8764d513da19		num_identification_agreements								2										
https://inaturalist.org/observations/93775831	b1cbdacf-8b17-467b-8a21-4498a0c20b51		num_identification_agreements								1										
https://inaturalist.org/observations/95055366	1ecc88d5-e0e4-41d9-b42c-5553bb6b8a9a		num_identification_agreements								1										
https://inaturalist.org/observations/95057287	4faaee52-b116-4b1e-980b-bcd0f2631147		num_identification_agreements								2										
https://inaturalist.org/observations/96595794	f5152fd5-99e9-4edf-92c8-357036a9946a		num_identification_agreements								2										
https://inaturalist.org/observations/96595795	be121c3a-39ac-4879-97fb-518ab3483971		num_identification_agreements								3										
https://inaturalist.org/observations/96596576	ffc54566-c4cd-466d-b5a2-6c9a4d0bb71f		num_identification_agreements								2										
https://inaturalist.org/observations/96596606	c179fc31-f78a-467c-8d97-45f11af351d1		num_identification_agreements								2										
https://inaturalist.org/observations/96624760	9f76d691-bd51-47ce-8873-ebdd8ea63e1e		num_identification_agreements								1										
https://inaturalist.org/observations/96624763	19a82a68-6d1d-4e54-a2d9-56f34f99eaad		num_identification_agreements								3										
https://inaturalist.org/observations/100529934	66ae7e1c-9cfd-4dab-90e5-4cfaf5e7d565		num_identification_agreements								1										
https://inaturalist.org/observations/100529940	b5928e48-c4f1-48b7-8d3d-386734a7074a		num_identification_agreements								1										
https://inaturalist.org/observations/100529944	b56e50cb-3d3b-4697-bc12-a68fedadc9af		num_identification_agreements								1										
https://inaturalist.org/observations/100529945	f01d3947-c8c0-4b7d-bc27-4199030204fb		num_identification_agreements								3										
https://inaturalist.org/observations/100529986	c5e1920b-5123-441f-88df-b4691b495ca2		num_identification_agreements								3										
https://inaturalist.org/observations/100705947	37ecf09f-5a99-4427-9fef-ab31390ef23d		num_identification_agreements								1										
https://inaturalist.org/observations/101643118	f59c096d-4c9e-4aa4-9e35-7be7795cd340		num_identification_agreements								1										
https://inaturalist.org/observations/102690413	2cbca738-5c66-4d10-8fa0-139de8d6df82		num_identification_agreements								3										
https://inaturalist.org/observations/102690669	d93daab1-d1f4-4098-b0cf-e775bdabbbdf		num_identification_agreements								3										
https://inaturalist.org/observations/102690749	c426ddb4-3b94-430b-b45d-2a07d82e9bf7		num_identification_agreements								3										
https://inaturalist.org/observations/106990312	4d983d86-9f4e-40b5-9938-17b21c47b6c8		num_identification_agreements								3										
https://inaturalist.org/observations/108986814	24eb8401-4592-4583-a810-23eb677a46b0		num_identification_agreements								1										
https://inaturalist.org/observations/109057397	bcc9a726-f35c-4b7b-955d-3afef4bc40ce		num_identification_agreements								2										
https://inaturalist.org/observations/109867392	64226309-decb-4a32-a6ab-bef41367f0c3		num_identification_agreements								1										
https://inaturalist.org/observations/109867393	745e269f-c03f-4944-881c-f40b97e5ba99		num_identification_agreements								2										
https://inaturalist.org/observations/109867396	af58a96c-f97e-4d8a-91aa-b7ae54c46a5a		num_identification_agreements								1										
https://inaturalist.org/observations/109867398	61b32acb-d6e7-406c-be03-d23363f2602f		num_identification_agreements								1										
https://inaturalist.org/observations/109867399	bf8d1d7b-7766-4392-a43a-53f30216da8b		num_identification_agreements								1										
https://inaturalist.org/observations/109867400	8a2055f5-5ed1-477f-b33e-67ce7c636230		num_identification_agreements								1										
https://inaturalist.org/observations/109867408	24773605-1022-4387-82f6-60db4fc3a392		num_identification_agreements								2										
https://inaturalist.org/observations/109867413	4267d7a9-e469-4cd3-bb36-9a885e78cec5		num_identification_agreements								2										
https://inaturalist.org/observations/109867415	8015c6ad-f71e-45a7-ad51-5db82e301930		num_identification_agreements								2										
https://inaturalist.org/observations/110035062	6bd9d86e-772a-4675-b4c2-24a0377cdb12		num_identification_agreements								2										
https://inaturalist.org/observations/110136178	f63de280-02f8-4df4-ab24-5beba59c7b4c		num_identification_agreements								1										
https://inaturalist.org/observations/110136179	1ef72b4b-9805-41c2-97ba-92a6e88133d7		num_identification_agreements								1										
https://inaturalist.org/observations/110403011	3004655f-e0e2-4abb-91fe-6f6b9127bef7		num_identification_agreements								2										
https://inaturalist.org/observations/110403232	ccf41493-fbdb-4665-b5d0-de1870982108		num_identification_agreements								2										
https://inaturalist.org/observations/110436575	3d674c00-6a37-413c-8b32-7b34395c513c		num_identification_agreements								1										
https://inaturalist.org/observations/110436582	cbf3480d-6b38-4cb9-b793-adbf966d2b09		num_identification_agreements								1										
https://inaturalist.org/observations/112765496	d642c5a6-0c7f-42a5-9784-fe4a3fc081e0		num_identification_agreements								1										
https://inaturalist.org/observations/112765497	dd00a7ca-911f-45c6-be64-e5140fdb22a3		num_identification_agreements								2										
https://inaturalist.org/observations/122967288	8c859463-2db7-4b41-bf91-3fea4461503c		num_identification_agreements								1										
https://inaturalist.org/observations/122967291	e9b268e2-9d08-498e-9181-9531e5640058		num_identification_agreements								2										
https://inaturalist.org/observations/122967292	efc804d5-3269-4dfe-b567-2b61c24bd249		num_identification_agreements								1										
https://inaturalist.org/observations/123146888	9a6d55fd-053e-49b2-a992-3dc09141cace		num_identification_agreements								1										
https://inaturalist.org/observations/123146891	8b95242d-e435-45d9-aafd-6ce97f5337fc		num_identification_agreements								2										
https://inaturalist.org/observations/123146893	e0bc664c-30db-4805-af94-5089dd3e987d		num_identification_agreements								1										
https://inaturalist.org/observations/123294594	35178f3e-1b32-4d78-8d4c-68e548c47f43		num_identification_agreements								1										
https://inaturalist.org/observations/123304163	257c24dd-310c-4790-9bee-1723bc52beb7		num_identification_agreements								1										
https://inaturalist.org/observations/123304229	ad83762a-8867-45ca-9bc9-5d44fefa64bc		num_identification_agreements								1										
https://inaturalist.org/observations/123387040	6911fe0d-3c02-478d-a4a3-30edeadb10b0		num_identification_agreements								1										
https://inaturalist.org/observations/123387043	c56e5995-cc83-4d7a-a24b-fd8bd878fcdd		num_identification_agreements								2										
https://inaturalist.org/observations/123387052	3dc8186d-d674-48e2-98f5-763e24d3ec78		num_identification_agreements								1										
https://inaturalist.org/observations/123387056	5de1a18b-b366-440e-8a65-eba261d8483d		num_identification_agreements								1										
https://inaturalist.org/observations/123387058	b0043e2f-b35c-4eae-b0d2-7e6ca14eff56		num_identification_agreements								1										
https://inaturalist.org/observations/132824545	b02cdad2-af37-40f6-8b5a-33f043d1d0c7		num_identification_agreements								1										
https://inaturalist.org/observations/132824547	e4852622-7fca-4697-a12d-990b9f01f63c		num_identification_agreements								1										
https://inaturalist.org/observations/133523030	75609b63-bd26-4d10-9c37-de847321ec9f		num_identification_agreements								1										
https://inaturalist.org/observations/133523051	5aecbaf0-7db5-4433-8e37-3888125e54e3		num_identification_agreements								1										
https://inaturalist.org/observations/133523064	ca68c3c6-0d68-4129-8a88-accea110180b		num_identification_agreements								1										
https://inaturalist.org/observations/133523075	63a1f7f9-41ed-4974-833b-dac6681aa2c9		num_identification_agreements								1										
https://inaturalist.org/observations/148914809	7ee703d6-4558-4e1a-b676-2c880fa9d218		num_identification_agreements								3										
https://inaturalist.org/observations/148914810	e5dfd859-836f-4ff3-b06a-a0ac37069473		num_identification_agreements								2										
https://inaturalist.org/observations/149081823	d7f210ca-dd53-4851-9c62-9669ad9c0d66		num_identification_agreements								1										
https://inaturalist.org/observations/149082759	56222951-0b09-4fb0-b6fc-86a9483526fc		num_identification_agreements								1										
https://inaturalist.org/observations/149082773	14c23594-d307-45f2-b3b8-5595b1c9ab58		num_identification_agreements								1										
https://inaturalist.org/observations/149192451	e843fbbc-c05e-438e-94cd-6d6772e7b3f8		num_identification_agreements								2										
https://inaturalist.org/observations/149192452	ecac863a-782d-4a7d-8bfe-316f1e742fa1		num_identification_agreements								1										
https://inaturalist.org/observations/154053972	6bd6537d-4b43-45c4-b9db-b41cf3f21c29		num_identification_agreements								1										
https://inaturalist.org/observations/154054113	63963986-f0c1-4673-9ad3-15af5fdf0f7b		num_identification_agreements								2										
https://inaturalist.org/observations/156344569	fa80760d-fde8-497f-a92e-2b47168658c5		num_identification_agreements								1										
https://inaturalist.org/observations/156350270	5b552f88-6571-4c06-89df-5033982a9f92		num_identification_agreements								1										
https://inaturalist.org/observations/156353880	c6684ba3-7b9b-4798-bb36-e9f2bb1aad1a		num_identification_agreements								1										
https://inaturalist.org/observations/156354475	54449538-c271-4723-87fd-c2a3c7c92ab1		num_identification_agreements								2										
https://inaturalist.org/observations/156456035	bd107038-57b0-477e-baf2-8e0384f633cf		num_identification_agreements								1										
https://inaturalist.org/observations/156533848	339da841-92cf-4b41-8a9b-8ab226cb4b76		num_identification_agreements								1										
https://inaturalist.org/observations/156538938	45790b65-9060-4627-8729-1be54295676a		num_identification_agreements								1										
https://inaturalist.org/observations/156539298	efb2e55e-df36-465d-9c1e-641b37d91dc3		num_identification_agreements								2										
https://inaturalist.org/observations/156687663	bc960715-de91-4931-9049-13a7a698627b		num_identification_agreements								2										
https://inaturalist.org/observations/156689782	3c7a475f-11f9-4965-b033-eccd32e7a819		num_identification_agreements								2										
https://inaturalist.org/observations/156690572	daf21969-5053-48a9-9f4b-43e918a35136		num_identification_agreements								2										
https://inaturalist.org/observations/156693519	1416b14e-1d75-4523-926e-290300a03f77		num_identification_agreements								2										
https://inaturalist.org/observations/156694097	28bb0194-b5aa-47d9-8df5-a3de6b4a9314		num_identification_agreements								1										
https://inaturalist.org/observations/157316846	0dadb55e-f997-4781-9f18-6277ddf552d2		num_identification_agreements								2										
https://inaturalist.org/observations/157917246	8e92d868-be38-4691-b5ee-2195760412f3		num_identification_agreements								1										
https://inaturalist.org/observations/158681456	59b1393e-c42d-41a2-af1c-ae7a06562e16		num_identification_agreements								1										
https://inaturalist.org/observations/158681467	fb7f8e1a-d4e5-414d-b4e1-19d8fb21aa70		num_identification_agreements								1										
https://inaturalist.org/observations/159198724	17d79854-452f-4424-a7c8-e1821fa19098		num_identification_agreements								1										
https://inaturalist.org/observations/159198725	eb99985f-8ba8-4a7b-a6f1-dc68b780f80c		num_identification_agreements								1										
https://inaturalist.org/observations/159445195	a69b7f65-6225-4b9f-bb0d-a4c4fbfcca79		num_identification_agreements								1										
https://inaturalist.org/observations/159445196	8707dcbd-fda4-40c9-aed2-465b55af8a7b		num_identification_agreements								1										
https://inaturalist.org/observations/159505931	f2433df1-fcc7-4353-baf8-e19ce977e540		num_identification_agreements								1										
https://inaturalist.org/observations/159505932	50f285a4-3c13-40b1-b45a-653be4b4a95f		num_identification_agreements								1										
https://inaturalist.org/observations/159677313	d4363ade-1128-4dd4-a85d-1bab70325ede		num_identification_agreements								1										
https://inaturalist.org/observations/161734595	61b6b962-82c2-4ff9-bcad-dc2f052f513b		num_identification_agreements								1										
https://inaturalist.org/observations/161734596	7b4c6f91-dad4-425a-83bd-1bc86bf6db3c		num_identification_agreements								1										
https://inaturalist.org/observations/162786675	007d46ba-f6a4-4e92-bcfd-c262d38ac00f		num_identification_agreements								1										
https://inaturalist.org/observations/164887484	5269d833-e729-4185-8dce-a5f1a7a8eb91		num_identification_agreements								1										
https://inaturalist.org/observations/164887486	2463b7d7-59cc-4384-904b-cace3f2c2cf4		num_identification_agreements								1										
https://inaturalist.org/observations/164887488	0182e7bf-e068-46d2-a8b4-d90e0a0f020e		num_identification_agreements								1										
https://inaturalist.org/observations/164888040	7674e1da-1a85-4224-834b-4f81234e9d6e		num_identification_agreements								1										
https://inaturalist.org/observations/164888144	f598d65c-dc24-4434-9163-5dd11d84745b		num_identification_agreements								1										
https://inaturalist.org/observations/165800135	c2aaf5f5-2160-4f0b-a3d6-16d89ed4d398		num_identification_agreements								1										
https://inaturalist.org/observations/165800137	6ad6f297-7328-497a-99ed-d835eb039856		num_identification_agreements								1										
https://inaturalist.org/observations/165800143	2c6a2b31-26ff-4264-90a4-6af59e2bb2ce		num_identification_agreements								1										
https://inaturalist.org/observations/165800144	bf63b0db-9ace-4143-b922-a035daf8ea0e		num_identification_agreements								1										
https://inaturalist.org/observations/165800200	db36e2e4-8556-4455-90c1-c387c1f2592f		num_identification_agreements								2										
https://inaturalist.org/observations/168194702	dc8e4e58-9fef-4cb4-a6e2-a389ad25e00c		num_identification_agreements								2										
https://inaturalist.org/observations/170033049	81c29f35-c03d-461d-baaf-449da0f58175		num_identification_agreements								1										
https://inaturalist.org/observations/170033072	2dc91253-16e3-471e-8e72-ba69e4d3de52		num_identification_agreements								2										
https://inaturalist.org/observations/170033080	f7be82d5-431a-4954-abdb-18dc47be8cc8		num_identification_agreements								1										
https://inaturalist.org/observations/173154027	e7e8ae51-e134-4856-935a-b4a8c047468c		num_identification_agreements								1										
https://inaturalist.org/observations/173154146	8fe89abc-f517-49ae-b4da-4b87ba303690		num_identification_agreements								2										
https://inaturalist.org/observations/173155637	bcdf05e0-977b-4625-ad33-22d9a0974e1c		num_identification_agreements								1										
https://inaturalist.org/observations/173155762	ad7ce231-1f00-4767-8ffc-588662975ab4		num_identification_agreements								1										
https://inaturalist.org/observations/173155923	2925d8b3-13b9-447b-bcbd-db1d3aeb11b1		num_identification_agreements								1										
https://inaturalist.org/observations/173156133	5c90712c-b40a-4da5-bb52-51ef74451ac7		num_identification_agreements								1										
https://inaturalist.org/observations/181918519	66da4557-70cd-4671-9d14-a03d476d2877		num_identification_agreements								1										
https://inaturalist.org/observations/181918522	0e316c2d-e0c8-4324-9381-3ef09e1572e3		num_identification_agreements								1										
https://inaturalist.org/observations/181918523	8a067b2f-fd7f-4602-85d4-85e82b505fc1		num_identification_agreements								2										
https://inaturalist.org/observations/186112202	8c067a40-bd6e-467e-b570-c0a659c63cd4		num_identification_agreements								2										
https://inaturalist.org/observations/186112343	c9391b99-6ede-43c2-8c0d-a5f7a878e5b7		num_identification_agreements								1										
https://inaturalist.org/observations/186112454	54a1f722-bc7f-46d3-b427-4e0da68cbd3b		num_identification_agreements								1										
https://inaturalist.org/observations/186112533	2deae760-ee70-40eb-9550-5c3c5949a062		num_identification_agreements								1										
https://inaturalist.org/observations/187564314	0475dbeb-8390-48a8-8d7a-8fa32c7148ed		num_identification_agreements								1										
https://inaturalist.org/observations/187564322	7b4c7cce-de2b-48d6-a28b-4c79aeeca88f		num_identification_agreements								1										
https://inaturalist.org/observations/205761291	ceb02aac-7ab0-41d7-80d6-328123f2432f		num_identification_agreements								2										
https://inaturalist.org/observations/205761438	30f14852-bdb7-48d2-a10b-57e79945d5af		num_identification_agreements								1										
https://inaturalist.org/observations/205762108	2ba48054-af13-43f1-ac8b-3d4209f510dc		num_identification_agreements								1										
https://inaturalist.org/observations/205762416	31598701-d134-4e59-bf7a-cb70825ad352		num_identification_agreements								1										
https://inaturalist.org/observations/205762975	e9755891-125f-4cdf-a240-2fa8db3b6c7e		num_identification_agreements								1										
https://inaturalist.org/observations/205764658	1380e401-3703-4afa-ac54-153ad8560fe2		num_identification_agreements								1										
https://inaturalist.org/observations/219391473	ed22d50a-680a-4001-be8b-c77846fc6d40		num_identification_agreements								1										
https://inaturalist.org/observations/219631581	3e3e6468-9546-4b72-b316-d3f3f76fe896		num_identification_agreements								1										
https://inaturalist.org/observations/219631588	67765903-c333-4c30-b316-a78db1968257		num_identification_agreements								2										
https://inaturalist.org/observations/219631593	a38be225-9572-4ade-9a30-19664d9d917d		num_identification_agreements								1										
https://inaturalist.org/observations/219631600	0057adac-0372-421e-92d0-7c55e4c8546a		num_identification_agreements								1										
https://inaturalist.org/observations/219631601	3c45f8ba-c185-4471-869e-0564e7529b80		num_identification_agreements								1										
https://inaturalist.org/observations/222730325	1a61cc90-54b3-4b13-a85b-bdd87ee464ef		num_identification_agreements								1										
https://inaturalist.org/observations/222730341	d17fbcf3-8428-4565-8931-f0179f00650a		num_identification_agreements								1										
https://inaturalist.org/observations/222730348	c283babc-0c66-4df0-8a7e-4b5df592d1bf		num_identification_agreements								1										
https://inaturalist.org/observations/222730357	60a9a849-2767-48d7-b8f4-67d36932ae16		num_identification_agreements								1										
https://inaturalist.org/observations/1782033	93fa6854-98fc-4b8e-a6b1-92cdf623e08d		num_identification_disagreements								0										
https://inaturalist.org/observations/1784617	3bc09f50-daf9-44ff-b6cf-89ae8a2ffc5c		num_identification_disagreements								0										
https://inaturalist.org/observations/3069262	c6ea88d8-618b-4545-b3bf-e4aadb0c57fa		num_identification_disagreements								0										
https://inaturalist.org/observations/3069266	83d6e913-16b1-438a-8d6a-ba5eb2236b89		num_identification_disagreements								0										
https://inaturalist.org/observations/3073482	fbd4506d-ab36-4513-9671-d179d5a4931a		num_identification_disagreements								0										
https://inaturalist.org/observations/3687769	e29fd079-467c-46a7-ada0-7f1b882a4222		num_identification_disagreements								0										
https://inaturalist.org/observations/4639045	0eac60a8-ef97-4737-a6ca-9b1be38108f6		num_identification_disagreements								0										
https://inaturalist.org/observations/4995616	c358e179-abc3-4511-b441-44a4c0c96147		num_identification_disagreements								0										
https://inaturalist.org/observations/6159394	7d533047-19da-49d9-93ad-72f524ecd0e7		num_identification_disagreements								0										
https://inaturalist.org/observations/6166211	4c7d33a0-fd79-4ca1-83fd-f77414a2b316		num_identification_disagreements								0										
https://inaturalist.org/observations/12240678	fb244927-8bf3-4748-afd9-71b08ea887f0		num_identification_disagreements								0										
https://inaturalist.org/observations/12242261	1a843f91-6010-407e-839f-bb9b24414b5e		num_identification_disagreements								0										
https://inaturalist.org/observations/13762822	7fc4019a-f7e9-4274-a97f-72cbeab36e37		num_identification_disagreements								0										
https://inaturalist.org/observations/15384206	36db6a0b-e995-4c3c-928a-f9caf66004e5		num_identification_disagreements								0										
https://inaturalist.org/observations/16395158	33ded0d8-fdfa-42d7-a2e8-900434eb19ab		num_identification_disagreements								0										
https://inaturalist.org/observations/16581786	a9e1b128-8192-487c-8900-d6c1137227eb		num_identification_disagreements								0										
https://inaturalist.org/observations/20211337	8a1493b7-b94d-4b79-a216-6837ec2c011a		num_identification_disagreements								0										
https://inaturalist.org/observations/21130200	81ce0c08-8ff9-4c10-a32a-aa5c552a4b7d		num_identification_disagreements								0										
https://inaturalist.org/observations/21230655	825e8edc-7f1f-4951-bb5c-15d62582bf19		num_identification_disagreements								0										
https://inaturalist.org/observations/21230656	3608cd02-3b5a-458a-9fde-ea45efc3a50a		num_identification_disagreements								0										
https://inaturalist.org/observations/21230791	2eaf81c7-557d-4e4a-833b-741bf8466c8a		num_identification_disagreements								0										
https://inaturalist.org/observations/21230828	345328cb-4438-4835-9fe1-f9545a85f8ec		num_identification_disagreements								0										
https://inaturalist.org/observations/21230894	9367fe02-6de7-438f-898d-762b30d311d3		num_identification_disagreements								0										
https://inaturalist.org/observations/21231224	88a2f492-4926-4d29-abb8-8a4be80b4be9		num_identification_disagreements								0										
https://inaturalist.org/observations/21231300	ca712ffa-62c1-4eb1-86ba-0b242038f1e9		num_identification_disagreements								0										
https://inaturalist.org/observations/21231360	467356ab-b0b2-413f-babf-0dd781bd91b5		num_identification_disagreements								0										
https://inaturalist.org/observations/21408606	f8e49511-9e42-4449-8df6-b6f82b6305a9		num_identification_disagreements								1										
https://inaturalist.org/observations/21829586	b690baf9-d718-4aa4-85f9-7888fcb4b36a		num_identification_disagreements								0										
https://inaturalist.org/observations/21830126	2782f1e5-dcfd-4e42-9cfe-ccee0c9705ca		num_identification_disagreements								0										
https://inaturalist.org/observations/21830225	e4f5669f-c492-488d-86a5-fb86bf4d660c		num_identification_disagreements								0										
https://inaturalist.org/observations/21830227	33f215d0-39d0-4408-a3d6-43df65649d75		num_identification_disagreements								0										
https://inaturalist.org/observations/21830343	e2e1bfe0-1fd5-479e-b745-99df9693e3c8		num_identification_disagreements								0										
https://inaturalist.org/observations/21830467	007ca532-528a-46f2-9f6a-a09181037416		num_identification_disagreements								0										
https://inaturalist.org/observations/21830553	ae163f17-d49c-47f7-9abd-f05db82bf4bb		num_identification_disagreements								0										
https://inaturalist.org/observations/21830569	0f1d9757-7f73-48de-a4e2-7a44434661f7		num_identification_disagreements								0										
https://inaturalist.org/observations/21830573	b532986b-f1ca-4409-ad4c-b9e84330f6e3		num_identification_disagreements								0										
https://inaturalist.org/observations/21830578	3a0378ba-7b49-40be-aa58-ce49303de0d7		num_identification_disagreements								0										
https://inaturalist.org/observations/21830589	a406ca2d-7cf3-4fd8-8c58-776828bdab8e		num_identification_disagreements								0										
https://inaturalist.org/observations/21830673	e66e73c7-ef85-4172-af29-fbdcb1aaf9bd		num_identification_disagreements								0										
https://inaturalist.org/observations/21830698	b378d848-6c0b-459e-bcf5-d7e82a236a12		num_identification_disagreements								0										
https://inaturalist.org/observations/21830707	5ee594d5-ca42-4c6e-9d77-edb009678f17		num_identification_disagreements								0										
https://inaturalist.org/observations/21830717	3db126bb-9c4c-4060-9101-39ed496364e8		num_identification_disagreements								0										
https://inaturalist.org/observations/21830798	2c23978f-64d1-42e9-8107-20ab7db3f472		num_identification_disagreements								0										
https://inaturalist.org/observations/21831083	416725ee-b7d1-421c-849b-42968a863527		num_identification_disagreements								0										
https://inaturalist.org/observations/21831093	d0a36d1e-25d3-4c83-899e-fc349a9a12ac		num_identification_disagreements								0										
https://inaturalist.org/observations/21832623	1ece97a0-2640-44ca-a740-b1edff0a4499		num_identification_disagreements								0										
https://inaturalist.org/observations/21832630	9e479504-089d-4652-af10-8f2841048cae		num_identification_disagreements								0										
https://inaturalist.org/observations/21832683	79bf5dbf-206c-4736-ba6d-6f3ad9df79c9		num_identification_disagreements								0										
https://inaturalist.org/observations/21832844	67591fa5-85a0-4a67-9517-c57f46606ae4		num_identification_disagreements								0										
https://inaturalist.org/observations/21832858	f3d39856-87ad-476c-b37b-24a3af473ce1		num_identification_disagreements								1										
https://inaturalist.org/observations/21832904	d922277d-9234-4348-8246-abc3dae76dc5		num_identification_disagreements								0										
https://inaturalist.org/observations/21832908	d6cfa031-8498-4edb-9724-75e6ecf26b26		num_identification_disagreements								0										
https://inaturalist.org/observations/21833125	e7ade72c-fd1f-4b3f-8c3d-20837a6bb452		num_identification_disagreements								0										
https://inaturalist.org/observations/21833136	25f80f17-4ca4-4b83-9b39-8d746f1790f1		num_identification_disagreements								0										
https://inaturalist.org/observations/21833141	8f70837f-d87d-4893-b1ab-ffc2c3125ae7		num_identification_disagreements								0										
https://inaturalist.org/observations/21833325	809ec35c-fb61-49ef-bae2-b6ecaedb6ec7		num_identification_disagreements								0										
https://inaturalist.org/observations/21922014	8860a7b9-cfbd-4667-88eb-76cc9760678d		num_identification_disagreements								0										
https://inaturalist.org/observations/21922016	e7ef304a-6a06-4c12-b1c1-b2b2ca243a83		num_identification_disagreements								0										
https://inaturalist.org/observations/21922025	0f248ade-43d0-443f-b601-67eb4429d750		num_identification_disagreements								0										
https://inaturalist.org/observations/21922029	f7d2437c-7cfc-4854-b103-3ac688f7870e		num_identification_disagreements								0										
https://inaturalist.org/observations/21922031	59f95081-b02e-43ec-abcf-7bc4c5f510b7		num_identification_disagreements								0										
https://inaturalist.org/observations/21922042	5c467446-4913-4f73-bf26-8e946601ace9		num_identification_disagreements								0										
https://inaturalist.org/observations/21922050	8c786b1c-d756-4f84-9d79-2116601f7cec		num_identification_disagreements								0										
https://inaturalist.org/observations/21922052	6d24e55a-569a-4eeb-905a-bde3c3ebcdfe		num_identification_disagreements								0										
https://inaturalist.org/observations/21922053	729773e8-6845-4e84-9cf7-edf97eae32f4		num_identification_disagreements								0										
https://inaturalist.org/observations/21922054	090e73ba-b3f0-425d-8b15-63ce3c4f1f60		num_identification_disagreements								0										
https://inaturalist.org/observations/21922056	b2e171d7-e040-4852-a487-202f715bd036		num_identification_disagreements								0										
https://inaturalist.org/observations/21922058	0d454475-3869-4f75-ae31-942652e26700		num_identification_disagreements								0										
https://inaturalist.org/observations/21922062	55219533-823e-4401-a63a-7f9335a1a544		num_identification_disagreements								0										
https://inaturalist.org/observations/21922064	f820cfad-ffb5-4043-945f-b9c76fbc3d6f		num_identification_disagreements								0										
https://inaturalist.org/observations/21922871	3780f22b-b475-4e6e-8fe6-ea522fbd0a85		num_identification_disagreements								0										
https://inaturalist.org/observations/21923258	dfaa3f94-dd21-4654-8cd3-7ebec7770a47		num_identification_disagreements								0										
https://inaturalist.org/observations/22216772	adbe4287-8f4e-407a-ba5b-b9953daa8150		num_identification_disagreements								0										
https://inaturalist.org/observations/22388078	893cd903-9299-4620-9b7f-fe2bb4070d16		num_identification_disagreements								0										
https://inaturalist.org/observations/22388125	fb93b907-02bb-4fcc-9a18-087e585a7946		num_identification_disagreements								0										
https://inaturalist.org/observations/22446703	d4de7354-4777-423b-8545-d03a618da22c		num_identification_disagreements								0										
https://inaturalist.org/observations/22446730	bc1f29f2-58bc-4ec0-8926-ba7ae86f23fe		num_identification_disagreements								0										
https://inaturalist.org/observations/22446743	897becca-71e1-4506-98c3-a2f2d6b6973e		num_identification_disagreements								0										
https://inaturalist.org/observations/22446771	40ef3d50-5419-4996-a280-0be3af7f5ac3		num_identification_disagreements								0										
https://inaturalist.org/observations/22446828	b7450e90-f55b-4506-864b-d149358d2f8c		num_identification_disagreements								0										
https://inaturalist.org/observations/22498022	a3173311-0262-456f-9298-a30cbee7cf28		num_identification_disagreements								0										
https://inaturalist.org/observations/22498042	58054151-bf20-4b04-bb81-6c2a5fc74cce		num_identification_disagreements								0										
https://inaturalist.org/observations/22664221	2c57e253-d27e-4dd8-8cc2-c279c40b5f4c		num_identification_disagreements								0										
https://inaturalist.org/observations/22664243	a1470301-807a-4821-afcd-b2529d1f2a2a		num_identification_disagreements								0										
https://inaturalist.org/observations/22854528	dffea239-42bd-466f-a4cd-56fcd083546c		num_identification_disagreements								0										
https://inaturalist.org/observations/22854569	a69c2f66-36c1-4339-ac2d-d582cde3ed6b		num_identification_disagreements								0										
https://inaturalist.org/observations/22868884	49ad9e1a-2b4f-4541-88a5-5cc5ae9849a9		num_identification_disagreements								0										
https://inaturalist.org/observations/22868889	26029e73-9cbd-466f-9567-82a5ba562cab		num_identification_disagreements								0										
https://inaturalist.org/observations/22868902	828bd240-d983-42df-aefd-87c784b5278d		num_identification_disagreements								0										
https://inaturalist.org/observations/22868908	5c2437a7-3cba-4b2a-a228-50b776c6b125		num_identification_disagreements								0										
https://inaturalist.org/observations/22868969	110a012f-1806-4546-880d-4d9fe605ef40		num_identification_disagreements								0										
https://inaturalist.org/observations/22868985	bd087b0d-15e3-476a-b94f-1f52074e08b5		num_identification_disagreements								0										
https://inaturalist.org/observations/22869000	6ee113c1-b059-4156-b9a7-383f462f22f5		num_identification_disagreements								0										
https://inaturalist.org/observations/22869007	b2a81bce-8038-41db-935f-f3734299eaf3		num_identification_disagreements								0										
https://inaturalist.org/observations/22869012	d8fe5043-f7d3-4941-9cdd-15ba83be5e7d		num_identification_disagreements								0										
https://inaturalist.org/observations/22869017	70c4e144-35c9-400a-a945-0de1e15b294d		num_identification_disagreements								0										
https://inaturalist.org/observations/22869022	7668d622-d0aa-4758-b31a-5aecc89e322c		num_identification_disagreements								0										
https://inaturalist.org/observations/22869076	e0a20861-ffee-4163-9b7c-faa569968f63		num_identification_disagreements								0										
https://inaturalist.org/observations/22869084	e9e6d497-c9d6-4e13-a280-d77ce0ed2e10		num_identification_disagreements								0										
https://inaturalist.org/observations/22869119	f5ba9c91-04c4-41fd-b61c-eec9a5c0b694		num_identification_disagreements								0										
https://inaturalist.org/observations/22869634	88b07f84-ddb8-4a7f-b8c7-3a3473b632e4		num_identification_disagreements								0										
https://inaturalist.org/observations/22869637	f920dcd7-b7f2-4258-90e3-64f636a291af		num_identification_disagreements								0										
https://inaturalist.org/observations/22869748	44c595bf-9dff-420d-8784-55a0493c8a65		num_identification_disagreements								0										
https://inaturalist.org/observations/22869938	77d66420-1341-477b-b8e8-c3446c1279f0		num_identification_disagreements								0										
https://inaturalist.org/observations/22869946	ec336218-047b-496c-9e1a-fb5651986930		num_identification_disagreements								0										
https://inaturalist.org/observations/22869956	24671d76-158e-48cb-8f12-cdbe27d8052c		num_identification_disagreements								0										
https://inaturalist.org/observations/22985596	ee153b2b-4d4f-4c65-a7e7-7c824c69cb99		num_identification_disagreements								0										
https://inaturalist.org/observations/22985599	121e061a-6e18-4852-894c-c826d6daabb8		num_identification_disagreements								0										
https://inaturalist.org/observations/22985611	ffade747-c061-4f9e-9434-fe6aea299e38		num_identification_disagreements								0										
https://inaturalist.org/observations/22985618	f63abe2e-408c-4896-ab7a-efe2d11ea458		num_identification_disagreements								0										
https://inaturalist.org/observations/22985620	ef008450-3e45-4f81-818e-f1a7f4b12de7		num_identification_disagreements								0										
https://inaturalist.org/observations/22985623	93510060-41a6-4f6d-bac3-5ed2675a6f41		num_identification_disagreements								0										
https://inaturalist.org/observations/22985628	cc74db49-52fd-4010-ab43-cf4e498ffdda		num_identification_disagreements								0										
https://inaturalist.org/observations/22985640	e25f0327-6a9a-4bce-9df6-2a8bfa8c4f77		num_identification_disagreements								0										
https://inaturalist.org/observations/22985653	f9ba59a3-57a6-4091-808e-623b280fec2e		num_identification_disagreements								0										
https://inaturalist.org/observations/22985680	5ec2673d-484c-48ea-8496-a0a606455e75		num_identification_disagreements								0										
https://inaturalist.org/observations/22985682	89002287-9187-460b-8876-1fb169cb004d		num_identification_disagreements								0										
https://inaturalist.org/observations/22985687	86138833-2e12-4600-8541-e8f2f403dbed		num_identification_disagreements								0										
https://inaturalist.org/observations/22985696	3701e575-0c29-4b64-b3d5-6e4a583e3fcd		num_identification_disagreements								0										
https://inaturalist.org/observations/22985720	bdf80ca0-6085-4469-96ac-f692686e6d58		num_identification_disagreements								0										
https://inaturalist.org/observations/22985733	6c7e4937-8ab6-4203-9bf2-0de915c37780		num_identification_disagreements								0										
https://inaturalist.org/observations/22985742	101fff07-9b7e-4114-b181-2832fc725742		num_identification_disagreements								0										
https://inaturalist.org/observations/22997581	ec1993d6-6604-4874-9ad1-cd05d0817e5e		num_identification_disagreements								0										
https://inaturalist.org/observations/22997604	60dbc00e-138f-4223-adb9-fa269c0629eb		num_identification_disagreements								0										
https://inaturalist.org/observations/22997709	bf8a25d0-e8f2-4d09-8693-3c112db6e233		num_identification_disagreements								0										
https://inaturalist.org/observations/22997724	975d6ba9-aebf-45fa-bf3c-87e91bb0d9ab		num_identification_disagreements								0										
https://inaturalist.org/observations/22997738	b3eb22b2-343a-45eb-9760-af2ff9899715		num_identification_disagreements								0										
https://inaturalist.org/observations/23038871	3ca382c4-1be2-48a7-8514-2d7842e36df4		num_identification_disagreements								0										
https://inaturalist.org/observations/23038876	11cd5bb7-4032-45ca-bc2e-54c32cb02532		num_identification_disagreements								0										
https://inaturalist.org/observations/23038929	fbaf0ee2-e17e-4bc8-a326-211d01c446bd		num_identification_disagreements								0										
https://inaturalist.org/observations/23038933	6a2fe8e6-399f-42f2-a194-10496647328a		num_identification_disagreements								0										
https://inaturalist.org/observations/23038978	2d2b5577-6ef4-4565-b6ff-957c0b5bd1dd		num_identification_disagreements								0										
https://inaturalist.org/observations/23038986	cdd0aa1c-5788-429d-bd72-3ae047385804		num_identification_disagreements								0										
https://inaturalist.org/observations/23038996	dd48bb15-7d11-4830-9bd6-ab23e44d5142		num_identification_disagreements								0										
https://inaturalist.org/observations/23039007	a6d229d3-301e-42f1-bbc8-a199677e409a		num_identification_disagreements								0										
https://inaturalist.org/observations/23039011	eba472bb-ff31-4888-a165-12c96063dc22		num_identification_disagreements								0										
https://inaturalist.org/observations/23039178	2ff3ee41-f9df-4cef-84e5-2a92e542b91e		num_identification_disagreements								0										
https://inaturalist.org/observations/23039182	dcf50bd0-2c6b-4b1b-ac8e-4e8423ca8958		num_identification_disagreements								0										
https://inaturalist.org/observations/23039231	40be15c1-e274-4115-a75b-0617eaa406af		num_identification_disagreements								0										
https://inaturalist.org/observations/23039233	e6316fb0-1094-4317-972e-8826426b88e6		num_identification_disagreements								0										
https://inaturalist.org/observations/23568632	bc1eeb9a-e623-4362-8aa4-653794a60175		num_identification_disagreements								0										
https://inaturalist.org/observations/24159404	48796bf6-84e1-42e9-9576-cac16fc0b745		num_identification_disagreements								0										
https://inaturalist.org/observations/24159405	2aa89ee7-4d87-4110-8f43-d9106252d913		num_identification_disagreements								0										
https://inaturalist.org/observations/24219094	550f9be3-262c-4629-a0f9-0d61692ab83d		num_identification_disagreements								0										
https://inaturalist.org/observations/24219808	d0e483cc-6846-495a-a1ce-e88c1de8a928		num_identification_disagreements								0										
https://inaturalist.org/observations/24422656	d849fdbb-7c28-4e7b-b0e1-e4144afcae43		num_identification_disagreements								0										
https://inaturalist.org/observations/24422818	026e92d1-aafe-4aed-9247-272ef055bdf1		num_identification_disagreements								1										
https://inaturalist.org/observations/24870841	9a739c55-90b7-4456-bae6-ea5b036743aa		num_identification_disagreements								0										
https://inaturalist.org/observations/24871198	8711ef37-c4f6-43cd-9082-3bc2f6ad3f81		num_identification_disagreements								0										
https://inaturalist.org/observations/25007382	75e62d55-4ba8-4aad-a141-2814ab0fbbb8		num_identification_disagreements								0										
https://inaturalist.org/observations/25007399	67078e6f-fa01-40e6-a344-191e8c5414e9		num_identification_disagreements								0										
https://inaturalist.org/observations/25007408	033ef776-e5ff-4106-821a-1dac3af0b54b		num_identification_disagreements								0										
https://inaturalist.org/observations/25007455	8b3452fd-974f-45f5-93df-a49c46aaf932		num_identification_disagreements								0										
https://inaturalist.org/observations/25088204	7ed607a5-734d-4919-a199-a8aed03a48cb		num_identification_disagreements								0										
https://inaturalist.org/observations/25088224	419eeba6-efee-4de9-928d-f3a19bb25f8e		num_identification_disagreements								0										
https://inaturalist.org/observations/25088352	03c1c722-7e90-4044-8221-8777b45031bc		num_identification_disagreements								0										
https://inaturalist.org/observations/25088358	13b46240-31a3-448f-82d1-78f16c2f005b		num_identification_disagreements								0										
https://inaturalist.org/observations/25088367	427d6468-65a4-4441-8aff-a7db654cefdb		num_identification_disagreements								0										
https://inaturalist.org/observations/25088551	48f15114-fff5-4658-8448-6ae71dcc6989		num_identification_disagreements								0										
https://inaturalist.org/observations/25090641	030629e2-dec0-42b6-a9e5-e32b71a0ff63		num_identification_disagreements								0										
https://inaturalist.org/observations/25090648	8eab6eba-dec8-464d-843f-849b7f0421b7		num_identification_disagreements								0										
https://inaturalist.org/observations/25090654	8375b801-7317-4f19-809c-f2e0a9e17bfb		num_identification_disagreements								0										
https://inaturalist.org/observations/25091963	d79202dc-9bd4-4666-87cc-87164e0dd4a9		num_identification_disagreements								0										
https://inaturalist.org/observations/25091971	a13bbda5-0cc7-4c70-bd01-69cd130fcdcb		num_identification_disagreements								0										
https://inaturalist.org/observations/25091982	5fd23ab6-0a5e-4c1f-a855-cd837454f019		num_identification_disagreements								0										
https://inaturalist.org/observations/25092038	e2a9ff51-3931-4e7a-983d-6a7ad74578c3		num_identification_disagreements								0										
https://inaturalist.org/observations/25092054	2bc1338f-585f-4616-aa63-daa95a7352f0		num_identification_disagreements								0										
https://inaturalist.org/observations/25092209	202481fb-bce3-48ca-9ed9-e86a26e384e0		num_identification_disagreements								0										
https://inaturalist.org/observations/25093091	58647c6b-3a8d-4895-ae43-dc5fa65c7d43		num_identification_disagreements								0										
https://inaturalist.org/observations/25093104	2e3a3d5f-a533-44be-8cdb-9d28d8083579		num_identification_disagreements								0										
https://inaturalist.org/observations/25093109	cc25af57-d8b5-43ff-919f-d2cd9e84b845		num_identification_disagreements								0										
https://inaturalist.org/observations/25093137	e73a076d-a7aa-498c-91cd-48d1c8274619		num_identification_disagreements								0										
https://inaturalist.org/observations/25093167	84b2304b-7483-4475-8393-42b6f0383353		num_identification_disagreements								0										
https://inaturalist.org/observations/25093174	0dcb68ce-4f3d-4cb8-ae76-e9b82bdc1430		num_identification_disagreements								0										
https://inaturalist.org/observations/25093182	3088e8c0-fdf3-4198-8447-ea29690f33db		num_identification_disagreements								0										
https://inaturalist.org/observations/25093190	37129814-549e-4930-ad8b-0b141c65e006		num_identification_disagreements								0										
https://inaturalist.org/observations/25093199	2020a6a5-42c9-424f-846a-7fb181949aaf		num_identification_disagreements								0										
https://inaturalist.org/observations/25093202	19268686-3e5e-4340-ba42-e8dc132cca9d		num_identification_disagreements								0										
https://inaturalist.org/observations/25093223	c5b5c75d-3719-49e4-8fd1-1d319f8d5e81		num_identification_disagreements								0										
https://inaturalist.org/observations/25093239	03a77712-b6e2-42c6-8c18-35eca0aa9181		num_identification_disagreements								0										
https://inaturalist.org/observations/25093349	351bbfd7-9b6b-4b21-b3a2-5089dd44853f		num_identification_disagreements								0										
https://inaturalist.org/observations/25093388	02871082-4a0f-4596-862f-f5cd04a07748		num_identification_disagreements								0										
https://inaturalist.org/observations/25093450	a28503be-a6fa-4496-8d32-7c27b4c1b6fd		num_identification_disagreements								0										
https://inaturalist.org/observations/25094356	5a877451-7698-482a-abf6-aed2ccb9952c		num_identification_disagreements								0										
https://inaturalist.org/observations/25094361	f2b92e57-84fe-43b1-bdfe-6891d6566ff3		num_identification_disagreements								0										
https://inaturalist.org/observations/25094367	442d4a7a-63a8-4482-912a-7a103f7204f4		num_identification_disagreements								0										
https://inaturalist.org/observations/25097498	233c3733-4230-49e6-8145-ca511e5d6635		num_identification_disagreements								0										
https://inaturalist.org/observations/25094394	da403d56-8132-4f1f-9922-027772f14eb9		num_identification_disagreements								0										
https://inaturalist.org/observations/25094410	2de0d91e-e369-40cd-857e-0f5012908a5a		num_identification_disagreements								0										
https://inaturalist.org/observations/25094429	014ed547-9973-41a7-bf6a-ea709ed76d1f		num_identification_disagreements								0										
https://inaturalist.org/observations/25094448	67640a9b-df2d-4f42-b546-278d3658ed07		num_identification_disagreements								0										
https://inaturalist.org/observations/25094725	251eee11-9d63-4556-817f-5795ce7d8274		num_identification_disagreements								0										
https://inaturalist.org/observations/25094744	2d6ca4b5-051a-4b5d-955b-309c3a24afb7		num_identification_disagreements								0										
https://inaturalist.org/observations/25095330	3c7ffb34-08fb-4edc-af27-1b432901f7d9		num_identification_disagreements								0										
https://inaturalist.org/observations/25095334	5df4d522-0dd8-4b70-8f2d-19c7067afbe0		num_identification_disagreements								0										
https://inaturalist.org/observations/25095338	82d2dc3c-67f3-43b4-89e1-9f3d42fe57a4		num_identification_disagreements								1										
https://inaturalist.org/observations/25095355	4ad1706c-05a5-4db5-8eff-fbc55c74d662		num_identification_disagreements								0										
https://inaturalist.org/observations/25095367	9283f67a-87c1-4e4b-8fd9-7de23e721e13		num_identification_disagreements								0										
https://inaturalist.org/observations/25095374	080739dd-e807-41a4-a0c3-1500f3f2a8fd		num_identification_disagreements								0										
https://inaturalist.org/observations/25095393	b0c1ba40-9d84-4157-b200-d8b22b79b9bd		num_identification_disagreements								0										
https://inaturalist.org/observations/25095440	863746b9-123c-4e3d-8a5a-751712668d54		num_identification_disagreements								0										
https://inaturalist.org/observations/25095451	f320fd2f-97de-4dd9-b55e-57a2299a7d86		num_identification_disagreements								0										
https://inaturalist.org/observations/25095488	6e24b2e1-7543-4c67-99a6-f8ae9b5d9320		num_identification_disagreements								0										
https://inaturalist.org/observations/25095500	2ed594ec-3974-4fef-bb73-abd6b135a3ae		num_identification_disagreements								0										
https://inaturalist.org/observations/25095533	3f193046-8cf7-4fdb-86cd-9c5fc02cb0ca		num_identification_disagreements								0										
https://inaturalist.org/observations/25095538	17cf9259-7023-42cd-ac7e-b9d4404151a0		num_identification_disagreements								0										
https://inaturalist.org/observations/25095541	f81abc67-ead8-4ec0-9569-303a8458f91e		num_identification_disagreements								0										
https://inaturalist.org/observations/25095547	e391f590-cc8c-4127-8c77-c14c10dc0373		num_identification_disagreements								0										
https://inaturalist.org/observations/25095552	952ce50c-f5c2-48cd-b83a-4e5d1bbe2828		num_identification_disagreements								0										
https://inaturalist.org/observations/25096027	583e6f48-63e6-4719-ab6a-ae506c2d2549		num_identification_disagreements								0										
https://inaturalist.org/observations/25096039	aa32adc7-3472-48be-8a15-909202f9f683		num_identification_disagreements								0										
https://inaturalist.org/observations/25096321	e34fc3c8-a04f-4a9a-beb6-b598293a4267		num_identification_disagreements								0										
https://inaturalist.org/observations/25096549	1f07224a-703b-451e-b688-60f98d3e14e7		num_identification_disagreements								0										
https://inaturalist.org/observations/25096551	2113413d-1ea6-49a8-bd3e-40369ef7f3d4		num_identification_disagreements								0										
https://inaturalist.org/observations/25096556	b6216478-4514-437d-9ee4-3d469b874453		num_identification_disagreements								0										
https://inaturalist.org/observations/25096560	d072637b-69c0-4771-a11d-138774f34b65		num_identification_disagreements								0										
https://inaturalist.org/observations/25096566	d565772e-419d-4bc0-88b9-cacb3d0c9e91		num_identification_disagreements								0										
https://inaturalist.org/observations/25096573	a1a5cf53-4609-45f2-84b8-626f68734c76		num_identification_disagreements								0										
https://inaturalist.org/observations/25096580	c33e0282-2e7b-4cd3-ba61-ee77601930fa		num_identification_disagreements								0										
https://inaturalist.org/observations/25096595	fe94b54d-983e-4d10-a300-013da49bda99		num_identification_disagreements								0										
https://inaturalist.org/observations/25096597	30d7d593-0759-4e2b-a573-6860e9664251		num_identification_disagreements								0										
https://inaturalist.org/observations/25096600	6a7c0740-9ff7-46e2-b8a8-612f9aaef7a5		num_identification_disagreements								0										
https://inaturalist.org/observations/25096617	4d511ca3-5be1-431e-8c65-5e737979d769		num_identification_disagreements								0										
https://inaturalist.org/observations/25096918	a043febc-3fa0-45bd-ba36-1ed3d7ea7acb		num_identification_disagreements								0										
https://inaturalist.org/observations/25096919	d5d657ac-4e3d-49d3-b222-e7b9a99706de		num_identification_disagreements								0										
https://inaturalist.org/observations/25096924	43d32f74-62e3-4c8b-a7b8-a409d4faa532		num_identification_disagreements								0										
https://inaturalist.org/observations/25096926	15223f9a-d4eb-4179-a4c0-1dc4aac3985c		num_identification_disagreements								0										
https://inaturalist.org/observations/25096933	d78ecfe2-1cc1-4dfc-8b14-262509e5cc40		num_identification_disagreements								0										
https://inaturalist.org/observations/25097259	4ae7b49a-60b8-4e80-b32c-59253dc3bb0b		num_identification_disagreements								0										
https://inaturalist.org/observations/25097264	7fd1d7c9-dfa7-48d9-846f-15fcdab37aa1		num_identification_disagreements								0										
https://inaturalist.org/observations/25097266	a8c9f22b-6c95-4782-9ebb-f5c68a97ce90		num_identification_disagreements								0										
https://inaturalist.org/observations/25097273	8b65959e-b4f4-4029-8f20-53c5e53f7aa1		num_identification_disagreements								0										
https://inaturalist.org/observations/25097277	2c4b5f9a-6620-4af5-a0a6-c25c1d30baa0		num_identification_disagreements								0										
https://inaturalist.org/observations/25097483	70420b7a-8bec-4097-9f7c-650b9784a44e		num_identification_disagreements								0										
https://inaturalist.org/observations/25097485	50a7393a-ee98-43c3-b7b7-2a19121c2894		num_identification_disagreements								1										
https://inaturalist.org/observations/25097494	96f019bd-f931-4d70-a50c-f13dd92a72e8		num_identification_disagreements								0										
https://inaturalist.org/observations/25097530	582627df-c146-4bd7-89f2-9476952bd7e4		num_identification_disagreements								0										
https://inaturalist.org/observations/25097552	9ceb4ab1-9b66-4ba4-9545-fbbcdf5371ee		num_identification_disagreements								0										
https://inaturalist.org/observations/25097588	3f897986-a327-45ff-a87f-d2b0dcc447ca		num_identification_disagreements								0										
https://inaturalist.org/observations/25097604	bf225c63-3aed-470e-a03b-aff74fc9a299		num_identification_disagreements								0										
https://inaturalist.org/observations/25097644	6f3a7205-b5d4-4ba1-89ee-b46c727ab463		num_identification_disagreements								0										
https://inaturalist.org/observations/25127228	1948cb7a-3392-412f-b8d2-a2122f6b715c		num_identification_disagreements								0										
https://inaturalist.org/observations/25285709	5851275d-c191-4e36-855c-447de20ce82c		num_identification_disagreements								0										
https://inaturalist.org/observations/25289187	72997eb7-49bb-4038-9822-4ebd1c4950e2		num_identification_disagreements								0										
https://inaturalist.org/observations/25297410	0f55a227-149a-4a15-913d-f093f1d602d7		num_identification_disagreements								0										
https://inaturalist.org/observations/25297427	a4973011-1adf-4a22-b984-97f41a2162b6		num_identification_disagreements								0										
https://inaturalist.org/observations/25541099	9255154b-3681-4415-858a-18f42c58e10b		num_identification_disagreements								0										
https://inaturalist.org/observations/25707476	a3ecb730-8646-400b-98cf-4ef006617d2d		num_identification_disagreements								0										
https://inaturalist.org/observations/25756405	340f971a-4b0b-43a9-bc14-7fa3f3460167		num_identification_disagreements								0										
https://inaturalist.org/observations/26425841	169b1362-01b0-4d31-b925-09506ab7deb5		num_identification_disagreements								0										
https://inaturalist.org/observations/26426040	a77344f0-f272-4601-851b-17ec36370198		num_identification_disagreements								0										
https://inaturalist.org/observations/26426363	69a87bdf-c3f9-4043-b70d-02aba38f9b47		num_identification_disagreements								0										
https://inaturalist.org/observations/26426390	fc342a13-0d8e-441c-8830-fbba0d0ce579		num_identification_disagreements								0										
https://inaturalist.org/observations/26426520	c9a65d88-1ac0-4b57-a4d7-9c4fb85755f6		num_identification_disagreements								0										
https://inaturalist.org/observations/26426981	e023b697-8df9-4fe1-8fce-bd07b8537c1b		num_identification_disagreements								0										
https://inaturalist.org/observations/26427044	d959cdc3-356d-4682-96a3-5ef50fe35899		num_identification_disagreements								0										
https://inaturalist.org/observations/26427069	8fc7f103-c747-44d5-ba32-b7b6365fdc20		num_identification_disagreements								0										
https://inaturalist.org/observations/26491105	1db4c567-4f4c-463c-8aea-5022f12b7719		num_identification_disagreements								0										
https://inaturalist.org/observations/26491137	e5b893a8-5f0c-405e-ba59-7af98a00799a		num_identification_disagreements								0										
https://inaturalist.org/observations/26491151	f0a86813-112c-45d8-a4a3-719788de9894		num_identification_disagreements								0										
https://inaturalist.org/observations/26491158	61933ffb-6452-47f3-b6e0-3653420af6c9		num_identification_disagreements								0										
https://inaturalist.org/observations/26491162	529ed735-ebbe-43fc-9935-4549093f2736		num_identification_disagreements								0										
https://inaturalist.org/observations/26491174	76030d4c-80ea-49d5-89bc-68346ae238ba		num_identification_disagreements								0										
https://inaturalist.org/observations/26491188	354303ad-0680-45f8-a433-5c06561d41d6		num_identification_disagreements								1										
https://inaturalist.org/observations/26491222	857940ef-a3ab-48eb-847f-1592ad3f091b		num_identification_disagreements								0										
https://inaturalist.org/observations/26491234	df4d3563-74df-4982-9468-e61f15cecf91		num_identification_disagreements								0										
https://inaturalist.org/observations/26491240	0c0a1567-98cc-4dec-a267-0fb8c4a181e1		num_identification_disagreements								0										
https://inaturalist.org/observations/26491249	87981545-c29a-46b8-bb7c-73194df506ee		num_identification_disagreements								0										
https://inaturalist.org/observations/26491259	74580f4f-a65b-4fdd-b238-d0556330b84f		num_identification_disagreements								0										
https://inaturalist.org/observations/26491268	80db549e-aed8-4dd4-b6a5-930592d6b059		num_identification_disagreements								0										
https://inaturalist.org/observations/26491298	39e27030-4a53-400d-97af-2e61ac68a27f		num_identification_disagreements								0										
https://inaturalist.org/observations/26491302	ac82a631-7b4b-4c94-9a47-0e47d96be29c		num_identification_disagreements								0										
https://inaturalist.org/observations/26491358	268a0671-04d3-4af5-953a-2e794ea6b2f9		num_identification_disagreements								0										
https://inaturalist.org/observations/26491489	c0303dd7-df27-4feb-a1cb-988519aceb1d		num_identification_disagreements								0										
https://inaturalist.org/observations/26525412	d03b9f7c-9ad7-4e16-8f47-9565b6f19970		num_identification_disagreements								0										
https://inaturalist.org/observations/26525421	def93a99-81f6-42d5-bfe4-773ef7e14fcb		num_identification_disagreements								0										
https://inaturalist.org/observations/26525428	0b8c267e-75ea-484f-8361-73bdffc8859a		num_identification_disagreements								0										
https://inaturalist.org/observations/26525445	c36c33e5-3b1c-4aca-90d5-872677313658		num_identification_disagreements								0										
https://inaturalist.org/observations/26525466	6f71cf0c-de75-4616-a35f-c1fc50ade5b3		num_identification_disagreements								0										
https://inaturalist.org/observations/26525490	06b56fbf-576f-45ec-b752-0dc66827d195		num_identification_disagreements								0										
https://inaturalist.org/observations/26535292	93a97a0a-3556-4cd7-88a4-42f3de2d303a		num_identification_disagreements								0										
https://inaturalist.org/observations/26535303	1517c822-66a4-4bf3-a908-9b4a8b6b29ba		num_identification_disagreements								0										
https://inaturalist.org/observations/26535350	ffc82f31-7df7-4877-a3ce-f9c65fa033ac		num_identification_disagreements								0										
https://inaturalist.org/observations/26535397	edf1222e-6013-4cd4-b832-154df9b2cbc3		num_identification_disagreements								0										
https://inaturalist.org/observations/26535406	3cedde9f-85a9-436f-a45e-9cd97522fd27		num_identification_disagreements								0										
https://inaturalist.org/observations/26535413	da23b85a-1eed-4007-ba43-3e72c18c8a2a		num_identification_disagreements								0										
https://inaturalist.org/observations/26535422	bf696428-d400-4018-b913-465068a9c43b		num_identification_disagreements								0										
https://inaturalist.org/observations/26535426	ceefd6cc-06f2-4311-a094-f3301f56326d		num_identification_disagreements								0										
https://inaturalist.org/observations/26535471	c0541090-4191-427f-be15-d84e8ee957c8		num_identification_disagreements								0										
https://inaturalist.org/observations/26535488	222dcc0f-30b2-470c-9a26-b9b4f68c8df9		num_identification_disagreements								0										
https://inaturalist.org/observations/26535491	8389e11d-800d-4baa-9f30-f5569d69964d		num_identification_disagreements								0										
https://inaturalist.org/observations/26535515	c2898a5c-bb1b-4d17-ab5a-b2e6ff4ecd9a		num_identification_disagreements								0										
https://inaturalist.org/observations/26535547	bf8429ab-4ecb-4d8e-82b8-907e154851f7		num_identification_disagreements								0										
https://inaturalist.org/observations/26535554	a7c85bbd-8d81-4cc3-9def-c5945a0f92df		num_identification_disagreements								0										
https://inaturalist.org/observations/26535567	74cc5d5a-0b44-46dd-b700-3d29348de649		num_identification_disagreements								0										
https://inaturalist.org/observations/26535747	8b550a7e-fe9c-484f-9d49-0b72e0b4b7b1		num_identification_disagreements								0										
https://inaturalist.org/observations/26535760	94573d31-1ab7-434c-bddb-09b40aabe38c		num_identification_disagreements								0										
https://inaturalist.org/observations/26535766	8e27ceb1-9c53-4a77-8ec1-25b2b1857438		num_identification_disagreements								0										
https://inaturalist.org/observations/26535767	fbbd3d08-5365-4e23-8200-cf8a14e1e386		num_identification_disagreements								0										
https://inaturalist.org/observations/26535773	7bc1f218-c2cb-4c1f-aa43-9ca2c7fb83a0		num_identification_disagreements								0										
https://inaturalist.org/observations/26535863	55a346ad-d6e3-489e-b077-03565fa64af6		num_identification_disagreements								0										
https://inaturalist.org/observations/26535917	e069c728-e5a3-4c35-9553-9e6351bad3e2		num_identification_disagreements								0										
https://inaturalist.org/observations/26535923	f98b18c7-1bc0-43f9-8cd7-437f6483afa2		num_identification_disagreements								0										
https://inaturalist.org/observations/26535928	370ceb19-3c18-4e46-9086-2d77567e2332		num_identification_disagreements								0										
https://inaturalist.org/observations/26535934	dc6f7424-4b49-48f8-97b9-d1c4101f97de		num_identification_disagreements								0										
https://inaturalist.org/observations/26535938	6c5571a3-3f18-4952-a53a-e3bdb9fe6d46		num_identification_disagreements								0										
https://inaturalist.org/observations/26535948	3212f33b-f5c8-46a3-b3f1-052a17592a66		num_identification_disagreements								0										
https://inaturalist.org/observations/26535953	699be201-758b-4fc8-854d-6461126c0bce		num_identification_disagreements								0										
https://inaturalist.org/observations/26535959	d47df693-9912-4981-9cf1-77d3d9922aed		num_identification_disagreements								0										
https://inaturalist.org/observations/26535963	068fd4ff-9bdf-4fb1-85c3-c0f415b133c1		num_identification_disagreements								0										
https://inaturalist.org/observations/26535969	749154fe-0d7d-4ef9-aef6-d2bf29cd4874		num_identification_disagreements								0										
https://inaturalist.org/observations/26536111	d5626145-9c00-4947-b5f3-0216aec6e123		num_identification_disagreements								0										
https://inaturalist.org/observations/26536120	2c00683b-5106-4b3f-ad21-29901fed0192		num_identification_disagreements								0										
https://inaturalist.org/observations/26536279	9c377e1d-b07e-4c7c-b23f-a07e478e3a6b		num_identification_disagreements								0										
https://inaturalist.org/observations/26536300	93dc4759-2b3c-4f6f-a327-44ea2cc25e0b		num_identification_disagreements								0										
https://inaturalist.org/observations/26536321	7f1fb685-3245-482f-afa7-5f75f7798107		num_identification_disagreements								0										
https://inaturalist.org/observations/26536337	3584c260-b5c8-431c-bb37-0d7bd42a18e1		num_identification_disagreements								0										
https://inaturalist.org/observations/26536361	6bf33ee8-7ef1-4399-af79-36fcee57c064		num_identification_disagreements								0										
https://inaturalist.org/observations/26536369	e1aa2d3f-60c7-4621-b0fd-4dc35e6b26a8		num_identification_disagreements								0										
https://inaturalist.org/observations/26536387	14c81947-9e16-4eca-a133-4fc711163d88		num_identification_disagreements								0										
https://inaturalist.org/observations/26536396	702fab1c-d3d9-4707-a6f9-3acc1b05b7ec		num_identification_disagreements								0										
https://inaturalist.org/observations/26536409	920fd7a2-5dd6-49b1-a24d-8dfbea94c459		num_identification_disagreements								0										
https://inaturalist.org/observations/26536540	ed26b675-e280-42a7-a207-be959fcf78dd		num_identification_disagreements								0										
https://inaturalist.org/observations/26536548	4e9ca9b0-c43c-4968-8910-c8b1ef229a4b		num_identification_disagreements								0										
https://inaturalist.org/observations/26536559	2ed48dd8-79f6-4122-9741-c7a849b86dce		num_identification_disagreements								0										
https://inaturalist.org/observations/26536570	a10352d9-31c6-4627-90aa-acbf01b3cd76		num_identification_disagreements								0										
https://inaturalist.org/observations/26536572	b67d4b30-a074-4e60-954f-fd26765d926f		num_identification_disagreements								0										
https://inaturalist.org/observations/26536581	0431d28e-d0d8-4a0a-8c1f-baa0aa5419f3		num_identification_disagreements								0										
https://inaturalist.org/observations/28219640	92ae48ad-559c-4500-8c0d-b62c08fa5796		num_identification_disagreements								0										
https://inaturalist.org/observations/26536585	42baae21-65f6-452e-a25f-0cbe0696395a		num_identification_disagreements								0										
https://inaturalist.org/observations/26536591	5fb04bcb-d528-46be-a62d-0185a246712a		num_identification_disagreements								0										
https://inaturalist.org/observations/26536595	a8e0610c-2e7f-4ba2-a992-6c3cda68b285		num_identification_disagreements								0										
https://inaturalist.org/observations/26536603	4716e0ab-1945-4c66-9eed-2509700234af		num_identification_disagreements								0										
https://inaturalist.org/observations/26536615	fadf3624-09c1-41a5-a8c0-144e554a4736		num_identification_disagreements								0										
https://inaturalist.org/observations/26536620	ad28a638-27ad-4fd3-b6b9-e69215c9fad3		num_identification_disagreements								0										
https://inaturalist.org/observations/26536623	115175b0-a760-46f5-a4af-500f1de88b1e		num_identification_disagreements								0										
https://inaturalist.org/observations/26536627	2959e784-fc51-4fe3-9983-e13c30ca0848		num_identification_disagreements								0										
https://inaturalist.org/observations/26536630	95d25b84-34dc-4cd9-a0d4-875c4186a9ea		num_identification_disagreements								0										
https://inaturalist.org/observations/26569967	8963ff03-ba07-4fbb-ae0c-dcf070898734		num_identification_disagreements								0										
https://inaturalist.org/observations/26757779	aea98869-6a7d-41c3-b2b9-af18defa2853		num_identification_disagreements								0										
https://inaturalist.org/observations/27096051	e6f0c976-8061-4cfa-8ae5-a591df98f944		num_identification_disagreements								0										
https://inaturalist.org/observations/27453569	22aa5f4d-1266-4815-81b0-a3fb84e42ed5		num_identification_disagreements								0										
https://inaturalist.org/observations/27454713	d8a8cadf-15dc-4001-a7dc-6c30ea6a3353		num_identification_disagreements								0										
https://inaturalist.org/observations/27455139	5e7b506e-184d-4fbe-8e6f-a14313a70aec		num_identification_disagreements								0										
https://inaturalist.org/observations/27457501	08ef0260-675f-48d6-a8e3-ff3bce060064		num_identification_disagreements								0										
https://inaturalist.org/observations/27577435	ede46c2f-77b4-4946-979e-c927643fe46b		num_identification_disagreements								0										
https://inaturalist.org/observations/28219493	4a013914-591c-4455-96f3-e1b4ede43516		num_identification_disagreements								0										
https://inaturalist.org/observations/28219521	6595c993-2bd8-4874-b3b6-0a423b6202bc		num_identification_disagreements								0										
https://inaturalist.org/observations/28219541	23479994-c767-45d7-b10e-0ca3e063eb25		num_identification_disagreements								0										
https://inaturalist.org/observations/28219542	75d60c81-1542-4f1d-a35d-d871f7574a8f		num_identification_disagreements								0										
https://inaturalist.org/observations/28219544	d287687c-4a5c-47b9-bc76-5564f438cc79		num_identification_disagreements								0										
https://inaturalist.org/observations/28219559	a4ab8717-858f-4c6b-a795-cc405da8689a		num_identification_disagreements								0										
https://inaturalist.org/observations/28219564	4d6040d8-8c89-4cd4-acfc-9dc999d547dc		num_identification_disagreements								0										
https://inaturalist.org/observations/28219576	a27d931c-d84c-477a-913d-ea2eed39f235		num_identification_disagreements								0										
https://inaturalist.org/observations/28219610	1de21186-da26-44fd-b936-4ecb1e711020		num_identification_disagreements								0										
https://inaturalist.org/observations/28219874	3929f3cf-5207-4f5e-aa3e-f51a7ab1af83		num_identification_disagreements								0										
https://inaturalist.org/observations/28219880	f3325399-b02d-4322-917b-4db4e7d34e95		num_identification_disagreements								0										
https://inaturalist.org/observations/28219882	4d576a4e-8af8-48b4-9340-dcc23eecbf36		num_identification_disagreements								0										
https://inaturalist.org/observations/28219996	b28e34b4-bf13-40fd-b73e-962fc249b05e		num_identification_disagreements								0										
https://inaturalist.org/observations/28220030	485495cb-2ce0-4986-b4a9-361aa413b60d		num_identification_disagreements								0										
https://inaturalist.org/observations/28220036	687c501f-fc48-42ea-801f-1e976f6fe26d		num_identification_disagreements								0										
https://inaturalist.org/observations/28220080	dd865533-1eed-4783-95f0-a3e0529fb88e		num_identification_disagreements								0										
https://inaturalist.org/observations/28220083	6fd6bdcd-325d-4c68-8037-a6ce8638a155		num_identification_disagreements								0										
https://inaturalist.org/observations/28220585	8df8abdb-422f-4ba0-802a-3069e1f3935e		num_identification_disagreements								0										
https://inaturalist.org/observations/28220595	a0651090-33f1-4f7a-8dc8-92f6893e9b76		num_identification_disagreements								0										
https://inaturalist.org/observations/28229363	08cb1725-adfc-40b3-89e5-b0d0d8b308ff		num_identification_disagreements								0										
https://inaturalist.org/observations/28229586	353bd3f1-2be0-4e71-84a2-132831730fbc		num_identification_disagreements								0										
https://inaturalist.org/observations/28229594	29a8c693-25e7-4717-9b70-4d0528d4b5d0		num_identification_disagreements								0										
https://inaturalist.org/observations/28229681	5dac58b6-307a-431a-a3f9-dd6479b37222		num_identification_disagreements								0										
https://inaturalist.org/observations/28229691	7687600b-08a4-442e-9636-bcd10122bfc9		num_identification_disagreements								0										
https://inaturalist.org/observations/28229793	07217bb5-ef74-4a56-a7f6-1d54a98061f1		num_identification_disagreements								0										
https://inaturalist.org/observations/28229815	b6b55a10-4d45-431e-9342-3f7b1b567a85		num_identification_disagreements								0										
https://inaturalist.org/observations/28229916	d956de6a-441a-478b-a3cd-785420015e8d		num_identification_disagreements								0										
https://inaturalist.org/observations/28230186	b75e26f4-2070-43d9-9810-8911f556437b		num_identification_disagreements								0										
https://inaturalist.org/observations/28230193	c598bb66-b47f-4944-8bd3-a928ddf976e3		num_identification_disagreements								0										
https://inaturalist.org/observations/28251971	dfbd0281-ffe1-43bf-aba4-79dab992b36a		num_identification_disagreements								0										
https://inaturalist.org/observations/28251979	fa3c1a1d-877e-49d0-8cc8-c93387c019dd		num_identification_disagreements								0										
https://inaturalist.org/observations/28252022	e841e7f4-b1c5-493d-8285-17c21b213f82		num_identification_disagreements								0										
https://inaturalist.org/observations/28252029	cff61218-bcb4-40f3-b7f0-8be5fe31ae1b		num_identification_disagreements								0										
https://inaturalist.org/observations/28252301	4db35f75-5667-4a5d-85d4-e7c9d6ffded8		num_identification_disagreements								0										
https://inaturalist.org/observations/28252322	ec7e018d-ac02-4722-be32-ab955f13939f		num_identification_disagreements								0										
https://inaturalist.org/observations/28252356	17049075-d4fa-43d8-87e2-bfb41225655f		num_identification_disagreements								0										
https://inaturalist.org/observations/28253138	3f80158d-f962-483c-8ec1-d2203948e102		num_identification_disagreements								0										
https://inaturalist.org/observations/33922708	6472c79b-3db7-4390-926b-b0a0ed1fbfea		num_identification_disagreements								0										
https://inaturalist.org/observations/33922720	c13e5c5d-5b22-4e82-a7a2-7ed8c1f21a84		num_identification_disagreements								0										
https://inaturalist.org/observations/33922721	f778cd66-207e-4980-b7d1-878597f78053		num_identification_disagreements								0										
https://inaturalist.org/observations/33924279	4ca89e35-bec3-48ce-b820-067dbbcb369d		num_identification_disagreements								0										
https://inaturalist.org/observations/33924281	e8c3efe9-4e94-4f4d-9f4d-e76a4bff7d9c		num_identification_disagreements								0										
https://inaturalist.org/observations/33924282	a3c214a2-f08d-4b8c-8126-b1a50279ec17		num_identification_disagreements								0										
https://inaturalist.org/observations/33924284	d5491cdc-948d-43e7-aaff-4444da7051a3		num_identification_disagreements								1										
https://inaturalist.org/observations/33924285	0a1fe731-6103-48d5-844a-4fe6c456568a		num_identification_disagreements								0										
https://inaturalist.org/observations/33924291	32ac9583-84e3-48a5-be13-e2001779e068		num_identification_disagreements								0										
https://inaturalist.org/observations/33924294	76885b46-d541-4a12-aabc-dc3f14bf86ca		num_identification_disagreements								0										
https://inaturalist.org/observations/33924302	659d75bf-2c85-4b23-b0a8-67d416acf4df		num_identification_disagreements								0										
https://inaturalist.org/observations/33924303	86aa879e-3ff5-4b26-b48e-fe420278f64f		num_identification_disagreements								0										
https://inaturalist.org/observations/33924305	1d882de8-7708-4b4a-a6c7-f5010b993748		num_identification_disagreements								1										
https://inaturalist.org/observations/33924309	21da5bfc-ab51-4254-8862-b747cd8e7653		num_identification_disagreements								0										
https://inaturalist.org/observations/33924310	b05e6fa7-15b4-420e-b6f3-676e7f398b9f		num_identification_disagreements								0										
https://inaturalist.org/observations/33924311	a9ed923f-14b9-4243-a3ab-38bac95c3c41		num_identification_disagreements								0										
https://inaturalist.org/observations/35834168	962d5b93-20df-4469-94af-bd146c81e527		num_identification_disagreements								0										
https://inaturalist.org/observations/36452170	536dc162-c926-4d9c-af70-4fb69bf48c5d		num_identification_disagreements								0										
https://inaturalist.org/observations/36452177	dc97c528-68f5-45cd-862a-28f8b452d6a4		num_identification_disagreements								0										
https://inaturalist.org/observations/38619803	a556b6cd-449f-43fd-9fab-d7c3d3682eca		num_identification_disagreements								0										
https://inaturalist.org/observations/38619807	cf6ffe82-e874-49b8-82d6-eebdf99a5f02		num_identification_disagreements								0										
https://inaturalist.org/observations/38619879	4964ee4b-813f-44ed-9b0b-92cc40c0a0ae		num_identification_disagreements								0										
https://inaturalist.org/observations/41081802	2931525b-35e2-4172-95f4-9c9992ea0415		num_identification_disagreements								0										
https://inaturalist.org/observations/41091486	6e46a579-a681-421d-a59e-d9cfcb8d510a		num_identification_disagreements								0										
https://inaturalist.org/observations/41091525	1763fa15-7286-4799-b870-349a194b7571		num_identification_disagreements								0										
https://inaturalist.org/observations/42976774	21e45eb2-e354-4740-b9fc-bba753ad693d		num_identification_disagreements								0										
https://inaturalist.org/observations/44389836	db33e33e-36a2-4d31-b913-6585e4301cca		num_identification_disagreements								0										
https://inaturalist.org/observations/44394170	547e2ebf-a821-4c90-b00a-e60b9b36e81c		num_identification_disagreements								0										
https://inaturalist.org/observations/44394171	0af427e6-1b7e-4a14-80bc-9b1f443baa5a		num_identification_disagreements								0										
https://inaturalist.org/observations/44394179	c4ce5d0b-e852-4ebb-b2d4-8d1bb5f86519		num_identification_disagreements								0										
https://inaturalist.org/observations/44410547	7380b802-97c7-45fe-a1a8-fae3615b8f14		num_identification_disagreements								0										
https://inaturalist.org/observations/45719519	84e3ee8f-85ad-4002-bdfd-7fdeeafce5bc		num_identification_disagreements								0										
https://inaturalist.org/observations/45724255	758b7f36-8771-4e3f-a80f-8d7103e78d16		num_identification_disagreements								0										
https://inaturalist.org/observations/45916411	b3e12113-3954-4da0-b247-0e3bb56ee6c7		num_identification_disagreements								0										
https://inaturalist.org/observations/47182802	f1a12cea-3f92-43f2-a0d5-60a59f080f13		num_identification_disagreements								0										
https://inaturalist.org/observations/48048566	d4202406-c5ce-4ac1-a7fa-43fe074ab073		num_identification_disagreements								0										
https://inaturalist.org/observations/48048567	6f338671-f691-4fb6-bb73-2cada322b749		num_identification_disagreements								0										
https://inaturalist.org/observations/48850969	28ec96f6-dca6-4274-a276-fe3baec763f6		num_identification_disagreements								0										
https://inaturalist.org/observations/48854815	7b633279-2dbd-4d19-81bc-9633ed7042c5		num_identification_disagreements								0										
https://inaturalist.org/observations/49188625	3a3ce3e6-cd78-4448-b1f2-8d4a3728d6b4		num_identification_disagreements								1										
https://inaturalist.org/observations/49188626	b80fff0a-30a5-4f77-8e35-d8a79080aa44		num_identification_disagreements								0										
https://inaturalist.org/observations/49188627	762867cb-1d80-4013-b946-a503793ad7f4		num_identification_disagreements								0										
https://inaturalist.org/observations/49188630	501c20e6-a9d1-4af2-836a-8fe2093864e3		num_identification_disagreements								0										
https://inaturalist.org/observations/49188631	dd1384ee-9038-443e-971a-90b62b268909		num_identification_disagreements								0										
https://inaturalist.org/observations/49188633	3c9c59dc-3f2b-4446-a739-f727553d3d69		num_identification_disagreements								0										
https://inaturalist.org/observations/49868225	f14fa346-763f-4ca0-8e75-9b27e927be09		num_identification_disagreements								0										
https://inaturalist.org/observations/49868227	1ddfb8d9-7e95-4183-997c-df607b736d7b		num_identification_disagreements								0										
https://inaturalist.org/observations/49869625	88c1dee7-a8da-4628-b821-06f240ff0994		num_identification_disagreements								0										
https://inaturalist.org/observations/49869646	602faaf8-9919-495b-8c97-64a96580d17b		num_identification_disagreements								0										
https://inaturalist.org/observations/50060746	1f2ddb16-a1f1-4b5d-9d8c-d7d0243e5472		num_identification_disagreements								0										
https://inaturalist.org/observations/50060758	d3c0b8c7-746e-402d-936c-79b9ef249a42		num_identification_disagreements								0										
https://inaturalist.org/observations/50200335	a4a0d84b-04d4-44fd-b727-d36d36bdf8e8		num_identification_disagreements								0										
https://inaturalist.org/observations/50306182	8cfd9988-bc12-4cb6-92cb-78129fb91f1e		num_identification_disagreements								0										
https://inaturalist.org/observations/50306183	297021e7-dc24-4916-b5d6-d4348080312e		num_identification_disagreements								0										
https://inaturalist.org/observations/50808800	62ca239a-4ed3-49d9-8820-d590bdd92091		num_identification_disagreements								0										
https://inaturalist.org/observations/50808912	4619601a-6ae8-446c-be3a-024b200cf9b8		num_identification_disagreements								0										
https://inaturalist.org/observations/50819516	24e8a661-929f-4b1c-ad36-3c00882c41d1		num_identification_disagreements								0										
https://inaturalist.org/observations/50819534	28922bc1-9e2f-4c82-8458-f1ec803e5152		num_identification_disagreements								0										
https://inaturalist.org/observations/50819543	f8b64a22-042e-41d3-ae6b-598a4e53fbb9		num_identification_disagreements								0										
https://inaturalist.org/observations/50819591	2851f500-1791-4097-b6b0-b68b43509af7		num_identification_disagreements								0										
https://inaturalist.org/observations/50819592	713230f3-22ba-4b03-931a-cad49511c13f		num_identification_disagreements								0										
https://inaturalist.org/observations/50819600	b1250d2c-a0b8-42da-a1fc-a350d50038b2		num_identification_disagreements								0										
https://inaturalist.org/observations/50819602	403b49e6-ec87-4b84-839b-aeb813f116ab		num_identification_disagreements								0										
https://inaturalist.org/observations/50819604	14a00291-c82c-40e6-b707-19238378320d		num_identification_disagreements								0										
https://inaturalist.org/observations/50819620	7b4004df-5bdb-4343-be14-708353fd1be1		num_identification_disagreements								0										
https://inaturalist.org/observations/50819622	577be0f3-17e4-4c3a-8d7d-0a777cf73c9a		num_identification_disagreements								0										
https://inaturalist.org/observations/50819627	0dad74a0-a4fd-4548-b15c-328b5aa5f8e4		num_identification_disagreements								0										
https://inaturalist.org/observations/53097219	b89a9dd7-45c9-4527-af9c-7869c5c8d48c		num_identification_disagreements								0										
https://inaturalist.org/observations/53097220	2e5b88d6-39ac-4343-af5d-75cb8d295529		num_identification_disagreements								0										
https://inaturalist.org/observations/56259519	417d9566-25c1-4cfb-8cbe-166d37d880a2		num_identification_disagreements								1										
https://inaturalist.org/observations/56259520	36dc0273-11b1-4d9a-9169-37e5c5a9445c		num_identification_disagreements								0										
https://inaturalist.org/observations/56259521	e048837d-286b-434c-a6af-e8b54021b556		num_identification_disagreements								0										
https://inaturalist.org/observations/56372382	6273f8c5-01a3-433c-9bb3-83bee2c6df8f		num_identification_disagreements								0										
https://inaturalist.org/observations/56663298	a7a0bc98-7238-4fa0-8239-8a4d83b33ab1		num_identification_disagreements								0										
https://inaturalist.org/observations/56663317	18792d18-0924-4b34-8d96-30a6b190a77d		num_identification_disagreements								0										
https://inaturalist.org/observations/56663322	016d5954-e094-42e5-9a98-5e6074959a2b		num_identification_disagreements								0										
https://inaturalist.org/observations/56663324	721b1a3e-04d7-47b3-ad07-9bd89defdb84		num_identification_disagreements								0										
https://inaturalist.org/observations/56663325	5deb4050-e90c-46c2-9314-cd62afa3c813		num_identification_disagreements								0										
https://inaturalist.org/observations/56663326	6cdb7245-7323-4939-b6f7-fd112c351329		num_identification_disagreements								0										
https://inaturalist.org/observations/56663332	f507256d-94a1-4afc-b4fa-594a7bbcfd7c		num_identification_disagreements								0										
https://inaturalist.org/observations/56663333	7b64621a-092c-41c4-b9f7-e6e47091c5ee		num_identification_disagreements								0										
https://inaturalist.org/observations/56665549	6151b8b7-6943-49fb-ae70-4ae47f184351		num_identification_disagreements								0										
https://inaturalist.org/observations/57044967	6c516594-dfcf-4006-9bbd-67b902b29e80		num_identification_disagreements								0										
https://inaturalist.org/observations/57044968	709e7e26-287f-437b-98b4-4a4a5008b6d1		num_identification_disagreements								0										
https://inaturalist.org/observations/57044975	9d1eb3ed-e8bc-42a8-a1d0-5e8787c4c3ee		num_identification_disagreements								0										
https://inaturalist.org/observations/57044977	328b5874-83f5-45be-a570-a0124292914e		num_identification_disagreements								0										
https://inaturalist.org/observations/58076632	147c65ba-aa69-4d52-876e-d382adcad7b4		num_identification_disagreements								0										
https://inaturalist.org/observations/58076637	da73f214-9f99-42a7-8bf7-e46342aa5a46		num_identification_disagreements								0										
https://inaturalist.org/observations/58076638	ca5c981a-9ea7-4f7c-b798-fdb5391d73cc		num_identification_disagreements								0										
https://inaturalist.org/observations/58076649	d29e20be-97cb-4ee5-af7a-262967370acd		num_identification_disagreements								0										
https://inaturalist.org/observations/58254157	f46ad9ad-8722-47f9-86f3-068bce5de3e5		num_identification_disagreements								0										
https://inaturalist.org/observations/58254303	77e8f2e5-c7b5-40e0-9e06-e284be55e7f4		num_identification_disagreements								0										
https://inaturalist.org/observations/58258262	be381362-7544-437a-95b3-769ca5375ba1		num_identification_disagreements								0										
https://inaturalist.org/observations/58278442	fab8d716-e53d-44d7-9744-6610b4e784b7		num_identification_disagreements								0										
https://inaturalist.org/observations/58331677	b7269987-8328-440f-945d-4a5dcd78cb9d		num_identification_disagreements								0										
https://inaturalist.org/observations/58332425	e7d83e1f-34c8-4be9-9621-2ca7deae533d		num_identification_disagreements								0										
https://inaturalist.org/observations/58332931	7bebbb0f-1d35-4b71-a064-019c4663c1b6		num_identification_disagreements								0										
https://inaturalist.org/observations/58333706	c1ab544a-c041-41ec-bf45-604583e900e3		num_identification_disagreements								0										
https://inaturalist.org/observations/58334440	2834f522-674f-49cf-ae9f-f0dd575328cd		num_identification_disagreements								0										
https://inaturalist.org/observations/58355987	4f3e372d-f642-4520-b6fe-fd1d0703cf09		num_identification_disagreements								0										
https://inaturalist.org/observations/58355988	04fc5c69-4155-4737-bfcf-3dea3ccc76de		num_identification_disagreements								0										
https://inaturalist.org/observations/58355989	4e047101-22ee-4a5a-8331-45036dd9c3f5		num_identification_disagreements								0										
https://inaturalist.org/observations/58355992	8fe9f642-df7d-4038-b1fc-c7e2c852d71c		num_identification_disagreements								0										
https://inaturalist.org/observations/58356007	605bc2e1-921b-4217-b396-f98900c7ae60		num_identification_disagreements								0										
https://inaturalist.org/observations/58356010	21e111a7-a9b7-4868-9e36-580a186b2266		num_identification_disagreements								0										
https://inaturalist.org/observations/58356011	9fd6e996-b951-41ac-8177-df5d3476d853		num_identification_disagreements								0										
https://inaturalist.org/observations/58356016	cd65df1a-8c29-4b03-b617-e4eb64a53d86		num_identification_disagreements								0										
https://inaturalist.org/observations/58521195	e902e6c9-33ce-4f8c-adad-49d1dc241b84		num_identification_disagreements								0										
https://inaturalist.org/observations/58521219	488f0581-4494-440c-b138-23cd6276b3ad		num_identification_disagreements								0										
https://inaturalist.org/observations/58521220	7c289ddb-9945-43fb-97a9-4a860fbaba57		num_identification_disagreements								0										
https://inaturalist.org/observations/58521221	385af11c-348c-4775-bb97-a8cb71a597c5		num_identification_disagreements								0										
https://inaturalist.org/observations/58521222	b7c0190d-c105-4e48-a65c-4e41ab547d88		num_identification_disagreements								0										
https://inaturalist.org/observations/58521228	e931523d-93a4-4d44-a7d5-460c0097b331		num_identification_disagreements								0										
https://inaturalist.org/observations/58521229	89b93893-07ce-42e4-bc78-e28834deb8d8		num_identification_disagreements								0										
https://inaturalist.org/observations/58521234	4d2afa29-7881-4027-b727-50a3d2660b1d		num_identification_disagreements								0										
https://inaturalist.org/observations/58732838	0773e10f-5200-433b-b04c-06a92cadc628		num_identification_disagreements								0										
https://inaturalist.org/observations/58733052	6dc2e0ee-4439-4832-a30f-a98608c18410		num_identification_disagreements								0										
https://inaturalist.org/observations/58734702	dae02f49-425b-46b9-bd74-1d6b2eaa5ecf		num_identification_disagreements								0										
https://inaturalist.org/observations/58734718	a3daf8ab-c7a3-4587-897d-a684f8d741ef		num_identification_disagreements								0										
https://inaturalist.org/observations/58742731	7ba52706-edf1-4d4a-a9e5-ce27d07e0041		num_identification_disagreements								0										
https://inaturalist.org/observations/58742743	ed197fe4-efc9-436b-bd3b-193c8904b579		num_identification_disagreements								0										
https://inaturalist.org/observations/58742746	fb993c59-11ad-49e9-8a76-78261938c219		num_identification_disagreements								0										
https://inaturalist.org/observations/58746262	b0c3c15b-f78e-4e13-9e73-7ea5586270cc		num_identification_disagreements								0										
https://inaturalist.org/observations/58746264	abface0b-39e6-47ca-afae-72c718494fe2		num_identification_disagreements								0										
https://inaturalist.org/observations/58754968	53e6a679-183e-44c0-bdf7-ee74f3dc2b4b		num_identification_disagreements								0										
https://inaturalist.org/observations/58754969	d07b3255-4d5f-4dc9-8811-6c4e3e6c3d8b		num_identification_disagreements								0										
https://inaturalist.org/observations/59002141	800eaab9-7297-425e-bea4-308504b0e242		num_identification_disagreements								0										
https://inaturalist.org/observations/59268511	599853a0-db70-4151-bf8b-3f2d9e5dbcf9		num_identification_disagreements								0										
https://inaturalist.org/observations/59932077	f6c1de7e-0210-45f0-b9d9-e512b1249bb3		num_identification_disagreements								0										
https://inaturalist.org/observations/59940296	9427d29b-3a7d-4be2-91ef-643fa821b870		num_identification_disagreements								0										
https://inaturalist.org/observations/59940299	8df5e022-5802-4f69-a072-f7a7320950f7		num_identification_disagreements								0										
https://inaturalist.org/observations/59943195	d008633d-4637-4661-a114-5418e416c2a9		num_identification_disagreements								0										
https://inaturalist.org/observations/59943197	6869a309-76fc-4335-8988-5327f2a172cc		num_identification_disagreements								0										
https://inaturalist.org/observations/60477266	c6aa207f-0f13-4c99-a751-aeb07c7dc49b		num_identification_disagreements								0										
https://inaturalist.org/observations/60768192	741c2758-827b-4b45-b8e7-9092862fa01c		num_identification_disagreements								0										
https://inaturalist.org/observations/60768469	47e7677d-3f35-458e-ae9b-70c0bdc6e189		num_identification_disagreements								0										
https://inaturalist.org/observations/60898232	c54c5d90-42a3-4da9-ac8e-75a1a4e1d220		num_identification_disagreements								0										
https://inaturalist.org/observations/60994409	abdd1333-900a-48cc-b066-cc7bb5ca5e9d		num_identification_disagreements								0										
https://inaturalist.org/observations/60994412	517b2430-d8b9-4fcf-8d91-4b9db95d01ad		num_identification_disagreements								0										
https://inaturalist.org/observations/60999227	c1bcb782-d355-43fd-ae3c-f5e2af0a9f63		num_identification_disagreements								0										
https://inaturalist.org/observations/60999229	500af65b-8fae-4104-a74e-d3f24262595c		num_identification_disagreements								0										
https://inaturalist.org/observations/60999231	0d6e05e4-b1e5-4364-9b6d-e3da85ad26ac		num_identification_disagreements								0										
https://inaturalist.org/observations/60999235	ea60d90c-dc45-467d-af4c-40d240997cd3		num_identification_disagreements								1										
https://inaturalist.org/observations/60999923	13a75368-7f33-4842-a98c-2b33087f22fd		num_identification_disagreements								0										
https://inaturalist.org/observations/60999925	5710a0cc-2995-48ef-b423-cd4a5287176a		num_identification_disagreements								0										
https://inaturalist.org/observations/60999927	3b87454d-6bbb-4978-b9b5-bca74e7686f8		num_identification_disagreements								0										
https://inaturalist.org/observations/60999933	ffa83748-fc97-4259-9ac6-57abab410120		num_identification_disagreements								0										
https://inaturalist.org/observations/61045791	736a3518-76fe-4ce9-a3c9-6baefcddbfd2		num_identification_disagreements								0										
https://inaturalist.org/observations/61047014	ec38dca4-e48a-4b64-91c5-1c67071d5fa7		num_identification_disagreements								0										
https://inaturalist.org/observations/61048010	189a4e33-e6d8-487d-84d0-780c211df0d3		num_identification_disagreements								0										
https://inaturalist.org/observations/61171615	b8496f10-81a7-4502-ba2c-d7976f7df9a8		num_identification_disagreements								0										
https://inaturalist.org/observations/61181734	e2f1cbb3-815b-471a-9999-0373c6182de3		num_identification_disagreements								0										
https://inaturalist.org/observations/61181870	84783740-fe26-4390-85ab-383fcc72018a		num_identification_disagreements								0										
https://inaturalist.org/observations/61225133	9de6d6ea-9127-47cf-9878-67bc05aa73bb		num_identification_disagreements								0										
https://inaturalist.org/observations/61353210	3335ef2a-262d-4c19-b64c-1d571ea2181d		num_identification_disagreements								0										
https://inaturalist.org/observations/61616323	6972add4-fa46-4fd9-ac67-da0effcbc909		num_identification_disagreements								0										
https://inaturalist.org/observations/61617077	d568a911-af12-45da-9912-da7db4fd34cb		num_identification_disagreements								0										
https://inaturalist.org/observations/61731448	82b42eb4-dd21-47e6-90fd-7954f8559a2e		num_identification_disagreements								0										
https://inaturalist.org/observations/62819066	71238d96-aa71-4391-83c6-93549f71684c		num_identification_disagreements								0										
https://inaturalist.org/observations/62819069	7c0e8701-b194-4b02-8937-aafb759ae1ec		num_identification_disagreements								0										
https://inaturalist.org/observations/62820348	c4dfd925-6850-496c-ad9b-20237739ba8e		num_identification_disagreements								0										
https://inaturalist.org/observations/62820349	7e4bca1f-c3d3-4ce1-bcf5-b1a091c0d292		num_identification_disagreements								0										
https://inaturalist.org/observations/62820352	ca509eb9-c313-4c2d-8856-8e27ab13f212		num_identification_disagreements								0										
https://inaturalist.org/observations/62820356	8233720f-9be0-4606-9948-31efccace8f8		num_identification_disagreements								0										
https://inaturalist.org/observations/62976835	5546b052-91b8-4aa0-8181-cdbd033fb21b		num_identification_disagreements								0										
https://inaturalist.org/observations/63013827	14e32fa7-6eea-4d1b-8813-62e43ca62a01		num_identification_disagreements								0										
https://inaturalist.org/observations/63117636	e464ff78-039c-48e9-a727-45c8a98207f3		num_identification_disagreements								0										
https://inaturalist.org/observations/63118848	69a09093-5184-4730-846b-377abdc3a3a4		num_identification_disagreements								0										
https://inaturalist.org/observations/63118851	f0fdda3a-8a71-4caa-a5bb-9e8be057225f		num_identification_disagreements								0										
https://inaturalist.org/observations/63120287	10d20d54-dd96-443a-93cb-1d422e6f6a2c		num_identification_disagreements								0										
https://inaturalist.org/observations/64017003	6f39f6a5-1077-45ee-aef3-a08e845eacf0		num_identification_disagreements								0										
https://inaturalist.org/observations/64017004	3f6c3567-ffb3-47fa-b698-ae87b614f9f6		num_identification_disagreements								0										
https://inaturalist.org/observations/64017007	5f6ce3a6-878e-42a1-8204-cde7d3c05c56		num_identification_disagreements								0										
https://inaturalist.org/observations/64131353	64dbb65a-b006-4786-bcd3-e4bc1fd999ed		num_identification_disagreements								0										
https://inaturalist.org/observations/64131356	f6268de6-b3ca-4c29-b3f1-3c11d9cd7e73		num_identification_disagreements								0										
https://inaturalist.org/observations/64131357	1510d42b-dcfd-45bf-9749-e16ec1801b52		num_identification_disagreements								0										
https://inaturalist.org/observations/64131359	eb3e1e35-f10a-42d7-ab5a-e28ca6c50a3d		num_identification_disagreements								0										
https://inaturalist.org/observations/64131361	5ea14d24-9eab-440f-93f2-5fb29c02d87a		num_identification_disagreements								0										
https://inaturalist.org/observations/64131372	1ea323c0-a6aa-4a1a-b750-eb90c3460d0c		num_identification_disagreements								0										
https://inaturalist.org/observations/64131373	18149304-6854-4b68-98fc-70b29c6173a1		num_identification_disagreements								0										
https://inaturalist.org/observations/64493476	fae4b618-3b67-48e4-b438-3ec375671095		num_identification_disagreements								0										
https://inaturalist.org/observations/64493709	e16a55e6-62dc-42b1-904b-67f90d9c4c74		num_identification_disagreements								0										
https://inaturalist.org/observations/64493788	8166dae4-7ff6-4d4a-aebb-50311835bb51		num_identification_disagreements								0										
https://inaturalist.org/observations/64616166	dd3643a8-5849-44f7-a495-889c7bedd4fd		num_identification_disagreements								0										
https://inaturalist.org/observations/64616167	c56d88ec-65b2-4481-91f2-6d010a68de81		num_identification_disagreements								0										
https://inaturalist.org/observations/64616187	57721407-fce7-4cdc-8ac6-5a1f70389ca3		num_identification_disagreements								0										
https://inaturalist.org/observations/64616188	bcac2f5e-4273-45f6-8261-7df937805a3a		num_identification_disagreements								0										
https://inaturalist.org/observations/64616189	5670cdd3-5928-4e10-b78f-e1f364f8bfbb		num_identification_disagreements								0										
https://inaturalist.org/observations/64616190	e8db31b6-5518-4dbb-a844-a29c7fa21d32		num_identification_disagreements								0										
https://inaturalist.org/observations/64750497	3f53a9f7-cd19-4ddf-b13c-3632fd7bbe0a		num_identification_disagreements								0										
https://inaturalist.org/observations/64750502	a92fca5c-5e44-4296-89ab-266f03294dc6		num_identification_disagreements								0										
https://inaturalist.org/observations/64750503	ff32336a-88c6-4380-903c-bc6840e27f87		num_identification_disagreements								0										
https://inaturalist.org/observations/64750504	0b4cf392-9e7b-47aa-b01b-17dee2a89e43		num_identification_disagreements								0										
https://inaturalist.org/observations/65424461	135bd216-8500-4845-b9da-cb1b3271294c		num_identification_disagreements								0										
https://inaturalist.org/observations/65424463	84350f05-0a0d-4577-9f33-ed0d34648a5c		num_identification_disagreements								0										
https://inaturalist.org/observations/66404606	7b93098d-76b5-4ec2-a08c-771ee15c0e05		num_identification_disagreements								0										
https://inaturalist.org/observations/66845801	b554510b-2bc1-46c6-9186-2a7e82874c77		num_identification_disagreements								0										
https://inaturalist.org/observations/66845802	2d8945ab-4ae0-43b6-b693-9699dd1a10f4		num_identification_disagreements								0										
https://inaturalist.org/observations/66845803	bbbf9b26-9453-4f2d-bdde-9aa2d13a6bd4		num_identification_disagreements								0										
https://inaturalist.org/observations/66845804	d3535f0f-0273-417a-bcb3-2967d9296444		num_identification_disagreements								1										
https://inaturalist.org/observations/68115736	43690c9a-7aef-4d80-b7cd-dbac525818f7		num_identification_disagreements								0										
https://inaturalist.org/observations/68115738	0a9ff3a8-3c90-40b7-95f9-2422a038b6cb		num_identification_disagreements								0										
https://inaturalist.org/observations/68115739	c77ca0db-ece6-4220-b6fb-729dc92be807		num_identification_disagreements								0										
https://inaturalist.org/observations/68115740	dec7ec01-ba01-4404-b17b-10c64798fbb0		num_identification_disagreements								0										
https://inaturalist.org/observations/68115745	34aa4535-19a1-4fa9-a33a-eca0705005d0		num_identification_disagreements								0										
https://inaturalist.org/observations/68691300	e13a108f-c3f0-413d-b62f-2ca2cecadc8d		num_identification_disagreements								0										
https://inaturalist.org/observations/68691301	afa42363-1cf6-4c42-a5df-b1f77a77e1bb		num_identification_disagreements								0										
https://inaturalist.org/observations/68894737	e015455f-2ea4-4738-9df7-848c9110db05		num_identification_disagreements								0										
https://inaturalist.org/observations/68894738	e3d08212-8e73-4633-b37d-6e353f5aa990		num_identification_disagreements								0										
https://inaturalist.org/observations/68894740	31f060ab-72da-4fb5-b88d-ac3fd57c9475		num_identification_disagreements								0										
https://inaturalist.org/observations/69068749	ea54bb14-ccf7-434d-85a5-6740a4c2fca4		num_identification_disagreements								0										
https://inaturalist.org/observations/69072512	31b269c8-77e3-486f-b0ab-0cc38363f30c		num_identification_disagreements								0										
https://inaturalist.org/observations/69072513	d87549e3-7214-42a2-8c72-d20ad719d9ef		num_identification_disagreements								0										
https://inaturalist.org/observations/69076346	056221f0-c60c-4f7a-9a6f-675a7c742301		num_identification_disagreements								0										
https://inaturalist.org/observations/69076347	861eca10-273c-48ab-8148-a46fa5926eb6		num_identification_disagreements								0										
https://inaturalist.org/observations/69076348	b43c2e5e-4e0c-476b-94d4-375319e1a3e5		num_identification_disagreements								0										
https://inaturalist.org/observations/69270359	cceb2681-14f9-4b79-a6f9-e5e4d410f8ba		num_identification_disagreements								0										
https://inaturalist.org/observations/69270360	d31a9323-c336-47fc-ac75-3d0865979d2d		num_identification_disagreements								0										
https://inaturalist.org/observations/69280610	9a6c728f-ebff-4a9e-9d27-7fe9d9d9f50d		num_identification_disagreements								0										
https://inaturalist.org/observations/69280611	b1e96f18-4d1c-4fb6-a0bc-c0e99f813d5e		num_identification_disagreements								0										
https://inaturalist.org/observations/69638467	c3f12343-ef6b-4d59-b7cf-50abc5d69f27		num_identification_disagreements								0										
https://inaturalist.org/observations/70165440	001501f9-73e7-4be8-bd37-3c8d88f22cef		num_identification_disagreements								0										
https://inaturalist.org/observations/70211718	a9cdc197-5a43-4930-988e-9da55b5d1e12		num_identification_disagreements								0										
https://inaturalist.org/observations/71142549	4934e73b-8367-4e97-855d-d971b7965e5e		num_identification_disagreements								0										
https://inaturalist.org/observations/71142550	e5f4104b-0426-4e6a-88a8-21383e20890f		num_identification_disagreements								0										
https://inaturalist.org/observations/71142554	c298ed81-9a87-437e-a838-bf8f16eb6985		num_identification_disagreements								0										
https://inaturalist.org/observations/71142556	b2f088bf-1116-4d49-981f-6b6adf7acb82		num_identification_disagreements								0										
https://inaturalist.org/observations/71216143	d2a511d9-9882-475e-9b4e-d05fb21166fc		num_identification_disagreements								0										
https://inaturalist.org/observations/71387111	c2852b2a-a432-41a8-b4bd-997d8b41d3a4		num_identification_disagreements								0										
https://inaturalist.org/observations/71387114	0db7668d-136f-4ed6-9fe4-b6fd6040d48e		num_identification_disagreements								0										
https://inaturalist.org/observations/71816680	954fad3d-7187-4e0d-97cb-419c08e716ca		num_identification_disagreements								0										
https://inaturalist.org/observations/71816682	0e3ed6c4-2b75-4627-b399-83072f80438c		num_identification_disagreements								0										
https://inaturalist.org/observations/71969873	f9d65356-0e65-4101-ac5c-a71863438223		num_identification_disagreements								0										
https://inaturalist.org/observations/71983621	bae46c6f-153f-4783-b09e-2b8e067887d2		num_identification_disagreements								0										
https://inaturalist.org/observations/71983622	cc01820b-695e-4d65-bb18-41bfc5bd8b9e		num_identification_disagreements								0										
https://inaturalist.org/observations/71983623	f2e1c141-4034-4fbe-8c99-5b774a87881c		num_identification_disagreements								0										
https://inaturalist.org/observations/72131950	4786e2c0-b93e-453a-b7b6-ed0f92099117		num_identification_disagreements								0										
https://inaturalist.org/observations/72221193	5139cd85-7f1e-4f20-82ed-43b6e451bbc2		num_identification_disagreements								0										
https://inaturalist.org/observations/72221194	b18ffad6-b2a8-4d04-a424-bed1795d8def		num_identification_disagreements								0										
https://inaturalist.org/observations/72221195	14f829aa-5081-41b8-a2db-3baac983b202		num_identification_disagreements								0										
https://inaturalist.org/observations/72221198	55d7b57d-e208-4524-86a6-4136a4fc85da		num_identification_disagreements								0										
https://inaturalist.org/observations/72222111	221760d9-3c4f-4fce-8812-92d9711bcbc8		num_identification_disagreements								0										
https://inaturalist.org/observations/72222119	d8c5d9f6-2cab-4f58-86d4-eff2f9154198		num_identification_disagreements								0										
https://inaturalist.org/observations/72222120	d30bbaa3-a823-4288-8146-22b3faa50a40		num_identification_disagreements								0										
https://inaturalist.org/observations/72371854	bffcf4d8-de81-48fb-86b0-2126a949f0ce		num_identification_disagreements								0										
https://inaturalist.org/observations/72610147	445bb4a1-5ea9-4cac-9fbb-20020ed594fc		num_identification_disagreements								0										
https://inaturalist.org/observations/72613203	ed71dc52-22e3-4b2f-809f-0d2bead17eb8		num_identification_disagreements								0										
https://inaturalist.org/observations/72613204	ca13a175-ffb8-4325-bdf1-752e43604d8c		num_identification_disagreements								0										
https://inaturalist.org/observations/72613210	3f0e18ad-eea3-4fe9-833c-e5837f9e7fdb		num_identification_disagreements								0										
https://inaturalist.org/observations/72613211	bbd58057-9101-4f13-b51e-48b2b5f2e849		num_identification_disagreements								0										
https://inaturalist.org/observations/72625985	04c0d554-6d9c-4040-851f-155a123721f1		num_identification_disagreements								0										
https://inaturalist.org/observations/72625987	1eb00544-4d4c-420e-a409-32e4040a7a05		num_identification_disagreements								0										
https://inaturalist.org/observations/72625989	91bf4b25-7eae-442e-9503-e78b5db88cc5		num_identification_disagreements								0										
https://inaturalist.org/observations/72626996	ca287cd6-0c48-4dd6-9602-12b3abcf7597		num_identification_disagreements								0										
https://inaturalist.org/observations/72626999	3eeb8090-5890-483d-8853-e9a958ab05f9		num_identification_disagreements								0										
https://inaturalist.org/observations/72645279	ddadc1fd-1ecc-4642-84a3-124a7f5e32fd		num_identification_disagreements								0										
https://inaturalist.org/observations/72645537	d0a4cf88-a47f-472e-a4b0-f3fa972344bb		num_identification_disagreements								0										
https://inaturalist.org/observations/72654676	763e0d98-7613-4798-ab7c-1a300d39ecc5		num_identification_disagreements								0										
https://inaturalist.org/observations/72690464	b01ac947-a508-4cf3-9b10-f088cc2f7978		num_identification_disagreements								0										
https://inaturalist.org/observations/72690632	97e652f3-37eb-45e4-abdb-ee9e1cd2fec1		num_identification_disagreements								0										
https://inaturalist.org/observations/72694140	38ee4a61-1d34-4462-abf0-40f2d3d4680c		num_identification_disagreements								0										
https://inaturalist.org/observations/72778257	073f6b81-2bfe-427c-9ff9-8215dd0e438b		num_identification_disagreements								0										
https://inaturalist.org/observations/72778341	adc2d396-a5e0-4eac-80f2-5abbacddd703		num_identification_disagreements								0										
https://inaturalist.org/observations/73013815	356bcbe7-2315-459c-8813-e9bf7d9dae44		num_identification_disagreements								0										
https://inaturalist.org/observations/73048929	868d45ad-da02-475d-bbe5-fa3abf54bedb		num_identification_disagreements								0										
https://inaturalist.org/observations/73051652	e9482755-6459-483b-82ea-e980c5cd63a9		num_identification_disagreements								0										
https://inaturalist.org/observations/73151145	812daa40-9ec8-4c96-a5a4-902451defc9c		num_identification_disagreements								0										
https://inaturalist.org/observations/73255124	20138f8e-9ff6-4d14-8e7e-2bc45b1cb72a		num_identification_disagreements								0										
https://inaturalist.org/observations/73786508	d4744a90-bbe2-414a-941f-77f7272a8545		num_identification_disagreements								0										
https://inaturalist.org/observations/73786695	9d367164-2d00-4590-aa76-80c2956c4fc7		num_identification_disagreements								0										
https://inaturalist.org/observations/74149654	f25f0ba4-915d-40c9-bf56-eb1d44bc462e		num_identification_disagreements								0										
https://inaturalist.org/observations/74149658	ee50901b-ca7c-4117-b163-244d1f99e461		num_identification_disagreements								0										
https://inaturalist.org/observations/74151060	0acabd45-58dd-480f-bc84-6151040d7a48		num_identification_disagreements								0										
https://inaturalist.org/observations/74646840	523fc358-dde2-446e-a18e-2e04cc5a8afd		num_identification_disagreements								0										
https://inaturalist.org/observations/74769673	e7756d2d-b3fb-486b-85cb-79006ede045c		num_identification_disagreements								0										
https://inaturalist.org/observations/74769684	a83a1cd0-e5a2-4508-8fd5-96f45522a57c		num_identification_disagreements								0										
https://inaturalist.org/observations/74772481	f50e7ffc-6dc2-4dcc-83b4-689340b6d1ad		num_identification_disagreements								0										
https://inaturalist.org/observations/75317597	9a4d8501-ddcd-4f76-b04c-d96fe9c74501		num_identification_disagreements								0										
https://inaturalist.org/observations/75317661	4d225a98-96f7-4bd5-b1fd-636d79d07038		num_identification_disagreements								0										
https://inaturalist.org/observations/75317763	7b8ccb35-4c18-4201-adca-10ca40c0ed0c		num_identification_disagreements								0										
https://inaturalist.org/observations/75318174	82af65fd-27ee-41bf-a3bb-8b8da5b53fb0		num_identification_disagreements								0										
https://inaturalist.org/observations/75429891	278863c2-528e-4b80-b434-9e5169ad67dc		num_identification_disagreements								0										
https://inaturalist.org/observations/75544244	ea5fb983-4a33-44d9-8fa2-0c3c69937835		num_identification_disagreements								0										
https://inaturalist.org/observations/75591159	8a1ce802-fe58-49b8-8244-0e9aa2e10e88		num_identification_disagreements								0										
https://inaturalist.org/observations/75937260	f19aff1a-2f3e-4615-9587-dba7ff2261a8		num_identification_disagreements								0										
https://inaturalist.org/observations/75969791	a36d855d-cf1b-4b0d-bb74-e525094a65f2		num_identification_disagreements								0										
https://inaturalist.org/observations/76024118	ba35f12a-e193-4b75-ad4e-3323cfc1f590		num_identification_disagreements								0										
https://inaturalist.org/observations/76024119	ab486980-c798-4586-ae8e-8438fa80b8c0		num_identification_disagreements								0										
https://inaturalist.org/observations/76163169	eb4c9fa3-ec59-4991-bf34-3f1162db43d2		num_identification_disagreements								1										
https://inaturalist.org/observations/76278633	82dbf028-8b64-4d5b-a43c-35ffeb978d9b		num_identification_disagreements								0										
https://inaturalist.org/observations/76282568	0cbe0f0e-daca-48d0-bfad-04dee247a790		num_identification_disagreements								0										
https://inaturalist.org/observations/76331078	75955a25-9d33-4009-a8ff-6a29ba30754e		num_identification_disagreements								0										
https://inaturalist.org/observations/76337095	c813fbd2-c44e-49fb-8136-a39838942053		num_identification_disagreements								0										
https://inaturalist.org/observations/76337096	3a540dc5-c94f-4dc3-a4f7-a331a5ba3934		num_identification_disagreements								0										
https://inaturalist.org/observations/76337097	4c2a21b7-6f65-47c8-a1ce-a5e5b56cb104		num_identification_disagreements								0										
https://inaturalist.org/observations/76337100	6672186e-4a23-48ea-81cf-694d56ecb7fe		num_identification_disagreements								0										
https://inaturalist.org/observations/76645432	07a42d4d-17dd-49ed-8456-ea9c7af3ec27		num_identification_disagreements								0										
https://inaturalist.org/observations/76748826	e01bf241-ffba-4895-b624-679d7257333e		num_identification_disagreements								0										
https://inaturalist.org/observations/77103137	4109aea0-5131-4da3-a9be-7fd93927366e		num_identification_disagreements								0										
https://inaturalist.org/observations/77108931	79094e0e-d892-471b-9e39-fd7b4f2c0ec6		num_identification_disagreements								0										
https://inaturalist.org/observations/77299938	1e9600c5-0403-4d1d-946f-e17331a50f23		num_identification_disagreements								0										
https://inaturalist.org/observations/77310973	5fc30c6c-722c-4328-a1d1-f8542a58e4b7		num_identification_disagreements								0										
https://inaturalist.org/observations/77310984	59d17cf1-69cd-43e7-99b7-bcf1e591ee8b		num_identification_disagreements								0										
https://inaturalist.org/observations/77310985	22c830e0-663e-4ba4-b247-e12ad4d59579		num_identification_disagreements								0										
https://inaturalist.org/observations/77515205	ade13076-6b7d-4c1e-bbe9-e54205813d0e		num_identification_disagreements								0										
https://inaturalist.org/observations/77515209	c24fae31-b059-4e1c-8dc8-a9bded86efe8		num_identification_disagreements								0										
https://inaturalist.org/observations/77526199	728f6f19-ac7f-4797-a082-0806b1a330a0		num_identification_disagreements								0										
https://inaturalist.org/observations/77752372	cd98b169-98cb-4939-a5a3-e1fac1758a78		num_identification_disagreements								0										
https://inaturalist.org/observations/77752539	f571453d-61b4-456e-bc16-aaa964b641f4		num_identification_disagreements								0										
https://inaturalist.org/observations/77758367	71570261-8419-422f-a9aa-4e027f059390		num_identification_disagreements								0										
https://inaturalist.org/observations/77758903	35e3303d-c957-4e93-a859-517b4dcdf209		num_identification_disagreements								0										
https://inaturalist.org/observations/77759019	7126afd4-65c2-4dca-bb7d-9391cace2500		num_identification_disagreements								0										
https://inaturalist.org/observations/78237918	c6268fdd-89a9-4b08-9ca0-2188a67f2d6e		num_identification_disagreements								0										
https://inaturalist.org/observations/78238045	ca74dd89-7595-4637-b16d-bd81914a591d		num_identification_disagreements								0										
https://inaturalist.org/observations/78584824	5804bf6f-d5f3-4298-9932-0b924053e32e		num_identification_disagreements								0										
https://inaturalist.org/observations/78588660	b8c82cb7-312b-4b28-8394-d6c56ba93a8f		num_identification_disagreements								0										
https://inaturalist.org/observations/78588685	4cc4f6f5-b391-45e3-a2fd-8e01a80e38ce		num_identification_disagreements								0										
https://inaturalist.org/observations/78846819	5272e92c-113e-4ce4-a311-14d31fe242f3		num_identification_disagreements								0										
https://inaturalist.org/observations/78846820	6f6c82d2-ec25-4911-b683-59ffbdd95257		num_identification_disagreements								0										
https://inaturalist.org/observations/78849309	1dbff5b5-7f5f-4827-8798-f801d2e3255b		num_identification_disagreements								0										
https://inaturalist.org/observations/78850714	122486f1-cac2-41a2-bf97-b17317c626fd		num_identification_disagreements								0										
https://inaturalist.org/observations/78850725	020dba67-400e-480a-9941-7d2cb22e816b		num_identification_disagreements								0										
https://inaturalist.org/observations/78850727	1457bb38-7076-438a-983b-e676afd0377b		num_identification_disagreements								0										
https://inaturalist.org/observations/79283625	3ae55eee-c84c-471d-884c-111d7eb3ca4d		num_identification_disagreements								0										
https://inaturalist.org/observations/79283768	9bf2e4c4-7ce2-4237-aec3-57fdf79e34da		num_identification_disagreements								0										
https://inaturalist.org/observations/79284026	5f20adff-578c-46b2-81e6-fdc4a0824352		num_identification_disagreements								0										
https://inaturalist.org/observations/79328377	ad282f79-63e8-4303-8228-03a428d0df87		num_identification_disagreements								0										
https://inaturalist.org/observations/79328379	23f55cd1-c1f4-4b3b-a829-5819dc980fe9		num_identification_disagreements								0										
https://inaturalist.org/observations/79560305	eef0c087-56bd-4d1f-adda-304e917ba750		num_identification_disagreements								0										
https://inaturalist.org/observations/79569977	4266a1b4-da79-48a5-b1e7-d689eee33eff		num_identification_disagreements								0										
https://inaturalist.org/observations/79570006	7cbc999c-9b66-4c08-b4ad-a370490e5a0e		num_identification_disagreements								0										
https://inaturalist.org/observations/79570007	09a6a98e-1389-4eda-896e-6dedec2a1bf1		num_identification_disagreements								0										
https://inaturalist.org/observations/79571474	89ee5cd6-0c8f-4306-a554-03641de643be		num_identification_disagreements								0										
https://inaturalist.org/observations/79571482	5bee4dcb-fa44-4645-9d29-4a0d21c44ee7		num_identification_disagreements								0										
https://inaturalist.org/observations/79584245	c88e636b-a191-4ce8-b2a5-26457dd2f75e		num_identification_disagreements								0										
https://inaturalist.org/observations/79584409	7ea150de-f97e-4a12-afc5-5da42cc98356		num_identification_disagreements								0										
https://inaturalist.org/observations/79647576	4e58534f-7d1f-49d4-9a5b-e4bcbafede2c		num_identification_disagreements								0										
https://inaturalist.org/observations/80491776	28d60ecd-00dd-44b4-b1b0-e8c57093db2b		num_identification_disagreements								0										
https://inaturalist.org/observations/80491781	2e89e111-5f55-42fb-b976-28863cbb4507		num_identification_disagreements								0										
https://inaturalist.org/observations/80491787	5aeffdeb-1339-42a6-9829-07944e1dcc9e		num_identification_disagreements								0										
https://inaturalist.org/observations/80496152	1ea2845f-5b10-43cf-ae0d-7a98590d1f75		num_identification_disagreements								0										
https://inaturalist.org/observations/80496161	43d1a919-b4ee-4f06-bf54-b31f83f6ba2c		num_identification_disagreements								0										
https://inaturalist.org/observations/81068663	ae094039-9160-44f8-a206-09d007bd01af		num_identification_disagreements								1										
https://inaturalist.org/observations/81068664	3f660313-b617-4dd6-bb8e-e7e4c36c5a23		num_identification_disagreements								0										
https://inaturalist.org/observations/81071125	64eba046-3ec9-408f-98a1-703fc1c89937		num_identification_disagreements								0										
https://inaturalist.org/observations/81071126	100722ef-25f5-4601-8b61-2b94a8fec616		num_identification_disagreements								0										
https://inaturalist.org/observations/81188731	515ce1c4-0635-407c-9fd6-a9ddcf5fcfbc		num_identification_disagreements								0										
https://inaturalist.org/observations/83965452	f249483a-9ef9-40ec-8e91-d0dec01557d8		num_identification_disagreements								0										
https://inaturalist.org/observations/83965455	dee4bea5-9f55-49c7-85de-bd00c3b0467d		num_identification_disagreements								0										
https://inaturalist.org/observations/83965458	c667e974-3018-4bc6-9244-ca1c61ae8737		num_identification_disagreements								0										
https://inaturalist.org/observations/83970238	9460029a-a872-4b09-844e-37d1540c4edc		num_identification_disagreements								0										
https://inaturalist.org/observations/84770464	3599db41-58d9-48b5-8e57-3756952889c4		num_identification_disagreements								0										
https://inaturalist.org/observations/84770470	145c3462-2c58-4eb1-a568-bae737d88af8		num_identification_disagreements								0										
https://inaturalist.org/observations/84876819	c1882b46-963a-41cc-97e7-26b4d347e308		num_identification_disagreements								0										
https://inaturalist.org/observations/84881830	d4b13bc1-09ae-491a-8594-d3e61cc04671		num_identification_disagreements								0										
https://inaturalist.org/observations/86079755	2a3c66d5-fdfa-454a-9449-13ca278e5829		num_identification_disagreements								0										
https://inaturalist.org/observations/86079761	fe50fe03-10b0-490e-ac5b-ae3df77a9902		num_identification_disagreements								0										
https://inaturalist.org/observations/86079774	1b1958a9-d9fb-42c6-8152-0c9ba956156c		num_identification_disagreements								0										
https://inaturalist.org/observations/86079778	fab6e295-0a17-4875-b5b4-01a1c00e548d		num_identification_disagreements								0										
https://inaturalist.org/observations/86081909	4a5665f3-a252-4f3d-bb43-7f686deefe9e		num_identification_disagreements								0										
https://inaturalist.org/observations/86081917	3af0a1d0-ba18-4bc2-860a-4f26785a8593		num_identification_disagreements								0										
https://inaturalist.org/observations/86081921	67764bf4-edc4-4992-b573-41215994367c		num_identification_disagreements								0										
https://inaturalist.org/observations/86084495	0960f99a-3efc-49f2-9dea-2c94f5f7a012		num_identification_disagreements								0										
https://inaturalist.org/observations/88037611	9831f773-e5ed-481e-b478-f4c7a342b3c6		num_identification_disagreements								0										
https://inaturalist.org/observations/88037630	16248a9a-71ce-4adf-b7cc-95b3901a5dd9		num_identification_disagreements								0										
https://inaturalist.org/observations/88037633	7ea89927-1ffc-4047-b86f-c189b25f642a		num_identification_disagreements								0										
https://inaturalist.org/observations/88331020	34856d80-d4d0-4841-ba3f-07298051f568		num_identification_disagreements								0										
https://inaturalist.org/observations/88331021	1fe9d1ad-8544-40bc-80c5-61aafb60501e		num_identification_disagreements								0										
https://inaturalist.org/observations/88331063	aaa39fa8-0ef6-42f8-a4c9-e9a9e19de2a1		num_identification_disagreements								0										
https://inaturalist.org/observations/89686783	04c4b756-c18b-4443-898e-211a6345d478		num_identification_disagreements								0										
https://inaturalist.org/observations/89716885	da03c2d2-ae9a-495d-9ebe-45015f46a982		num_identification_disagreements								0										
https://inaturalist.org/observations/89716889	b1fdea47-123a-4129-8d02-7f65d3d9713d		num_identification_disagreements								0										
https://inaturalist.org/observations/89716899	53f99c36-3c5e-4c1c-9180-9bf89777a77b		num_identification_disagreements								0										
https://inaturalist.org/observations/89716902	3587b1e3-d537-4dd8-abe6-4975df6c0160		num_identification_disagreements								0										
https://inaturalist.org/observations/89716904	80fdf637-e11a-4644-82f6-6cba0db3715b		num_identification_disagreements								0										
https://inaturalist.org/observations/89716913	aa23fe15-dab4-49bb-9f95-1837aadd203e		num_identification_disagreements								0										
https://inaturalist.org/observations/89716916	6ceb46e6-082f-4a6d-8639-8da345e41276		num_identification_disagreements								0										
https://inaturalist.org/observations/89783316	67cfbf82-c14b-481e-bd62-56ea2a677553		num_identification_disagreements								0										
https://inaturalist.org/observations/89783317	96b7cee5-38fc-41a9-93ac-c6db57f2892f		num_identification_disagreements								0										
https://inaturalist.org/observations/89783322	da94ae34-2d5e-4fe8-ae81-d9cc9aebc463		num_identification_disagreements								0										
https://inaturalist.org/observations/89783326	019eb3e4-90d8-4376-84fd-f0824e2d9918		num_identification_disagreements								0										
https://inaturalist.org/observations/89783327	79f3402e-84ec-434f-8cb2-13d412b134b5		num_identification_disagreements								0										
https://inaturalist.org/observations/89819941	ba955f89-a012-4080-a104-e3a11a65c624		num_identification_disagreements								0										
https://inaturalist.org/observations/89819975	efe24755-0bd7-4ee9-aff8-b98e30eccc07		num_identification_disagreements								0										
https://inaturalist.org/observations/89819995	74425b08-d61a-4fa9-9566-801898a87ef2		num_identification_disagreements								0										
https://inaturalist.org/observations/89820000	e22a09ce-c788-4af1-9ee5-12e17ad324ad		num_identification_disagreements								0										
https://inaturalist.org/observations/89820009	ed96f352-bf37-43ac-bb87-d2d688954581		num_identification_disagreements								0										
https://inaturalist.org/observations/89820030	3a13d138-82bd-4555-9d6c-c033b2222d49		num_identification_disagreements								0										
https://inaturalist.org/observations/93727906	59c44499-7227-45b7-a2c4-c0dc2cb98383		num_identification_disagreements								0										
https://inaturalist.org/observations/93727927	217bb43c-61c0-4293-946f-c9b4c4018da8		num_identification_disagreements								0										
https://inaturalist.org/observations/93727929	abf866f0-8a37-446d-b121-5993df3c9f74		num_identification_disagreements								0										
https://inaturalist.org/observations/93775829	14ad756d-a7db-4ac4-8c6c-5b845b8333af		num_identification_disagreements								0										
https://inaturalist.org/observations/93775831	8eb3e5e1-0ddb-4a28-ac81-85c3be8b2666		num_identification_disagreements								0										
https://inaturalist.org/observations/95055366	6db47b32-c7d0-4fc6-b9d2-60e280d4ded7		num_identification_disagreements								0										
https://inaturalist.org/observations/95057287	70813ef8-64c7-4c82-a97d-e6363e244b0e		num_identification_disagreements								0										
https://inaturalist.org/observations/96595794	5bf6eb23-bff7-424d-9380-296ea6fb9cab		num_identification_disagreements								0										
https://inaturalist.org/observations/96595795	bbd1954a-e01e-452b-9154-6347ddaaaa5b		num_identification_disagreements								0										
https://inaturalist.org/observations/96596576	437469c2-6986-4dcf-b031-2a561457adb7		num_identification_disagreements								0										
https://inaturalist.org/observations/96596606	3f9dd089-8395-455b-9ce2-cffc18c440d5		num_identification_disagreements								0										
https://inaturalist.org/observations/96624760	4285ba69-e237-4c6c-a33d-4bdd55551aae		num_identification_disagreements								0										
https://inaturalist.org/observations/96624763	1eca8d1d-0224-469c-ae25-fc3853143bf7		num_identification_disagreements								0										
https://inaturalist.org/observations/100529934	d25435da-044f-465e-9817-233b76254613		num_identification_disagreements								0										
https://inaturalist.org/observations/100529940	d0cbdca1-f2c6-4327-9ae1-852ace5c3919		num_identification_disagreements								0										
https://inaturalist.org/observations/100529944	adf7ba95-1df0-41c9-bdbd-7c6c24647ce5		num_identification_disagreements								0										
https://inaturalist.org/observations/100529945	a72c5fcc-3795-4ded-9d78-202abe6caa09		num_identification_disagreements								0										
https://inaturalist.org/observations/100529986	0f389049-f0b6-467a-aa1b-f6242d872f68		num_identification_disagreements								0										
https://inaturalist.org/observations/100705947	e2845aeb-9c6a-4c3a-8acd-8883bacf23e7		num_identification_disagreements								0										
https://inaturalist.org/observations/101643118	11a0fa99-c4ee-4021-b656-3c9f73efa823		num_identification_disagreements								0										
https://inaturalist.org/observations/102690413	1441af9c-1f1d-46e4-ad3e-c374ef752436		num_identification_disagreements								0										
https://inaturalist.org/observations/102690669	6c5bfa5c-fe05-4a88-982b-2c3dd9b0cca5		num_identification_disagreements								0										
https://inaturalist.org/observations/102690749	14530d06-8363-4fb0-bcef-9df903238a6d		num_identification_disagreements								0										
https://inaturalist.org/observations/106990312	43db465c-4abe-4e2c-b5fb-d20767d56cb3		num_identification_disagreements								1										
https://inaturalist.org/observations/108986814	2e07b8a0-9c21-4064-a43b-9eba2c4306ff		num_identification_disagreements								0										
https://inaturalist.org/observations/109057397	7876580d-ce4b-4b14-9a5a-9742a1cd96d7		num_identification_disagreements								0										
https://inaturalist.org/observations/109867392	b71a315e-6368-4e23-bab6-73c757e6e483		num_identification_disagreements								0										
https://inaturalist.org/observations/109867393	b975e2c6-a492-4d7b-b677-ca60a3e48858		num_identification_disagreements								0										
https://inaturalist.org/observations/109867396	cf478497-a27a-4a1f-ae8b-c32f78003b28		num_identification_disagreements								0										
https://inaturalist.org/observations/109867398	b60d1041-2b34-4b84-ac11-4e67d23b3674		num_identification_disagreements								0										
https://inaturalist.org/observations/109867399	4ca10350-d8cc-492e-be44-fbab7a158097		num_identification_disagreements								0										
https://inaturalist.org/observations/109867400	9dbee1b1-768e-4f1b-ac07-faab42a137f1		num_identification_disagreements								0										
https://inaturalist.org/observations/109867408	b5422e37-07ed-4446-be98-f8bb54e3fa98		num_identification_disagreements								0										
https://inaturalist.org/observations/109867413	682b92d3-5b31-4979-9144-8c139e229b85		num_identification_disagreements								0										
https://inaturalist.org/observations/109867415	f2e30937-4b0c-4d2b-9d93-ccece8aa0a54		num_identification_disagreements								0										
https://inaturalist.org/observations/110035062	ef363c72-7833-40ec-938a-35f45800c602		num_identification_disagreements								0										
https://inaturalist.org/observations/110136178	57d4a9a7-6f72-41aa-803e-ce2c0e7ba169		num_identification_disagreements								0										
https://inaturalist.org/observations/110136179	c52ba2e3-4566-485e-ba35-bf6e7710f2e4		num_identification_disagreements								0										
https://inaturalist.org/observations/110403011	eca1f1f4-735a-4edd-bf54-626c51d8c5c1		num_identification_disagreements								0										
https://inaturalist.org/observations/110403232	572538b1-d460-455e-9c25-d1077e31b340		num_identification_disagreements								0										
https://inaturalist.org/observations/110436575	82ea59d6-9dd0-4b1f-a10c-45823fed2943		num_identification_disagreements								0										
https://inaturalist.org/observations/110436582	b7ace9a2-86f9-4d94-b3ce-55a772af1045		num_identification_disagreements								0										
https://inaturalist.org/observations/112765496	d62f9b86-5119-4594-ad44-ffde03d5179f		num_identification_disagreements								0										
https://inaturalist.org/observations/112765497	bf8d75c5-5844-4ab8-a486-82a34edab8e5		num_identification_disagreements								0										
https://inaturalist.org/observations/122967288	f773d153-233e-4a10-8da2-da1a5274b62b		num_identification_disagreements								0										
https://inaturalist.org/observations/122967291	0a1f4be2-9e14-44d9-ac6b-ff2c2f9e3b5d		num_identification_disagreements								0										
https://inaturalist.org/observations/122967292	0873ee10-8d5d-49cd-a397-f2c7ad811b91		num_identification_disagreements								0										
https://inaturalist.org/observations/123146888	e19764ec-58cb-4442-966c-6896c8e77448		num_identification_disagreements								0										
https://inaturalist.org/observations/123146891	f20f2a75-c2bb-445c-9206-26f46fbce6c6		num_identification_disagreements								0										
https://inaturalist.org/observations/123146893	f059dada-da2b-4c92-a088-d3a002c47bbb		num_identification_disagreements								0										
https://inaturalist.org/observations/123294594	93e88e3f-ed5d-4d80-b82e-e7bed20037c6		num_identification_disagreements								0										
https://inaturalist.org/observations/123304163	3e09f5a5-17a1-4ecd-bc32-8d1850194bf2		num_identification_disagreements								0										
https://inaturalist.org/observations/123304229	783e2099-ef23-4ac3-8d4d-49dde8a5fa11		num_identification_disagreements								0										
https://inaturalist.org/observations/123387040	2709d4da-6e9b-421a-902d-caad4a70a5e5		num_identification_disagreements								0										
https://inaturalist.org/observations/123387043	2237facc-adf2-4090-a1ed-098850463ff1		num_identification_disagreements								0										
https://inaturalist.org/observations/123387052	2e619e4f-cb78-4b1d-8dc1-fe46293a7901		num_identification_disagreements								0										
https://inaturalist.org/observations/123387056	af461436-7102-45d2-9e0e-7288730a686f		num_identification_disagreements								0										
https://inaturalist.org/observations/123387058	ee2a9ce1-b7dd-42ea-bf02-d1739bf3a00c		num_identification_disagreements								0										
https://inaturalist.org/observations/132824545	15077b9f-b5c5-455d-bff6-29c718e74d16		num_identification_disagreements								0										
https://inaturalist.org/observations/132824547	cb35ed2e-b3ef-4335-b945-437d6556669f		num_identification_disagreements								0										
https://inaturalist.org/observations/133523030	54bc5900-a03f-45fb-9c10-31d2d9620175		num_identification_disagreements								0										
https://inaturalist.org/observations/133523051	d84e1a15-f378-4cb5-ad31-e98a0e2f9303		num_identification_disagreements								0										
https://inaturalist.org/observations/133523064	158d00ca-0082-45d5-9200-72c345973249		num_identification_disagreements								0										
https://inaturalist.org/observations/133523075	59407f3b-ea1b-4077-9879-9785553cb556		num_identification_disagreements								0										
https://inaturalist.org/observations/148914809	f6b98be5-7041-4822-8748-21990f97ef9b		num_identification_disagreements								0										
https://inaturalist.org/observations/148914810	7301735b-bd58-4d38-8246-52726fb585de		num_identification_disagreements								0										
https://inaturalist.org/observations/149081823	de831f19-fc09-450a-8539-a4edd3060ea2		num_identification_disagreements								0										
https://inaturalist.org/observations/149082759	09c32d91-0180-4a97-982e-e21459f92c71		num_identification_disagreements								0										
https://inaturalist.org/observations/149082773	c5b80a76-fbe7-4710-b37f-d643022ac6d1		num_identification_disagreements								0										
https://inaturalist.org/observations/149192451	5f635aa9-6b18-4836-b2c5-1f8e43d0ece1		num_identification_disagreements								0										
https://inaturalist.org/observations/149192452	6a15b4e1-1194-4681-a904-d18ef232bf33		num_identification_disagreements								0										
https://inaturalist.org/observations/154053972	d97da580-b73e-4ff2-9e36-fa0f97c281ba		num_identification_disagreements								0										
https://inaturalist.org/observations/154054113	a271fde7-dd97-4e7a-b992-a8951a141266		num_identification_disagreements								0										
https://inaturalist.org/observations/156344569	66ca66e8-3d5b-43c1-b0d0-bfff90b11487		num_identification_disagreements								0										
https://inaturalist.org/observations/156350270	108c2f9a-5463-4b7a-a828-62d554dae086		num_identification_disagreements								0										
https://inaturalist.org/observations/156353880	374c9d92-308e-47ec-98d2-131825c11787		num_identification_disagreements								0										
https://inaturalist.org/observations/156354475	0c9e61c1-3676-4b38-96a7-f6768c550fe4		num_identification_disagreements								0										
https://inaturalist.org/observations/156456035	0d95a3c1-f092-4706-988c-4d57cfcb27f5		num_identification_disagreements								0										
https://inaturalist.org/observations/156533848	2ec0c581-4d49-46b7-82e8-04836fd00005		num_identification_disagreements								0										
https://inaturalist.org/observations/156538938	00af0895-3b0e-449a-b11c-e1035b6598bb		num_identification_disagreements								0										
https://inaturalist.org/observations/156539298	901ca0f7-836c-488c-988b-a6921e21e21e		num_identification_disagreements								0										
https://inaturalist.org/observations/156687663	218c4447-0260-485d-9178-2b835a9cf5be		num_identification_disagreements								0										
https://inaturalist.org/observations/156689782	a9267bce-59d4-420f-9e2a-42a715c87cc6		num_identification_disagreements								0										
https://inaturalist.org/observations/156690572	a1bd3aac-fdab-4568-801a-0b2b77a1d469		num_identification_disagreements								0										
https://inaturalist.org/observations/156693519	75c67c56-93d9-4511-ad90-88857826b221		num_identification_disagreements								0										
https://inaturalist.org/observations/156694097	fbdbb233-4fde-4318-bd75-2126e4bf50ce		num_identification_disagreements								0										
https://inaturalist.org/observations/157316846	35528c47-5814-494c-a6bb-bed79a8d0657		num_identification_disagreements								0										
https://inaturalist.org/observations/157917246	92920b42-1edb-4e1a-b692-ef6cff3e49e7		num_identification_disagreements								0										
https://inaturalist.org/observations/158681456	4de8620e-3040-4b04-a655-64c95fd6d1eb		num_identification_disagreements								0										
https://inaturalist.org/observations/158681467	f454f543-9623-4fc6-8324-c831fe430de0		num_identification_disagreements								0										
https://inaturalist.org/observations/159198724	4807f324-d0be-4022-85d3-9304b1388ed1		num_identification_disagreements								0										
https://inaturalist.org/observations/159198725	5e4e4452-62f6-4b76-b3f0-a997f62151f1		num_identification_disagreements								0										
https://inaturalist.org/observations/159445195	4746a74c-e4a1-40b9-9905-17ee0b95b3a4		num_identification_disagreements								0										
https://inaturalist.org/observations/159445196	cab70dc7-5e25-47e0-ba5b-0d08cbbc3751		num_identification_disagreements								0										
https://inaturalist.org/observations/159505931	7e720d11-2997-4e12-ae5d-76d94b45be4b		num_identification_disagreements								0										
https://inaturalist.org/observations/159505932	6eb9703d-de5f-402e-bdfb-4abf464200c1		num_identification_disagreements								0										
https://inaturalist.org/observations/159677313	41beb213-d15b-4f4a-9172-de4c6d27a2a8		num_identification_disagreements								0										
https://inaturalist.org/observations/161734595	93f36f41-cef2-4ecc-b35b-f78405041ba1		num_identification_disagreements								0										
https://inaturalist.org/observations/161734596	4898fb29-3b01-4509-b482-f67371d7f3df		num_identification_disagreements								0										
https://inaturalist.org/observations/162786675	27bc04b4-5563-496c-b9c5-0176d92b9567		num_identification_disagreements								0										
https://inaturalist.org/observations/164887484	674a2f55-27dd-4f40-a404-1c727d6b6508		num_identification_disagreements								0										
https://inaturalist.org/observations/164887486	13c42ba9-382f-4cb2-81d7-8e201e19b0ba		num_identification_disagreements								0										
https://inaturalist.org/observations/164887488	91d7176b-12f0-4c44-8fc0-6d28832b171d		num_identification_disagreements								0										
https://inaturalist.org/observations/164888040	a7eb23e4-d748-4d35-a320-c3a5a33cf15a		num_identification_disagreements								0										
https://inaturalist.org/observations/164888144	519eaa79-b782-44b5-88f2-71dcfd74e6c6		num_identification_disagreements								0										
https://inaturalist.org/observations/165800135	ca806758-dc51-4a8d-a231-9650b126f234		num_identification_disagreements								0										
https://inaturalist.org/observations/165800137	e1a02302-9244-4537-85ba-cf67c9533997		num_identification_disagreements								0										
https://inaturalist.org/observations/165800143	9819fbf3-605a-4030-8f1f-21fbbeea5569		num_identification_disagreements								0										
https://inaturalist.org/observations/165800144	b3da4958-bb4f-4a0d-b301-c2dd232881ce		num_identification_disagreements								0										
https://inaturalist.org/observations/165800200	719ecb4c-8a3e-4fb3-939c-86dd8d709ceb		num_identification_disagreements								0										
https://inaturalist.org/observations/168194702	12af287e-933c-4375-856f-4f998f7fef2f		num_identification_disagreements								0										
https://inaturalist.org/observations/170033049	9ca52b04-0929-4ceb-a2a6-882dfb36f104		num_identification_disagreements								0										
https://inaturalist.org/observations/170033072	0efdc0ee-3bf3-480e-a751-0d251dd16211		num_identification_disagreements								0										
https://inaturalist.org/observations/170033080	5d2e333a-1209-4670-bc3c-5dd1024e9d55		num_identification_disagreements								0										
https://inaturalist.org/observations/173154027	0e632b8e-45b8-44a4-8b82-d399d36be590		num_identification_disagreements								0										
https://inaturalist.org/observations/173154146	8b763e4c-21f7-4678-8103-c110fae7791a		num_identification_disagreements								0										
https://inaturalist.org/observations/173155637	abb59a3f-a031-4942-9837-fce358545564		num_identification_disagreements								0										
https://inaturalist.org/observations/173155762	b4ca6f47-62dc-40bb-8ace-4f78f807a356		num_identification_disagreements								0										
https://inaturalist.org/observations/173155923	0cc82d24-6693-466c-ad71-49e6def15be6		num_identification_disagreements								0										
https://inaturalist.org/observations/173156133	67881992-4fee-4487-9548-192e1fb2cc8e		num_identification_disagreements								0										
https://inaturalist.org/observations/181918519	e15623b0-ae03-44c8-b5dd-9b400e976a46		num_identification_disagreements								0										
https://inaturalist.org/observations/181918522	192dbeb3-7f31-4c79-ba30-db9ddef52beb		num_identification_disagreements								0										
https://inaturalist.org/observations/181918523	d3e617f6-728a-4646-9d4e-0fcef1dc23cc		num_identification_disagreements								0										
https://inaturalist.org/observations/186112202	8774b347-5f0f-4c06-8b02-b940c395a9a6		num_identification_disagreements								0										
https://inaturalist.org/observations/186112343	a9854ad2-b880-4a1c-a07f-7cccf518fb8d		num_identification_disagreements								0										
https://inaturalist.org/observations/186112454	52c725e1-2091-4212-9e82-7945e50cd585		num_identification_disagreements								0										
https://inaturalist.org/observations/186112533	5a467e05-ff5a-4afe-b1ac-4b1e93a393b4		num_identification_disagreements								0										
https://inaturalist.org/observations/187564314	b5227e9d-ea49-4874-ba71-17fcdf618bbd		num_identification_disagreements								0										
https://inaturalist.org/observations/187564322	722e81f9-4654-427f-857c-9920b65195fa		num_identification_disagreements								0										
https://inaturalist.org/observations/205761291	1018e76b-6071-4b9d-8634-0cc86f9422aa		num_identification_disagreements								0										
https://inaturalist.org/observations/205761438	e0c7abd2-dd8b-4163-a158-46bc7ea6aad8		num_identification_disagreements								0										
https://inaturalist.org/observations/205762108	a32be52b-e319-4d95-8e45-90c1018859f1		num_identification_disagreements								0										
https://inaturalist.org/observations/205762416	8d47181d-82e9-44c9-b806-9272cf6f3f26		num_identification_disagreements								0										
https://inaturalist.org/observations/205762975	dd688e0c-0535-4a09-b759-3fe583d101b2		num_identification_disagreements								0										
https://inaturalist.org/observations/205764658	9cd17f51-5214-4d6f-8895-6b75ac737654		num_identification_disagreements								0										
https://inaturalist.org/observations/219391473	f5b8f317-1355-417a-8472-d80c5fa8b884		num_identification_disagreements								0										
https://inaturalist.org/observations/219631581	af061866-f9d1-4190-a8d3-f416d6b1ee0c		num_identification_disagreements								0										
https://inaturalist.org/observations/219631588	5795ce98-3fe3-45f6-a0a3-dd7e9f4e6a46		num_identification_disagreements								0										
https://inaturalist.org/observations/219631593	5b587e4a-c3bb-4025-adf3-34b4b698d6c5		num_identification_disagreements								0										
https://inaturalist.org/observations/219631600	8cf66fe3-f05d-4273-8f4b-bc225a5aa610		num_identification_disagreements								0										
https://inaturalist.org/observations/219631601	abc45b60-f2d5-4fb5-a395-e53ca3a821e2		num_identification_disagreements								0										
https://inaturalist.org/observations/222730325	b1e441ab-1b0b-4d3b-92df-f592f38fc8e0		num_identification_disagreements								0										
https://inaturalist.org/observations/222730341	ee076943-5fac-470f-b1af-c72e95b25839		num_identification_disagreements								0										
https://inaturalist.org/observations/222730348	0bbee524-efd8-48c6-a17a-f61f6be621f3		num_identification_disagreements								0										
https://inaturalist.org/observations/222730357	3cda6328-5455-48b4-8945-6ae4e8751d5a		num_identification_disagreements								0										
