provenance_id	dataset_id	funding_attribution	funding_attribution_id	source	source_iri	creator_literal	creator_id	provider_literal	provider_id	metadata_creator_literal	metadata_creator_id	metadata_provider_literal	metadata_provider_id	further_information_url	feedback_url	references	bibliographic_citation	project_id	project_title
a480a72f-8102-4a72-9171-cd0d610ac961				https://www.inaturalist.org/photos/33820500		LSchare (she/her)	81779											18530	California Pollination Project
4e991200-586d-4380-95a5-f5d2f6d126d3				https://www.inaturalist.org/photos/33820500		LSchare (she/her)	81779											18530	California Pollination Project
7855ba86-3fc0-4b61-bb65-70271e703da2				https://www.inaturalist.org/photos/33820500		LSchare (she/her)	81779											18530	California Pollination Project
d67bfa8d-2759-42e5-8bb3-4786b7b1930b				https://www.inaturalist.org/photos/33820500		LSchare (she/her)	81779											18530	California Pollination Project
6526296f-3efe-4fad-8da9-eeda2152d4c8				https://www.inaturalist.org/photos/33820500		Demi Eslava	1577275											18530	California Pollination Project
ae4c98f3-f79d-4f93-a6be-4b724de38e1b				https://www.inaturalist.org/photos/33820500		LSchare (she/her)	81779											18530	California Pollination Project
4b2b54c9-5b4f-47ad-b5c9-c9ee6ac54f04				https://www.inaturalist.org/photos/33820500		LSchare (she/her)	81779											18530	California Pollination Project
741a1a5a-28c5-486b-b4da-2345e3249ee7				https://www.inaturalist.org/photos/33820500		LSchare (she/her)	81779											18530	California Pollination Project
3d4e991c-6f3d-48f6-b506-e98d69826a7e				https://www.inaturalist.org/photos/33820500		Cedric Lee	12809											18530	California Pollination Project
c0620469-d441-4eba-8698-2f12e871dab5				https://www.inaturalist.org/photos/33820500		Casey H. Richart	34488											18530	California Pollination Project
b7e92720-829c-4110-9ff0-03002a0acb43				https://www.inaturalist.org/photos/33820500		LSchare (she/her)	81779											18530	California Pollination Project
9d7644ec-1599-4d61-95b8-a81ac5131465				https://www.inaturalist.org/photos/33820500		The Hog Potato	164822											18530	California Pollination Project
aeef34b4-13a2-4885-825e-26e2b8eb3080				https://www.inaturalist.org/photos/33820500		Casey H. Richart	34488											18530	California Pollination Project
ad9030bc-b0be-4039-83e8-6fff0643cea9				https://www.inaturalist.org/photos/33820500		Jenny Hazlehurst	513070											18530	California Pollination Project
f78b72e2-4562-4a97-bb6c-bd272faf6745				https://www.inaturalist.org/photos/33820500		Casey H. Richart	34488											18530	California Pollination Project
e3a8db88-ba0f-4c7a-a6c5-60f59ee32b57				https://www.inaturalist.org/photos/33820500		Casey H. Richart	34488											18530	California Pollination Project
89e6fcc9-8ac9-44e7-b492-74a33cccaca7				https://www.inaturalist.org/photos/33820500		LSchare (she/her)	81779											18530	California Pollination Project
5f5f9e73-c62c-4193-9676-fbdc55d38c5d				https://www.inaturalist.org/photos/33820500		Casey H. Richart	34488											18530	California Pollination Project
ea7b40ee-4482-4cec-8e33-371169f390f4				https://www.inaturalist.org/photos/33820500		LSchare (she/her)	81779											18530	California Pollination Project
0c5d060b-6c46-4783-a1c4-25dce9be1db5				https://www.inaturalist.org/photos/33820500		Casey H. Richart	34488											18530	California Pollination Project
2b58dd17-cc8d-4d1b-bff4-1d0feebbfad6				https://www.inaturalist.org/photos/33820500		Casey H. Richart	34488											18530	California Pollination Project
06324cd6-6635-4474-b6af-8edcd6651e88				https://www.inaturalist.org/photos/33820500		The Hog Potato	164822											18530	California Pollination Project
84dd8681-23a5-4083-90b0-e00f5fe55f09				https://www.inaturalist.org/photos/33820500		LSchare (she/her)	81779											18530	California Pollination Project
eddf7796-8b05-41aa-b0aa-d7378b64616c				https://www.inaturalist.org/photos/33820500		Casey H. Richart	34488											18530	California Pollination Project
ed8f6d3b-1ff4-416d-bf97-189e596e9f17				https://www.inaturalist.org/photos/33820500		Casey H. Richart	34488											18530	California Pollination Project
b3ebe2ca-fc9a-4c17-83e1-7d7bcc6ca2c9				https://www.inaturalist.org/photos/33820500		LSchare (she/her)	81779											18530	California Pollination Project
8fb02ff1-6759-409c-94b2-fecb52880223				https://www.inaturalist.org/photos/33820500		Casey H. Richart	34488											18530	California Pollination Project
f9e004c4-4fe9-42c7-b526-af54b82535a5				https://www.inaturalist.org/photos/33820500		LSchare (she/her)	81779											18530	California Pollination Project
30458ca3-2fa2-49ac-97ea-219a70f4811c				https://www.inaturalist.org/photos/33820500		LSchare (she/her)	81779											18530	California Pollination Project
80b653e0-0ef3-4554-9b3c-5876f7b4c118				https://www.inaturalist.org/photos/33820500		Casey H. Richart	34488											18530	California Pollination Project
1e683820-7e3c-498a-9dfc-b0e81b503eb0				https://www.inaturalist.org/photos/33820500		LSchare (she/her)	81779											18530	California Pollination Project
d4eea916-0e2b-4236-8040-eaf48f8983bb				https://www.inaturalist.org/photos/33820500			23091											18530	California Pollination Project
151a4233-4996-43f3-a50f-27edebac4d61				https://www.inaturalist.org/photos/33820500		LSchare (she/her)	81779											18530	California Pollination Project
e20275e8-ad43-46e1-ac6b-6d3b64c938e4				https://www.inaturalist.org/photos/33820500		Stephanie Calloway	195291											18530	California Pollination Project
33b4da2e-9458-40c6-872b-c2f957d5063a				https://www.inaturalist.org/photos/33820500		Casey H. Richart	34488											18530	California Pollination Project
6a751a04-6c08-424b-a6e0-1b8a0ebffb05				https://www.inaturalist.org/photos/33820500		LSchare (she/her)	81779											18530	California Pollination Project
375f66f0-7f09-4589-b3ec-0a4ee320c018				https://www.inaturalist.org/photos/33820500		LSchare (she/her)	81779											18530	California Pollination Project
7bad9987-eab5-43b2-9ff2-d5ab0ec46a0d				https://www.inaturalist.org/photos/33820500		Jenny Hazlehurst	513070											18530	California Pollination Project
0e61f4a2-1426-4f6c-8fa9-f6d17c4c8f81				https://www.inaturalist.org/photos/33820500		LSchare (she/her)	81779											18530	California Pollination Project
00977c7c-1375-4288-bd80-de80ea3fc024				https://www.inaturalist.org/photos/33820500		Cedric Lee	12809											18530	California Pollination Project
5ee27cc0-81bd-495e-b139-b761b21382a8				https://www.inaturalist.org/photos/33820500		Casey H. Richart	34488											18530	California Pollination Project
08d84aa1-d597-4a88-a898-df61efe5bf45				https://www.inaturalist.org/photos/33820500		Casey H. Richart	34488											18530	California Pollination Project
50dc477e-9da3-4036-8975-ffe00d29ffcd				https://www.inaturalist.org/photos/33820500		Casey H. Richart	34488											18530	California Pollination Project
a626d6d7-bfa2-4258-9e5f-36077d51480a				https://www.inaturalist.org/photos/33820500		Casey H. Richart	34488											18530	California Pollination Project
9f00f3c7-0adf-4c17-aaa7-96672c2ebc13				https://www.inaturalist.org/photos/33820500		LSchare (she/her)	81779											18530	California Pollination Project
86e79f62-2763-46da-9381-691fe9283871				https://www.inaturalist.org/photos/33820500		Casey H. Richart	34488											18530	California Pollination Project
e47f581d-98cf-4b1a-8df0-cfb534c48cbe				https://www.inaturalist.org/photos/33820500		Jenny Hazlehurst	513070											18530	California Pollination Project
4013440e-5c6b-40c6-be5d-c9284bab1f06				https://www.inaturalist.org/photos/33820500		LSchare (she/her)	81779											18530	California Pollination Project
5e291ecb-5601-42a8-af66-97c779c19ac7				https://www.inaturalist.org/photos/33820500		LSchare (she/her)	81779											18530	California Pollination Project
c83a3656-2f19-430a-85c9-022d14e8f9d4				https://www.inaturalist.org/photos/33820500		LSchare (she/her)	81779											18530	California Pollination Project
5708b445-866a-405a-a18c-06b5abc11c01				https://www.inaturalist.org/photos/33820500		LSchare (she/her)	81779											18530	California Pollination Project
a2d478f7-50e1-4b47-ade9-072d140257fd				https://www.inaturalist.org/photos/33820500		LSchare (she/her)	81779											18530	California Pollination Project
09aa9bc2-058e-4afd-9683-1ca736f743a3				https://www.inaturalist.org/photos/33820500		LSchare (she/her)	81779											18530	California Pollination Project
123865c2-d357-4c85-8cb9-9ed0c78c0a01				https://www.inaturalist.org/photos/33820500		Jenny Hazlehurst	513070											18530	California Pollination Project
5922c141-e3fc-4500-bffc-dd5d937fe096				https://www.inaturalist.org/photos/33820500		LSchare (she/her)	81779											18530	California Pollination Project
07e573da-eddf-46fc-a167-53585f12624d				https://www.inaturalist.org/photos/33820500		LSchare (she/her)	81779											18530	California Pollination Project
733785ec-55b7-4674-85b7-5fe4ecb703e1				https://www.inaturalist.org/photos/33820500		Casey H. Richart	34488											18530	California Pollination Project
6961eb85-97d2-4511-acf5-be907aee2f3a				https://www.inaturalist.org/photos/33820500			497764											18530	California Pollination Project
8f4b8ba2-6f86-4ddc-933e-5882ada9b583				https://www.inaturalist.org/photos/33820500		Nancy Hamlett	522768											18530	California Pollination Project
6a361d96-e43e-47f7-ad9d-f1f76c448cc3				https://www.inaturalist.org/photos/33820500		Casey H. Richart	34488											18530	California Pollination Project
ef4069ed-aa76-4ced-b47e-0c10ac0acdba				https://www.inaturalist.org/photos/33820500		LSchare (she/her)	81779											18530	California Pollination Project
147e203a-2773-46c5-807b-eff4f2f6e90d				https://www.inaturalist.org/photos/33820500		Casey H. Richart	34488											18530	California Pollination Project
50db5afc-bcb9-4553-8782-17263240ee5c				https://www.inaturalist.org/photos/33820500		Casey H. Richart	34488											18530	California Pollination Project
027b1d96-739f-4c5c-b0a8-20d3fb7b0f98				https://www.inaturalist.org/photos/33820500		David Kaposi	109975											18530	California Pollination Project
db833bec-9246-4586-8d1a-8fab3769ad3c				https://www.inaturalist.org/photos/33820500		Cedric Lee	12809											18530	California Pollination Project
bc4b54a3-2fbc-4988-b5b7-7c111db7f3ae				https://www.inaturalist.org/photos/33820500		Casey H. Richart	34488											18530	California Pollination Project
a059a47a-50f4-4260-890e-3cacee208bd5				https://www.inaturalist.org/photos/33820500			5000772											18530	California Pollination Project
6418ba7f-1c9b-459c-9d2e-9ae208d9465f				https://www.inaturalist.org/photos/33820500		LSchare (she/her)	81779											18530	California Pollination Project
995565e5-0a2f-44d3-99ba-f21bd93f4062				https://www.inaturalist.org/photos/33820500		Katherine Hadary	1424366											18530	California Pollination Project
3bfe35f4-c751-448f-8438-21f9bcc9fafd				https://www.inaturalist.org/photos/33820500		The Hog Potato	164822											18530	California Pollination Project
2062f0b4-c8c4-433e-a099-fdf23e4c33ac				https://www.inaturalist.org/photos/33820500		Casey H. Richart	34488											18530	California Pollination Project
17a6962f-eb3a-4572-876b-8e734c3ac137				https://www.inaturalist.org/photos/33820500			5000772											18530	California Pollination Project
dc932881-377f-47a2-8510-a8b3cb640e83				https://www.inaturalist.org/photos/33820500		Andrea Kreuzhage	828394											18530	California Pollination Project
43d05f38-45b4-4173-8f7b-e40d35476778				https://www.inaturalist.org/photos/33820500		LSchare (she/her)	81779											18530	California Pollination Project
c791400f-94ea-49c4-8c7f-a2b90edb27e4				https://www.inaturalist.org/photos/33820500		LSchare (she/her)	81779											18530	California Pollination Project
5a2009e6-4b10-412f-9da3-fd47a8f6a5a1				https://www.inaturalist.org/photos/33820500		Jenny Hazlehurst	513070											18530	California Pollination Project
11a94df3-b89d-440c-9507-a3ac1ab4f6ab				https://www.inaturalist.org/photos/33820500		Casey H. Richart	34488											18530	California Pollination Project
5958acfe-becb-461c-ab7b-b9ed4b3b489a				https://www.inaturalist.org/photos/33820500		Casey H. Richart	34488											18530	California Pollination Project
7c3435ca-e2ec-4ac0-851c-47b39e8f7c1e				https://www.inaturalist.org/photos/33820500		LSchare (she/her)	81779											18530	California Pollination Project
cdb06747-282b-4adb-ba9d-46f8794037e3				https://www.inaturalist.org/photos/33820500		Casey H. Richart	34488											18530	California Pollination Project
c3b353ce-807f-47ed-9183-6fe2d35529aa				https://www.inaturalist.org/photos/33820500		LSchare (she/her)	81779											18530	California Pollination Project
de778c74-c5f2-43aa-8e74-0f7a1f440ed6				https://www.inaturalist.org/photos/33820500		Jenny Hazlehurst	513070											18530	California Pollination Project
f6b68c36-eaf4-4546-93b5-d8e8ad4d505e				https://www.inaturalist.org/photos/33820500		LSchare (she/her)	81779											18530	California Pollination Project
fad8bb83-de21-4edb-90ed-cb4ed2d4c28f				https://www.inaturalist.org/photos/33820500			5000772											18530	California Pollination Project
b8bae102-7421-478d-af17-32253c777355				https://www.inaturalist.org/photos/33820500		Casey H. Richart	34488											18530	California Pollination Project
662838d7-56d7-4fbf-9e6c-08c61505c693				https://www.inaturalist.org/photos/33820500			497764											18530	California Pollination Project
da186ce7-8534-4591-a7d8-28963d4ae706				https://www.inaturalist.org/photos/33820500		Casey H. Richart	34488											18530	California Pollination Project
c40fef86-cccd-4c3b-834b-bfb198dd9c9e				https://www.inaturalist.org/photos/33820500		David Kaposi	109975											18530	California Pollination Project
be001fa5-dc8e-459c-a8d3-bb73f0cfb367				https://www.inaturalist.org/photos/33820500			23091											18530	California Pollination Project
70ad9cb0-35b3-4239-ae85-add2e0f97162				https://www.inaturalist.org/photos/33820500		Casey H. Richart	34488											18530	California Pollination Project
4809325d-99a4-481d-a56a-701d91c1befd				https://www.inaturalist.org/photos/33820500		LSchare (she/her)	81779											18530	California Pollination Project
578bd2bf-c0f9-4cb8-a799-7e4dfde77f1d				https://www.inaturalist.org/photos/33820500		LSchare (she/her)	81779											18530	California Pollination Project
cdbf79ba-5c59-4a5a-8815-291d1d9d046f				https://www.inaturalist.org/photos/33820500			23091											18530	California Pollination Project
dc7de110-892e-4a31-a9b4-049b9b7eb73d				https://www.inaturalist.org/photos/33820500		Casey H. Richart	34488											18530	California Pollination Project
4b034363-569a-4808-9612-d940a30f2c93				https://www.inaturalist.org/photos/33820500		Casey H. Richart	34488											18530	California Pollination Project
f35ae7f3-1626-459e-a0b1-c728a44d1e98				https://www.inaturalist.org/photos/33820500		Casey H. Richart	34488											18530	California Pollination Project
c582800b-fcdd-452d-a096-e74a64d7dd94				https://www.inaturalist.org/photos/33820500		Casey H. Richart	34488											18530	California Pollination Project
1d3f1abb-d290-4495-a1f1-e0e0bb14fd81				https://www.inaturalist.org/photos/33820500		LSchare (she/her)	81779											18530	California Pollination Project
7a4ba5ad-7c58-4e9f-b6ed-068fa4d5dae9				https://www.inaturalist.org/photos/33820500		LSchare (she/her)	81779											18530	California Pollination Project
c54e5629-8bb0-45bc-811e-046aca40c11b				https://www.inaturalist.org/photos/33820500		LSchare (she/her)	81779											18530	California Pollination Project
772f353a-2fcd-4502-945b-c25d7960ff63				https://www.inaturalist.org/photos/33820500		LSchare (she/her)	81779											18530	California Pollination Project
0cead206-15e6-4d0d-8e6b-a9fca451b6c4				https://www.inaturalist.org/photos/33820500		Casey H. Richart	34488											18530	California Pollination Project
b132ffb9-0e9a-4506-812a-af4719dc5552				https://www.inaturalist.org/photos/33820500		Demi Eslava	1577275											18530	California Pollination Project
885dd5c0-4c54-4cc1-8cb3-b5b4d0032a21				https://www.inaturalist.org/photos/33820500		LSchare (she/her)	81779											18530	California Pollination Project
2fbb394b-f9a1-44c8-a672-43ae32031386				https://www.inaturalist.org/photos/33820500		LSchare (she/her)	81779											18530	California Pollination Project
e3ac75d4-8b43-43c2-8518-5e63a495e7b5				https://www.inaturalist.org/photos/33820500		Casey H. Richart	34488											18530	California Pollination Project
0e4b1eb6-2861-4243-9eb7-4e28a8a48fb6				https://www.inaturalist.org/photos/33820500		Stephanie Calloway	195291											18530	California Pollination Project
a11ece33-9302-4cf8-a288-6a454d28acda				https://www.inaturalist.org/photos/33820500		LSchare (she/her)	81779											18530	California Pollination Project
955baf00-e3c8-4460-bb25-434227259a40				https://www.inaturalist.org/photos/33820500		Casey H. Richart	34488											18530	California Pollination Project
282e9ece-4e43-488e-ba7f-61551ff01028				https://www.inaturalist.org/photos/33820500		LSchare (she/her)	81779											18530	California Pollination Project
8c648586-b3e1-4337-b9bd-1224e8d782fd				https://www.inaturalist.org/photos/33820500			23091											18530	California Pollination Project
ca3575dd-5f74-49cf-ad55-8af1265351a7				https://www.inaturalist.org/photos/33820500			5000772											18530	California Pollination Project
11acaf3b-3cc6-4948-8367-b967cddd0cca				https://www.inaturalist.org/photos/33820500		LSchare (she/her)	81779											18530	California Pollination Project
ec661174-2cef-4a3a-815d-e54251251745				https://www.inaturalist.org/photos/33820500		LSchare (she/her)	81779											18530	California Pollination Project
7e398ef8-71c2-4c7a-96d7-f2ebd7679cbf				https://www.inaturalist.org/photos/33820500		Casey H. Richart	34488											18530	California Pollination Project
96e0af03-7981-4311-95a9-3a593f20c5fb				https://www.inaturalist.org/photos/33820500		Casey H. Richart	34488											18530	California Pollination Project
d82c7438-fc98-4846-8890-17685442b7f0				https://www.inaturalist.org/photos/33820500		LSchare (she/her)	81779											18530	California Pollination Project
eca81cfd-efb3-4f3b-8c68-663a8ca28c77				https://www.inaturalist.org/photos/33820500		LSchare (she/her)	81779											18530	California Pollination Project
0d3e7704-d0a3-449b-a069-6bd1391dfa38				https://www.inaturalist.org/photos/33820500		LSchare (she/her)	81779											18530	California Pollination Project
fd6bbdcd-3721-40eb-bff3-eeb56d5424d2				https://www.inaturalist.org/photos/33820500		Casey H. Richart	34488											18530	California Pollination Project
3ad1529a-c28a-43c9-9d3c-fdbc4de50964				https://www.inaturalist.org/photos/33820500		Stephanie Calloway	195291											18530	California Pollination Project
b87bf829-f443-4f8d-b536-e01db0f0f2c0				https://www.inaturalist.org/photos/33820500		LSchare (she/her)	81779											18530	California Pollination Project
d710e63d-17cc-4deb-9a25-c6ee76855896				https://www.inaturalist.org/photos/33820500		Casey H. Richart	34488											18530	California Pollination Project
78e3fe8f-4ac4-4c3c-b531-70628b628fb9				https://www.inaturalist.org/photos/33820500		LSchare (she/her)	81779											18530	California Pollination Project
74131822-76b1-4a4e-b93d-8433f8221065				https://www.inaturalist.org/photos/33820500		LSchare (she/her)	81779											18530	California Pollination Project
870e2e42-b974-4c6e-9be6-7cb3240993c7				https://www.inaturalist.org/photos/33820500		LSchare (she/her)	81779											18530	California Pollination Project
6179df0a-e6da-4c66-91f0-b9641045d32f				https://www.inaturalist.org/photos/33820500		LSchare (she/her)	81779											18530	California Pollination Project
643182fa-aba8-4418-aff6-9943f66441a0				https://www.inaturalist.org/photos/33820500		LSchare (she/her)	81779											18530	California Pollination Project
9d9e31b7-d15c-487e-9d3f-1fd3a6f1161a				https://www.inaturalist.org/photos/33820500		LSchare (she/her)	81779											18530	California Pollination Project
981d291e-4960-42c7-bdbc-0e25e4630510				https://www.inaturalist.org/photos/33820500		Casey H. Richart	34488											18530	California Pollination Project
479b29a1-c3c2-4773-845f-6db944486a8c				https://www.inaturalist.org/photos/33820500		LSchare (she/her)	81779											18530	California Pollination Project
a5d551bd-8643-4783-824d-7c605d53e7dc				https://www.inaturalist.org/photos/33820500		Casey H. Richart	34488											18530	California Pollination Project
ff2b2e22-e6c8-4e45-a5ed-35e22b90d40a				https://www.inaturalist.org/photos/33820500		LSchare (she/her)	81779											18530	California Pollination Project
e0d7ec61-d493-4be1-8a8b-8f1293f14eec				https://www.inaturalist.org/photos/33820500		LSchare (she/her)	81779											18530	California Pollination Project
a90df09e-aab7-4243-8d88-81e36cab8213				https://www.inaturalist.org/photos/33820500		LSchare (she/her)	81779											18530	California Pollination Project
12e5e0d4-af3f-401e-9a25-592c63cfb2e0				https://www.inaturalist.org/photos/33820500		Andrea Kreuzhage	828394											18530	California Pollination Project
7d417441-fd5a-4584-82c0-634534385760				https://www.inaturalist.org/photos/33820500		Casey H. Richart	34488											18530	California Pollination Project
de259f5b-9d03-4fb7-8cf2-f876a2565bf5				https://www.inaturalist.org/photos/33820500		LSchare (she/her)	81779											18530	California Pollination Project
fffe77cd-84e0-4934-a61b-d9cbe45255bc				https://www.inaturalist.org/photos/33820500			497764											18530	California Pollination Project
2d84d2c3-6c4d-46db-b922-6cbd647375ce				https://www.inaturalist.org/photos/33820500		Jesse Rorabaugh	52839											18530	California Pollination Project
c31d6d10-8028-4ce1-9782-bb1aaa0a57f4				https://www.inaturalist.org/photos/33820500		LSchare (she/her)	81779											18530	California Pollination Project
bfbd0612-90a2-4336-92f2-a8a130fb0e32				https://www.inaturalist.org/photos/33820500		LSchare (she/her)	81779											18530	California Pollination Project
515b8ec0-ab8c-4d9e-99b8-d9577a46646a				https://www.inaturalist.org/photos/33820500		Casey H. Richart	34488											18530	California Pollination Project
ae0d32a1-990f-4bf0-9920-91eee8c54ce8				https://www.inaturalist.org/photos/33820500		Casey H. Richart	34488											18530	California Pollination Project
2d622d47-10c3-448c-a07b-feb7e4a05057				https://www.inaturalist.org/photos/33820500		Casey H. Richart	34488											18530	California Pollination Project
54ef2035-82d7-46fa-9513-7bfff7f54b2b				https://www.inaturalist.org/photos/33820500		LSchare (she/her)	81779											18530	California Pollination Project
2ee571be-2ec7-405e-a619-5924da44d193				https://www.inaturalist.org/photos/33820500		Andrea Kreuzhage	828394											18530	California Pollination Project
9b3e9709-ff44-4ba4-a834-0469f7096b6d				https://www.inaturalist.org/photos/33820500		Casey H. Richart	34488											18530	California Pollination Project
242cfb21-6d45-44f7-aebc-3bce7581c2f0				https://www.inaturalist.org/photos/33820500		LSchare (she/her)	81779											18530	California Pollination Project
d1036b1b-afed-4904-a6b8-e6233307b565				https://www.inaturalist.org/photos/33820500		LSchare (she/her)	81779											18530	California Pollination Project
a653a1b1-e623-4602-b697-a88c868eca83				https://www.inaturalist.org/photos/33820500		LSchare (she/her)	81779											18530	California Pollination Project
a74e5f18-e526-4600-a9a3-92cc4daf6a0e				https://www.inaturalist.org/photos/33820500		LSchare (she/her)	81779											18530	California Pollination Project
385f4fc5-018b-46c8-a588-b4d7786ffa7b				https://www.inaturalist.org/photos/33820500		LSchare (she/her)	81779											18530	California Pollination Project
8c690e7e-aded-44e3-8996-f512e7f4204e				https://www.inaturalist.org/photos/33820500		Casey H. Richart	34488											18530	California Pollination Project
939a2db0-c269-40c2-87e9-367c335a27ba				https://www.inaturalist.org/photos/33820500		LSchare (she/her)	81779											18530	California Pollination Project
557d298c-b018-4da7-a42a-1f0f07239728				https://www.inaturalist.org/photos/33820500		Sabina Lucke Lawrence	1167463											18530	California Pollination Project
7614a714-151f-45c4-a6f0-e32e821ba18d				https://www.inaturalist.org/photos/33820500		Casey H. Richart	34488											18530	California Pollination Project
14b6f71c-5e66-4159-909f-b7614cc5b9d0				https://www.inaturalist.org/photos/33820500		LSchare (she/her)	81779											18530	California Pollination Project
01bec474-bb76-4581-ae50-abdbb1fa9ac5				https://www.inaturalist.org/photos/33820500		LSchare (she/her)	81779											18530	California Pollination Project
8457b9f1-e6e2-4789-8b04-6086dee93d42				https://www.inaturalist.org/photos/33820500		Casey H. Richart	34488											18530	California Pollination Project
a9df7f9d-a34e-474f-ac1a-ed3ac41d050e				https://www.inaturalist.org/photos/33820500		LSchare (she/her)	81779											18530	California Pollination Project
e56e4c42-df40-4a94-bf16-8acb4e396459				https://www.inaturalist.org/photos/33820500		Casey H. Richart	34488											18530	California Pollination Project
8bb1474a-816f-411f-b94a-b1faa4fc4929				https://www.inaturalist.org/photos/33820500		Stephanie Calloway	195291											18530	California Pollination Project
991cb30c-06ec-4a3c-adf4-55196fd77045				https://www.inaturalist.org/photos/33820500		LSchare (she/her)	81779											18530	California Pollination Project
d7ff8bb8-4cc3-4a9a-aeb7-b8432f6a0938				https://www.inaturalist.org/photos/33820500			497764											18530	California Pollination Project
bb7c50cc-6180-4735-81a1-eb8780c89c8f				https://www.inaturalist.org/photos/33820500		LSchare (she/her)	81779											18530	California Pollination Project
4951e138-a7e0-4e23-b9e8-187c77a49d20				https://www.inaturalist.org/photos/33820500			422849											18530	California Pollination Project
b1bf15b5-0f7d-4e5e-9387-39b6834cc230				https://www.inaturalist.org/photos/33820500		Stephanie Calloway	195291											18530	California Pollination Project
2aca2497-49bd-4e4c-b197-1ebc515a036b				https://www.inaturalist.org/photos/33820500			497764											18530	California Pollination Project
407070b1-c1eb-4f94-8cd4-77d1e65c5ef3				https://www.inaturalist.org/photos/33820500		Casey H. Richart	34488											18530	California Pollination Project
f6eb8507-3b39-48f8-9d0d-5157c8d2b13e				https://www.inaturalist.org/photos/33820500		LSchare (she/her)	81779											18530	California Pollination Project
390d38c4-b772-4c04-b646-a7e086b10523				https://www.inaturalist.org/photos/33820500		LSchare (she/her)	81779											18530	California Pollination Project
b5216dd6-5f5a-4832-a33b-2b1fb7613368				https://www.inaturalist.org/photos/33820500			1113207											18530	California Pollination Project
03b001bf-b822-4dda-929c-76064beed5eb				https://www.inaturalist.org/photos/33820500		Sara Cristina Medina	421748											18530	California Pollination Project
13548ac0-54ab-4331-8751-d0d18fd3719b				https://www.inaturalist.org/photos/33820500		LSchare (she/her)	81779											18530	California Pollination Project
cd70a1a8-b127-405f-9425-1eb84734e293				https://www.inaturalist.org/photos/33820500			497764											18530	California Pollination Project
c66427c9-0687-4bb7-bd8d-e7fbbacb7c82				https://www.inaturalist.org/photos/33820500		Casey H. Richart	34488											18530	California Pollination Project
ed38b3e2-f9a3-49de-84c3-d06711fe8622				https://www.inaturalist.org/photos/33820500		LSchare (she/her)	81779											18530	California Pollination Project
70d32fdc-03ba-4b4f-9911-e48ff7c01e43				https://www.inaturalist.org/photos/33820500			497764											18530	California Pollination Project
200b2d28-84fa-4ddb-9091-2815c55129da				https://www.inaturalist.org/photos/33820500		Andrea Kreuzhage	828394											18530	California Pollination Project
60f4ad65-dc8c-44ca-9b2f-c4467a7442bd				https://www.inaturalist.org/photos/33820500		Casey H. Richart	34488											18530	California Pollination Project
be018bd5-bfbc-4f27-81dc-289efb483853				https://www.inaturalist.org/photos/33820500		Casey H. Richart	34488											18530	California Pollination Project
31ab5ab1-3785-44cf-8251-39ecb48e4847				https://www.inaturalist.org/photos/33820500		LSchare (she/her)	81779											18530	California Pollination Project
8a3e6447-1898-46e0-b039-1df213d0716b				https://www.inaturalist.org/photos/33820500		Casey H. Richart	34488											18530	California Pollination Project
09f20218-0187-4211-84cd-cb41dfc19cd4				https://www.inaturalist.org/photos/33820500		Casey H. Richart	34488											18530	California Pollination Project
fd58b65e-0b8a-4e0d-8cda-0542498fad23				https://www.inaturalist.org/photos/33820500		LSchare (she/her)	81779											18530	California Pollination Project
002ed36c-ac35-41dc-a83f-c3b9bdbe7787				https://www.inaturalist.org/photos/33820500		Rosalind Helfand	121050											18530	California Pollination Project
ca850dab-2198-4cef-a50b-22baa6760a18				https://www.inaturalist.org/photos/33820500		LSchare (she/her)	81779											18530	California Pollination Project
0e92f1fa-4488-4acc-a5f6-e0b0815cbb88				https://www.inaturalist.org/photos/33820500		LSchare (she/her)	81779											18530	California Pollination Project
123f8e42-9c2f-4e23-a95a-b615077fb4eb				https://www.inaturalist.org/photos/33820500		LSchare (she/her)	81779											18530	California Pollination Project
36480187-3388-4a4e-9ea9-a4b90bd86fa8				https://www.inaturalist.org/photos/33820500		Casey H. Richart	34488											18530	California Pollination Project
9e61fab4-8a13-41f7-af2c-fe7f0b2b036e				https://www.inaturalist.org/photos/33820500		Casey H. Richart	34488											18530	California Pollination Project
64e714bc-534d-458e-8392-838684387790				https://www.inaturalist.org/photos/33820500		LSchare (she/her)	81779											18530	California Pollination Project
9026bf07-5737-4a14-bb30-7ccc9c1fd161				https://www.inaturalist.org/photos/33820500		Casey H. Richart	34488											18530	California Pollination Project
7a99d8bd-551d-48bf-bc65-8a8e6b5ffbf5				https://www.inaturalist.org/photos/33820500		Casey H. Richart	34488											18530	California Pollination Project
d3aa6521-9678-4e5d-8a85-8b7d02e0d0bd				https://www.inaturalist.org/photos/33820500		LSchare (she/her)	81779											18530	California Pollination Project
3698bcba-6765-4115-a580-2ad0a1738189				https://www.inaturalist.org/photos/33820500		Casey H. Richart	34488											18530	California Pollination Project
bbb8a1c8-c8b5-4123-8430-eecfa1089713				https://www.inaturalist.org/photos/33820500		Jenny Hazlehurst	513070											18530	California Pollination Project
f3d8639d-837d-457f-8c91-60dd64766633				https://www.inaturalist.org/photos/33820500			1520013											18530	California Pollination Project
85753a1f-f6e2-4b29-9c79-9f111f178444				https://www.inaturalist.org/photos/33820500		LSchare (she/her)	81779											18530	California Pollination Project
951e5747-96ef-4a64-838d-69abb0eff056				https://www.inaturalist.org/photos/33820500			422849											18530	California Pollination Project
a1e99fc5-8916-42a9-83ec-fdc1dc93ffc3				https://www.inaturalist.org/photos/33820500		Casey H. Richart	34488											18530	California Pollination Project
ac86f921-17a3-40b1-9459-63a34125a685				https://www.inaturalist.org/photos/33820500		LSchare (she/her)	81779											18530	California Pollination Project
2e30d389-50c8-4648-a3bb-7f3057e25537				https://www.inaturalist.org/photos/33820500		LSchare (she/her)	81779											18530	California Pollination Project
20a7f1dd-f5e5-4326-b39a-23b50c459f46				https://www.inaturalist.org/photos/33820500		Andrea Kreuzhage	828394											18530	California Pollination Project
680895e7-268e-403e-81ec-cd2489d52671				https://www.inaturalist.org/photos/33820500		LSchare (she/her)	81779											18530	California Pollination Project
97fb692b-604f-4596-8bf6-aad9093c69ac				https://www.inaturalist.org/photos/33820500		Casey H. Richart	34488											18530	California Pollination Project
98b7d67a-9a06-4f38-af9f-1ee4bc62c613				https://www.inaturalist.org/photos/33820500		Casey H. Richart	34488											18530	California Pollination Project
da637ebe-7093-448e-9b36-512c2dc304bf				https://www.inaturalist.org/photos/33820500		Casey H. Richart	34488											18530	California Pollination Project
427198d8-d063-4510-bc94-0d00f4301241				https://www.inaturalist.org/photos/33820500		LSchare (she/her)	81779											18530	California Pollination Project
b2fd2ab7-a092-4a9f-8d6e-be7bd83e2db4				https://www.inaturalist.org/photos/33820500		LSchare (she/her)	81779											18530	California Pollination Project
cb061a41-f937-44b0-85dc-4d5194ef5c72				https://www.inaturalist.org/photos/33820500		LSchare (she/her)	81779											18530	California Pollination Project
75190c3d-8b30-4e49-abb5-36025a434095				https://www.inaturalist.org/photos/33820500		Sabina Lucke Lawrence	1167463											18530	California Pollination Project
36f0fe03-42f9-4d7e-8ffb-3ab2568d3ffe				https://www.inaturalist.org/photos/33820500			266196											18530	California Pollination Project
13b54cb5-be6d-424a-ae25-598fbe5f24b7				https://www.inaturalist.org/photos/33820500		LSchare (she/her)	81779											18530	California Pollination Project
4b573e0d-3b4a-4aad-b1f4-1ab4a2971f79				https://www.inaturalist.org/photos/33820500		Dkt7sc	477693											18530	California Pollination Project
59ec7405-8a0e-4442-920d-f853982bddf7				https://www.inaturalist.org/photos/33820500		LSchare (she/her)	81779											18530	California Pollination Project
e56b199a-baa3-4af4-8bb2-cf942380f894				https://www.inaturalist.org/photos/33820500		Casey H. Richart	34488											18530	California Pollination Project
3f038ee6-f8b8-4a0e-af86-032ab7a5b488				https://www.inaturalist.org/photos/33820500		Casey H. Richart	34488											18530	California Pollination Project
316c5c53-39b6-408f-9665-4ccc6fa0c0dc				https://www.inaturalist.org/photos/33820500		LSchare (she/her)	81779											18530	California Pollination Project
a48c2c62-104d-47a0-acb3-139a0c2015fd				https://www.inaturalist.org/photos/33820500		LSchare (she/her)	81779											18530	California Pollination Project
e08ec9a3-ee18-4e33-8265-d02c9d61f327				https://www.inaturalist.org/photos/33820500		Demi Eslava	1577275											18530	California Pollination Project
564e17ba-9867-4b6e-b5d0-e674213142a5				https://www.inaturalist.org/photos/33820500			497764											18530	California Pollination Project
5cbe3a93-81bd-4a75-9af9-3632795a8862				https://www.inaturalist.org/photos/33820500		LSchare (she/her)	81779											18530	California Pollination Project
6ea09961-2b08-460f-bb50-1402dde8fe47				https://www.inaturalist.org/photos/33820500			497764											18530	California Pollination Project
acdf4866-8e31-4fee-8338-6e6ab3902ad8				https://www.inaturalist.org/photos/33820500		Casey H. Richart	34488											18530	California Pollination Project
ec743e68-23e9-4e74-a568-55b8bdd91026				https://www.inaturalist.org/photos/33820500		Casey H. Richart	34488											18530	California Pollination Project
2e7ec05b-3d62-4432-b4c2-21d0d3f05745				https://www.inaturalist.org/photos/33820500		LSchare (she/her)	81779											18530	California Pollination Project
46a64a67-f787-410b-8053-ffad7bf073c1				https://www.inaturalist.org/photos/33820500		Casey H. Richart	34488											18530	California Pollination Project
a4b1d768-dabc-4aa8-b5e4-88378acd0138				https://www.inaturalist.org/photos/33820500		Katherine Hadary	1424366											18530	California Pollination Project
9ca12de0-0a6b-45fc-ab2d-057ac706bd38				https://www.inaturalist.org/photos/33820500		Sabina Lucke Lawrence	1167463											18530	California Pollination Project
802001e4-20c1-441e-b879-3a3562ef8332				https://www.inaturalist.org/photos/33820500		LSchare (she/her)	81779											18530	California Pollination Project
27120b10-3699-466d-9cd6-c0eecf745e2f				https://www.inaturalist.org/photos/33820500		LSchare (she/her)	81779											18530	California Pollination Project
774390cf-edf2-4ed1-b585-4931643275b2				https://www.inaturalist.org/photos/33820500		Casey H. Richart	34488											18530	California Pollination Project
f9090258-6cb7-42c9-b2d3-1623673815f0				https://www.inaturalist.org/photos/33820500		LSchare (she/her)	81779											18530	California Pollination Project
fa953ed0-a2bb-4d72-81fb-e06854bd4f18				https://www.inaturalist.org/photos/33820500		Casey H. Richart	34488											18530	California Pollination Project
830caa0b-e965-4d86-ad2d-f9ff50693ad1				https://www.inaturalist.org/photos/33820500		Casey H. Richart	34488											18530	California Pollination Project
7a38779a-f082-4b6c-bc9e-682223252d37				https://www.inaturalist.org/photos/33820500		LSchare (she/her)	81779											18530	California Pollination Project
e1aecc0a-a0e9-4dce-8cc1-af243cb8f14a				https://www.inaturalist.org/photos/33820500		LSchare (she/her)	81779											18530	California Pollination Project
633517eb-97d4-462e-9e6f-a3a5421c6048				https://www.inaturalist.org/photos/33820500		LSchare (she/her)	81779											18530	California Pollination Project
ec15246d-e958-41dd-9e98-db65ac0d7db7				https://www.inaturalist.org/photos/33820500		Casey H. Richart	34488											18530	California Pollination Project
1f1b945b-3e7e-4ea3-b353-4fc021befccf				https://www.inaturalist.org/photos/33820500		LSchare (she/her)	81779											18530	California Pollination Project
165a3d9f-9998-41c7-b348-4c46bde972db				https://www.inaturalist.org/photos/33820500		Casey H. Richart	34488											18530	California Pollination Project
3f331484-60c2-4474-b63f-32c4315d107d				https://www.inaturalist.org/photos/33820500		Casey H. Richart	34488											18530	California Pollination Project
d3a13b21-389a-47cc-acfc-74b536ad2054				https://www.inaturalist.org/photos/33820500		Casey H. Richart	34488											18530	California Pollination Project
7e684ca6-9039-4fe0-a92d-14bd862e1258				https://www.inaturalist.org/photos/33820500		Nancy Hamlett	522768											18530	California Pollination Project
f48b5194-bb36-4c3f-8c08-b8bb43a63956				https://www.inaturalist.org/photos/33820500		LSchare (she/her)	81779											18530	California Pollination Project
0e29f2fa-8d77-425a-a2de-6a16a019b17d				https://www.inaturalist.org/photos/33820500		Casey H. Richart	34488											18530	California Pollination Project
36af8281-2d80-42ea-b029-9007cdc6ad07				https://www.inaturalist.org/photos/33820500		Casey H. Richart	34488											18530	California Pollination Project
1d4a01e5-72f3-44b0-9c2b-7ca0766e2711				https://www.inaturalist.org/photos/33820500		LSchare (she/her)	81779											18530	California Pollination Project
e9d72a47-6fd3-4a91-b2f1-a7a27a9850f5				https://www.inaturalist.org/photos/33820500		LSchare (she/her)	81779											18530	California Pollination Project
49475cad-9a58-40d3-9d9d-791330754c3a				https://www.inaturalist.org/photos/33820500		LSchare (she/her)	81779											18530	California Pollination Project
fdae361c-c4b4-42ab-87bc-1cca16aaa7a8				https://www.inaturalist.org/photos/33820500		Casey H. Richart	34488											18530	California Pollination Project
8a9065a0-f36f-4e65-86eb-8dc6c0834f73				https://www.inaturalist.org/photos/33820500		LSchare (she/her)	81779											18530	California Pollination Project
63f9f611-f42d-4d50-883f-af88385e8daf				https://www.inaturalist.org/photos/33820500		Andrea Kreuzhage	828394											18530	California Pollination Project
b199482d-20e6-4651-9703-9b68072eae08				https://www.inaturalist.org/photos/33820500		Sabina Lucke Lawrence	1167463											18530	California Pollination Project
ee5d19cb-2b4c-4ab3-8628-b6174cfc0580				https://www.inaturalist.org/photos/33820500		LSchare (she/her)	81779											18530	California Pollination Project
e9514342-e993-4a26-b9de-d8bbc0210cbc				https://www.inaturalist.org/photos/33820500		Casey H. Richart	34488											18530	California Pollination Project
2820400a-f1c7-4c78-9a96-8ca59bfe023b				https://www.inaturalist.org/photos/33820500		Casey H. Richart	34488											18530	California Pollination Project
72d280c1-7436-468e-bacf-8121ccda66e2				https://www.inaturalist.org/photos/33820500		LSchare (she/her)	81779											18530	California Pollination Project
0aa5dbf3-7974-4f40-b1a2-f75d9ab95dca				https://www.inaturalist.org/photos/33820500			497764											18530	California Pollination Project
7a36deee-3863-4fad-9d83-4a75f3496220				https://www.inaturalist.org/photos/33820500		Casey H. Richart	34488											18530	California Pollination Project
a5a78a1e-5585-4217-9601-dc870215fd14				https://www.inaturalist.org/photos/33820500		LSchare (she/her)	81779											18530	California Pollination Project
85641601-b7f2-4e2c-8194-f5ec47ce4a08				https://www.inaturalist.org/photos/33820500		LSchare (she/her)	81779											18530	California Pollination Project
2a3f1cad-9cd5-494a-b1fa-84a6ca31fcb0				https://www.inaturalist.org/photos/33820500		Andrea Kreuzhage	828394											18530	California Pollination Project
2fa57976-78df-4429-be1c-df1162da17ce				https://www.inaturalist.org/photos/33820500		Nancy Hamlett	522768											18530	California Pollination Project
ecd07464-c0fa-4c6c-900b-de93aac54d33				https://www.inaturalist.org/photos/33820500		Casey H. Richart	34488											18530	California Pollination Project
6f59a539-a6be-4c8e-8bf1-77a5f8fbb6ae				https://www.inaturalist.org/photos/33820500		Casey H. Richart	34488											18530	California Pollination Project
94528087-18eb-4125-a8a2-c5be93102282				https://www.inaturalist.org/photos/33820500		LSchare (she/her)	81779											18530	California Pollination Project
f8458fb1-872a-470f-a8cb-c7ca62fc4fd5				https://www.inaturalist.org/photos/33820500		Jenny Hazlehurst	513070											18530	California Pollination Project
333c5755-a284-4c8b-95ef-cd234d9f69b9				https://www.inaturalist.org/photos/33820500		LSchare (she/her)	81779											18530	California Pollination Project
3b0179d6-bcb1-4417-a952-604fb85da159				https://www.inaturalist.org/photos/33820500		Casey H. Richart	34488											18530	California Pollination Project
d2d54063-8a09-4936-9587-d49791be0ac4				https://www.inaturalist.org/photos/33820500		LSchare (she/her)	81779											18530	California Pollination Project
8f1a77e0-2e97-418c-9916-f094d4fd62ba				https://www.inaturalist.org/photos/33820500		Cedric Lee	12809											18530	California Pollination Project
e3d6cd3a-70c3-4236-a291-ba01858c20e2				https://www.inaturalist.org/photos/33820500		Casey H. Richart	34488											18530	California Pollination Project
1c0a36cb-6dc8-4fd1-a125-19d20988ac2a				https://www.inaturalist.org/photos/33820500		Casey H. Richart	34488											18530	California Pollination Project
7a4bfdd2-8720-41b4-bdf5-ec8250369cbf				https://www.inaturalist.org/photos/33820500		LSchare (she/her)	81779											18530	California Pollination Project
7ff44f9d-3be3-4641-9930-0343e8bd80d4				https://www.inaturalist.org/photos/33820500		LSchare (she/her)	81779											18530	California Pollination Project
198e632f-c049-44e1-96ba-fc1be302a511				https://www.inaturalist.org/photos/33820500		LSchare (she/her)	81779											18530	California Pollination Project
6fb26e07-e6ac-4921-bc90-6f8f344e4f18				https://www.inaturalist.org/photos/33820500		Stephanie Calloway	195291											18530	California Pollination Project
96f11b96-6bfd-4051-8450-35fc2ad32882				https://www.inaturalist.org/photos/33820500		Andrea Kreuzhage	828394											18530	California Pollination Project
a47fba0d-8933-4edc-a0c1-f617044b1f61				https://www.inaturalist.org/photos/33820500		Jenny Hazlehurst	513070											18530	California Pollination Project
612b9179-bb94-4a59-b9f6-2d91ff02e07b				https://www.inaturalist.org/photos/33820500		Andrea Kreuzhage	828394											18530	California Pollination Project
d6170029-8c4e-4b7d-bd6d-92be765d866c				https://www.inaturalist.org/photos/33820500		Stephanie Calloway	195291											18530	California Pollination Project
45d16983-41bd-4792-b095-3ca18c5de410				https://www.inaturalist.org/photos/33820500		LSchare (she/her)	81779											18530	California Pollination Project
a3b2e163-8e38-42b3-a574-794d6e55d09c				https://www.inaturalist.org/photos/33820500		Casey H. Richart	34488											18530	California Pollination Project
29709337-9235-43e2-9037-bed67369ff46				https://www.inaturalist.org/photos/33820500		Casey H. Richart	34488											18530	California Pollination Project
9545bc0a-f78e-42c9-b2ab-99a5de762d35				https://www.inaturalist.org/photos/33820500		LSchare (she/her)	81779											18530	California Pollination Project
d9aa9039-1197-42b0-b771-3811d76b8823				https://www.inaturalist.org/photos/33820500		LSchare (she/her)	81779											18530	California Pollination Project
0a98492e-ab71-4b2f-a751-9949a60e4fe9				https://www.inaturalist.org/photos/33820500		Casey H. Richart	34488											18530	California Pollination Project
d76dea80-0bda-4c9e-aa70-ca2224c2868f				https://www.inaturalist.org/photos/33820500		Jenny Hazlehurst	513070											18530	California Pollination Project
51e09273-708b-4339-a950-9ee32ff596e3				https://www.inaturalist.org/photos/33820500		LSchare (she/her)	81779											18530	California Pollination Project
910cfead-74f9-463d-b690-7093dd2317fb				https://www.inaturalist.org/photos/33820500		Casey H. Richart	34488											18530	California Pollination Project
7443ae46-3e95-4ca2-8f0e-963323f82b74				https://www.inaturalist.org/photos/33820500		Casey H. Richart	34488											18530	California Pollination Project
77375033-eda1-49a8-bfb4-2fb0ba5c089b				https://www.inaturalist.org/photos/33820500		Casey H. Richart	34488											18530	California Pollination Project
e20a2518-be89-4c67-bb5f-55bcd529cc67				https://www.inaturalist.org/photos/33820500		Stephanie Calloway	195291											18530	California Pollination Project
7aaac216-6776-44f7-a2a7-74a784ac300a				https://www.inaturalist.org/photos/33820500		Sabina Lucke Lawrence	1167463											18530	California Pollination Project
2c62aa4b-52b7-4585-839f-c5886d245b43				https://www.inaturalist.org/photos/33820500		Casey H. Richart	34488											18530	California Pollination Project
89b2e607-618e-4bf7-9313-f408aa9f8deb				https://www.inaturalist.org/photos/33820500		LSchare (she/her)	81779											18530	California Pollination Project
7e4758ab-e31d-46e3-a1d8-3d3ffdafe397				https://www.inaturalist.org/photos/33820500		LSchare (she/her)	81779											18530	California Pollination Project
982b3908-8dfc-4e01-964f-b9f9087dd1dd				https://www.inaturalist.org/photos/33820500		LSchare (she/her)	81779											18530	California Pollination Project
d6552b6d-8920-4eae-a2b5-57caae7c3f02				https://www.inaturalist.org/photos/33820500		LSchare (she/her)	81779											18530	California Pollination Project
413cdb70-b03f-4b85-9789-e2087d3905da				https://www.inaturalist.org/photos/33820500		LSchare (she/her)	81779											18530	California Pollination Project
530ea727-eace-478f-9655-89a001254738				https://www.inaturalist.org/photos/33820500		LSchare (she/her)	81779											18530	California Pollination Project
e8ecaa15-f9cc-402b-8617-74fb6eecf3e5				https://www.inaturalist.org/photos/33820500		Casey H. Richart	34488											18530	California Pollination Project
6d2e3b03-c5e9-4543-8ed4-67b2cf084d30				https://www.inaturalist.org/photos/33820500		Casey H. Richart	34488											18530	California Pollination Project
7266abf3-c571-46c4-8c86-ec158d13dcf7				https://www.inaturalist.org/photos/33820500		LSchare (she/her)	81779											18530	California Pollination Project
9f92dde5-8316-4fb0-bb68-66e6f740a837				https://www.inaturalist.org/photos/33820500		Casey H. Richart	34488											18530	California Pollination Project
f9384cfc-9cf0-4ad2-a3d5-ab92613dbff8				https://www.inaturalist.org/photos/33820500		Jenny Hazlehurst	513070											18530	California Pollination Project
e2c5cc89-6131-4fa1-8131-583d05b62c2b				https://www.inaturalist.org/photos/33820500		LSchare (she/her)	81779											18530	California Pollination Project
4d4c3610-9799-4863-a219-13feded013b7				https://www.inaturalist.org/photos/33820500		LSchare (she/her)	81779											18530	California Pollination Project
83ab26e3-77e9-462c-93ad-31501d456fac				https://www.inaturalist.org/photos/33820500		Andrea Kreuzhage	828394											18530	California Pollination Project
f7d07e49-96b0-4b92-9974-587b9fc1d35b				https://www.inaturalist.org/photos/33820500		Andrea Kreuzhage	828394											18530	California Pollination Project
298ba855-8899-4c9c-845d-42799c491661				https://www.inaturalist.org/photos/33820500		LSchare (she/her)	81779											18530	California Pollination Project
167371ba-5301-4680-9dc8-e175dc785530				https://www.inaturalist.org/photos/33820500			497764											18530	California Pollination Project
67a6d272-0de7-42e4-82cc-0c9e0520ebe9				https://www.inaturalist.org/photos/33820500		Casey H. Richart	34488											18530	California Pollination Project
03ffa2d3-3b37-486d-a503-257a485a5986				https://www.inaturalist.org/photos/33820500		Casey H. Richart	34488											18530	California Pollination Project
8423b96a-b1b0-4140-b04c-9c864af2b34a				https://www.inaturalist.org/photos/33820500		Rosalind Helfand	121050											18530	California Pollination Project
371304d4-768b-497a-b4a2-8bb28c1a65e6				https://www.inaturalist.org/photos/33820500		Casey H. Richart	34488											18530	California Pollination Project
b6cfbd92-2995-4fdf-8cd5-68b2b33097f2				https://www.inaturalist.org/photos/33820500		Casey H. Richart	34488											18530	California Pollination Project
fefc560b-f84f-4dcd-b3e4-469d2d3d10f7				https://www.inaturalist.org/photos/33820500		Demi Eslava	1577275											18530	California Pollination Project
23186410-4c4a-43de-bae5-3ebd0adea64c				https://www.inaturalist.org/photos/33820500		LSchare (she/her)	81779											18530	California Pollination Project
7a95602a-909a-442f-b4cf-0daf2b1923c6				https://www.inaturalist.org/photos/33820500		Casey H. Richart	34488											18530	California Pollination Project
562edb00-e198-4db7-bf61-d96f6ee9556e				https://www.inaturalist.org/photos/33820500		LSchare (she/her)	81779											18530	California Pollination Project
90fc625c-d4df-464a-aed2-69968265b640				https://www.inaturalist.org/photos/33820500		Casey H. Richart	34488											18530	California Pollination Project
98d965ff-96d3-4d9f-b726-f3b5ee49e914				https://www.inaturalist.org/photos/33820500		LSchare (she/her)	81779											18530	California Pollination Project
b9b95122-6aed-463d-b4ce-96ef7aeac497				https://www.inaturalist.org/photos/33820500		Casey H. Richart	34488											18530	California Pollination Project
4fcfb38c-5f49-4a40-956d-cda6a6de86e5				https://www.inaturalist.org/photos/33820500		Casey H. Richart	34488											18530	California Pollination Project
a4b1ac73-9095-4367-ad17-69fc7c6e6a0c				https://www.inaturalist.org/photos/33820500		LSchare (she/her)	81779											18530	California Pollination Project
c8dcbc95-6d35-4123-b059-5828994f5342				https://www.inaturalist.org/photos/33820500		Casey H. Richart	34488											18530	California Pollination Project
b86a7589-1611-4c88-9e51-afb85870d63e				https://www.inaturalist.org/photos/33820500		Demi Eslava	1577275											18530	California Pollination Project
83b26148-c1bb-43e7-8dae-71d20b881f5a				https://www.inaturalist.org/photos/33820500		LSchare (she/her)	81779											18530	California Pollination Project
13227d46-e6a5-4e2a-befb-625d2ae1a3e5				https://www.inaturalist.org/photos/33820500		Casey H. Richart	34488											18530	California Pollination Project
cc9bcac0-4565-44ab-9b96-646afb444d5b				https://www.inaturalist.org/photos/33820500		LSchare (she/her)	81779											18530	California Pollination Project
33671189-f2b9-467d-8310-4520a8c4f65d				https://www.inaturalist.org/photos/33820500		Casey H. Richart	34488											18530	California Pollination Project
8849bd42-8a34-4e46-bf7c-607291ae82cc				https://www.inaturalist.org/photos/33820500		Jenny Hazlehurst	513070											18530	California Pollination Project
08176d5a-22f2-44d6-8822-db20ab57b1ff				https://www.inaturalist.org/photos/33820500		LSchare (she/her)	81779											18530	California Pollination Project
1c63da59-7f4e-4c99-b728-6203b05251fb				https://www.inaturalist.org/photos/33820500		LSchare (she/her)	81779											18530	California Pollination Project
da80157f-f04a-4be9-aa76-d261eb0ab172				https://www.inaturalist.org/photos/33820500		Casey H. Richart	34488											18530	California Pollination Project
2c38b942-5cfb-4970-bd98-b30db9f72f8c				https://www.inaturalist.org/photos/33820500		LSchare (she/her)	81779											18530	California Pollination Project
c83e1635-fdfb-4e2b-b3ee-23823d06541d				https://www.inaturalist.org/photos/33820500		Jenny Hazlehurst	513070											18530	California Pollination Project
082fb0c6-2e1a-4d08-b86f-412284e1f312				https://www.inaturalist.org/photos/33820500		Andrea Kreuzhage	828394											18530	California Pollination Project
2b5a5652-4a4e-4872-9982-3f244b81a012				https://www.inaturalist.org/photos/33820500		LSchare (she/her)	81779											18530	California Pollination Project
8094a9ab-7eb3-402a-aaca-c9938261de43				https://www.inaturalist.org/photos/33820500		Casey H. Richart	34488											18530	California Pollination Project
f9b8af95-ac33-4694-bae7-28b5cde796cf				https://www.inaturalist.org/photos/33820500		Casey H. Richart	34488											18530	California Pollination Project
8c47ac12-cccd-407f-9090-d5ed4dc32181				https://www.inaturalist.org/photos/33820500		Casey H. Richart	34488											18530	California Pollination Project
19d945e4-0eef-4002-b559-411ea048856f				https://www.inaturalist.org/photos/33820500		Casey H. Richart	34488											18530	California Pollination Project
7c123044-b137-49b9-82bd-65bfdb3cbf6f				https://www.inaturalist.org/photos/33820500		Andrea Kreuzhage	828394											18530	California Pollination Project
5bc49801-0a3b-4006-a174-d44765c0937a				https://www.inaturalist.org/photos/33820500		LSchare (she/her)	81779											18530	California Pollination Project
4ca8fbd4-7d38-45c0-af6f-85e9d082f018				https://www.inaturalist.org/photos/33820500		Casey H. Richart	34488											18530	California Pollination Project
26370a2c-f452-4a0e-9023-0b63ba333892				https://www.inaturalist.org/photos/33820500		Casey H. Richart	34488											18530	California Pollination Project
c60ec26a-7a9e-4ab9-89aa-141146665af8				https://www.inaturalist.org/photos/33820500		Casey H. Richart	34488											18530	California Pollination Project
abade9b5-01ba-4400-9967-8765dc2c7087				https://www.inaturalist.org/photos/33820500		LSchare (she/her)	81779											18530	California Pollination Project
ea68eedc-de45-45b5-8693-fb1a07761728				https://www.inaturalist.org/photos/33820500		LSchare (she/her)	81779											18530	California Pollination Project
2a44bb7d-b17f-4341-9876-2d008902fe9c				https://www.inaturalist.org/photos/33820500		LSchare (she/her)	81779											18530	California Pollination Project
ce5fc01d-e22d-4f56-bf6a-dd0b859f5d2c				https://www.inaturalist.org/photos/33820500		LSchare (she/her)	81779											18530	California Pollination Project
f8985f39-20fb-4ca3-b109-b67a7b25d476				https://www.inaturalist.org/photos/33820500		David Kaposi	109975											18530	California Pollination Project
d63d492a-8774-417c-a0fc-bbbef1996516				https://www.inaturalist.org/photos/33820500		David Kaposi	109975											18530	California Pollination Project
a342af07-6cbb-4359-a324-3b18f0f043f0				https://www.inaturalist.org/photos/33820500		Casey H. Richart	34488											18530	California Pollination Project
9fd232d3-104a-43e3-b138-4da7f3165743				https://www.inaturalist.org/photos/33820500		LSchare (she/her)	81779											18530	California Pollination Project
a85d144d-0ee4-4038-be5f-2d5ee083d67d				https://www.inaturalist.org/photos/33820500		LSchare (she/her)	81779											18530	California Pollination Project
301b105d-df11-4913-97c7-ed0e7aaa1d7f				https://www.inaturalist.org/photos/33820500		LSchare (she/her)	81779											18530	California Pollination Project
31f2ab12-a485-4e36-98bb-da5d065ab9c7				https://www.inaturalist.org/photos/33820500		LSchare (she/her)	81779											18530	California Pollination Project
48c9ee6a-7966-4880-b958-f674aff7c5a7				https://www.inaturalist.org/photos/33820500		Casey H. Richart	34488											18530	California Pollination Project
50a25508-f8b0-4282-a81f-42d667671df2				https://www.inaturalist.org/photos/33820500		Rosalind Helfand	121050											18530	California Pollination Project
e68eb821-7c4c-4a8b-aff0-027e32c6bcd5				https://www.inaturalist.org/photos/33820500			1520013											18530	California Pollination Project
7f39a8a7-ef5d-461d-84d9-931a3a108a03				https://www.inaturalist.org/photos/33820500		Stephanie Calloway	195291											18530	California Pollination Project
40a8bbaf-3d05-4051-ba1d-da28170f62e8				https://www.inaturalist.org/photos/33820500		LSchare (she/her)	81779											18530	California Pollination Project
ff3144cf-9122-45f1-8136-aaeb689beb34				https://www.inaturalist.org/photos/33820500		LSchare (she/her)	81779											18530	California Pollination Project
70934d7f-4401-4156-bdbd-7e388bea4b6e				https://www.inaturalist.org/photos/33820500			5000772											18530	California Pollination Project
40e75dce-7e23-429c-8f74-b6a10cdd7af8				https://www.inaturalist.org/photos/33820500		Casey H. Richart	34488											18530	California Pollination Project
ad1c918d-f76a-412e-a9dd-9d233df07b1b				https://www.inaturalist.org/photos/33820500		LSchare (she/her)	81779											18530	California Pollination Project
e4dde15a-72f3-49b8-aa76-6beee8d7abf1				https://www.inaturalist.org/photos/33820500		Casey H. Richart	34488											18530	California Pollination Project
f09ce091-9a0a-4e06-8993-a6092addc135				https://www.inaturalist.org/photos/33820500		LSchare (she/her)	81779											18530	California Pollination Project
f05e3e17-d0fe-4ad5-995a-4c87ef92b409				https://www.inaturalist.org/photos/33820500		LSchare (she/her)	81779											18530	California Pollination Project
6031c202-f4c4-4643-a088-39b022b487e5				https://www.inaturalist.org/photos/33820500		Casey H. Richart	34488											18530	California Pollination Project
54e80a9a-733b-41c6-848c-beb47c6e70b3				https://www.inaturalist.org/photos/33820500		LSchare (she/her)	81779											18530	California Pollination Project
fd5ad7cd-f129-4b65-9e27-e2fad73103ac				https://www.inaturalist.org/photos/33820500		Katherine Hadary	1424366											18530	California Pollination Project
4434fd5a-9abd-4582-92fc-75d2f9194fdd				https://www.inaturalist.org/photos/33820500		Casey H. Richart	34488											18530	California Pollination Project
27d22dea-9f99-47c1-82d5-b83c25a15d71				https://www.inaturalist.org/photos/33820500		Kathleen Nguyen	4973419											18530	California Pollination Project
1876aadc-f2e5-4e1a-b2a1-6f522954c62f				https://www.inaturalist.org/photos/33820500		Casey H. Richart	34488											18530	California Pollination Project
3cb54028-f75b-450f-9447-ec1b10c33be1				https://www.inaturalist.org/photos/33820500		Casey H. Richart	34488											18530	California Pollination Project
c36f5a52-ee44-4183-a57f-78a82367e30f				https://www.inaturalist.org/photos/33820500		LSchare (she/her)	81779											18530	California Pollination Project
95e3dc29-a1e2-4986-a102-0aaf7a1c6a4c				https://www.inaturalist.org/photos/33820500		LSchare (she/her)	81779											18530	California Pollination Project
7b86c616-e9b3-4157-ab2e-724a73c9217d				https://www.inaturalist.org/photos/33820500		Casey H. Richart	34488											18530	California Pollination Project
1e4926b7-4ba1-4c78-842a-0f7f04c32305				https://www.inaturalist.org/photos/33820500		Cedric Lee	12809											18530	California Pollination Project
0af90564-3f53-469a-858e-d58195ae6020				https://www.inaturalist.org/photos/33820500		LSchare (she/her)	81779											18530	California Pollination Project
6f4a5c2a-9d9a-4472-897f-38a7f8b71361				https://www.inaturalist.org/photos/33820500		LSchare (she/her)	81779											18530	California Pollination Project
13f48f9a-5693-44e9-b940-cd71a50bda28				https://www.inaturalist.org/photos/33820500		LSchare (she/her)	81779											18530	California Pollination Project
e5d9c5f5-7b27-45f6-ac9f-c63029ea30fd				https://www.inaturalist.org/photos/33820500		Casey H. Richart	34488											18530	California Pollination Project
2a2c32a6-d0a8-41be-b8f8-18e2b95eada8				https://www.inaturalist.org/photos/33820500		Casey H. Richart	34488											18530	California Pollination Project
ccf36d9a-4945-46e4-b2d2-5698cfff7abe				https://www.inaturalist.org/photos/33820500		Casey H. Richart	34488											18530	California Pollination Project
e2a7e3ee-3ac2-481e-b58d-5bd37aa027cd				https://www.inaturalist.org/photos/33820500		LSchare (she/her)	81779											18530	California Pollination Project
0625f26f-6003-4b5d-a62d-45d524a2ed38				https://www.inaturalist.org/photos/33820500		Casey H. Richart	34488											18530	California Pollination Project
fcc02b16-f000-4e7c-86ed-858a4db83dc4				https://www.inaturalist.org/photos/33820500		Casey H. Richart	34488											18530	California Pollination Project
5d8ba826-5efd-40ec-99e5-6a3661150956				https://www.inaturalist.org/photos/33820500		Casey H. Richart	34488											18530	California Pollination Project
2a99bb4d-50f0-4dcb-9fd3-eec6cf2f0194				https://www.inaturalist.org/photos/33820500		Casey H. Richart	34488											18530	California Pollination Project
3795d2bd-2d4a-4d35-8c1e-65c8fa441400				https://www.inaturalist.org/photos/33820500		Casey H. Richart	34488											18530	California Pollination Project
9d079df2-90a7-42e7-ace9-8b8922b79736				https://www.inaturalist.org/photos/33820500		Dkt7sc	477693											18530	California Pollination Project
60daaf72-89c8-4879-b496-7598e81c86d9				https://www.inaturalist.org/photos/33820500			497764											18530	California Pollination Project
2a054f3f-3d19-404f-960b-98b863461421				https://www.inaturalist.org/photos/33820500		LSchare (she/her)	81779											18530	California Pollination Project
011b5517-4f35-445d-ad9a-c5dee245dfb6				https://www.inaturalist.org/photos/33820500		LSchare (she/her)	81779											18530	California Pollination Project
d7776448-a2df-4135-8949-8e4f8f314d5c				https://www.inaturalist.org/photos/33820500		LSchare (she/her)	81779											18530	California Pollination Project
ebd9e0d4-8abc-4ba9-bb80-ca67c8c7a471				https://www.inaturalist.org/photos/33820500		Casey H. Richart	34488											18530	California Pollination Project
ff53d5b3-5256-4553-8767-90c5e8ba2896				https://www.inaturalist.org/photos/33820500		LSchare (she/her)	81779											18530	California Pollination Project
2aa0dcc5-abd5-4b1f-9eaa-161d6dddf767				https://www.inaturalist.org/photos/33820500		Dkt7sc	477693											18530	California Pollination Project
64a6b39d-cc4a-48af-b541-597dc0f0ac8d				https://www.inaturalist.org/photos/33820500			497764											18530	California Pollination Project
4827b685-734d-455a-be97-9026c87c3d55				https://www.inaturalist.org/photos/33820500		Casey H. Richart	34488											18530	California Pollination Project
cd194f57-4bdd-479b-b3ed-59394d3b4caa				https://www.inaturalist.org/photos/33820500		Casey H. Richart	34488											18530	California Pollination Project
1db2262a-5d3e-4cc9-8356-52587da9c14b				https://www.inaturalist.org/photos/33820500		Casey H. Richart	34488											18530	California Pollination Project
9ca6a71d-1c75-4576-8762-7de4d9b88151				https://www.inaturalist.org/photos/33820500		Sabina Lucke Lawrence	1167463											18530	California Pollination Project
e9315dc1-4761-47c1-881b-22be5ac3eff9				https://www.inaturalist.org/photos/33820500		LSchare (she/her)	81779											18530	California Pollination Project
20070754-2a6e-49ec-833e-7809d1eeaf1a				https://www.inaturalist.org/photos/33820500		LSchare (she/her)	81779											18530	California Pollination Project
224d8b31-cf88-41cb-b48e-2d450e9a449f				https://www.inaturalist.org/photos/33820500		LSchare (she/her)	81779											18530	California Pollination Project
fe8036b2-77bb-4a60-b325-1b8784be7f2e				https://www.inaturalist.org/photos/33820500		Stephanie Calloway	195291											18530	California Pollination Project
867e2c3c-7d2b-4357-ac1e-73ad9bb7361b				https://www.inaturalist.org/photos/33820500		Casey H. Richart	34488											18530	California Pollination Project
b1f1ac10-14e4-4817-bbd8-aec60dc89b8f				https://www.inaturalist.org/photos/33820500		Casey H. Richart	34488											18530	California Pollination Project
90b2313a-6c23-4e74-a906-8ed9f85acfb1				https://www.inaturalist.org/photos/33820500		Casey H. Richart	34488											18530	California Pollination Project
3237e535-f479-427e-8638-bab3a02d949c				https://www.inaturalist.org/photos/33820500		Casey H. Richart	34488											18530	California Pollination Project
f7f2200e-c96d-4b8b-b278-82e7fbb38766				https://www.inaturalist.org/photos/33820500		LSchare (she/her)	81779											18530	California Pollination Project
47ca5b95-6041-44fc-a61f-3202d3f8a880				https://www.inaturalist.org/photos/33820500		LSchare (she/her)	81779											18530	California Pollination Project
ae061ac7-8d00-4954-9361-191748fbcdc6				https://www.inaturalist.org/photos/33820500		LSchare (she/her)	81779											18530	California Pollination Project
3176f9a2-e9e6-494b-a08b-fb5637fff679				https://www.inaturalist.org/photos/33820500		Sula Vanderplank	246499											18530	California Pollination Project
f6244b56-0c08-47d9-a3a4-3a6e98212db8				https://www.inaturalist.org/photos/33820500		Sabina Lucke Lawrence	1167463											18530	California Pollination Project
db4d0692-598c-4727-9155-2a6eafb135a9				https://www.inaturalist.org/photos/33820500		The Hog Potato	164822											18530	California Pollination Project
cc82f510-fac6-4a08-a7a6-8034fd7a1d1a				https://www.inaturalist.org/photos/33820500		Casey H. Richart	34488											18530	California Pollination Project
9a7cbb5e-7a93-4c9d-b3bf-36da7be99965				https://www.inaturalist.org/photos/33820500		LSchare (she/her)	81779											18530	California Pollination Project
8bfdcf65-2125-401d-8ad9-db0ea5878fbe				https://www.inaturalist.org/photos/33820500		Katherine Hadary	1424366											18530	California Pollination Project
b7fa2515-6b4a-4420-9e27-16e9b7fc3be3				https://www.inaturalist.org/photos/33820500		Andrea Kreuzhage	828394											18530	California Pollination Project
95f226dd-9ddb-420e-807b-d09274b99456				https://www.inaturalist.org/photos/33820500		Andrea Kreuzhage	828394											18530	California Pollination Project
80f87d1c-62fa-4d36-8f6f-f7f716ba5621				https://www.inaturalist.org/photos/33820500		LSchare (she/her)	81779											18530	California Pollination Project
a556a82e-7ea5-44f9-8461-d982432054ce				https://www.inaturalist.org/photos/33820500		LSchare (she/her)	81779											18530	California Pollination Project
b276d625-6975-4c4b-b741-8a82fa73a54d				https://www.inaturalist.org/photos/33820500		LSchare (she/her)	81779											18530	California Pollination Project
cce1cb37-d912-485b-b047-589288b02358				https://www.inaturalist.org/photos/33820500		LSchare (she/her)	81779											18530	California Pollination Project
09e23f15-e5f5-4636-8e27-080525684a41				https://www.inaturalist.org/photos/33820500		LSchare (she/her)	81779											18530	California Pollination Project
a5e37aea-f857-48d8-9b70-fe93a38a1588				https://www.inaturalist.org/photos/33820500		Casey H. Richart	34488											18530	California Pollination Project
f058256e-66cd-46f7-97c1-d7aab75c2a4f				https://www.inaturalist.org/photos/33820500		Casey H. Richart	34488											18530	California Pollination Project
e64fa098-c1a5-4a6c-9759-c83551329972				https://www.inaturalist.org/photos/33820500		Jenny Hazlehurst	513070											18530	California Pollination Project
dbc59f38-0e6c-4344-8d38-d4cf9e60462c				https://www.inaturalist.org/photos/33820500		Casey H. Richart	34488											18530	California Pollination Project
6dd9fd21-0027-4965-adea-e2a3d37734a2				https://www.inaturalist.org/photos/33820500		LSchare (she/her)	81779											18530	California Pollination Project
e45ab827-d74d-4ee5-8864-47d922f30fd3				https://www.inaturalist.org/photos/33820500		Andrea Kreuzhage	828394											18530	California Pollination Project
fc7d78a0-d231-4c60-8684-1c82c2832aa3				https://www.inaturalist.org/photos/33820500		Andrea Kreuzhage	828394											18530	California Pollination Project
50c6b6d6-e409-42b1-ac1e-f81db12175a7				https://www.inaturalist.org/photos/33820500		LSchare (she/her)	81779											18530	California Pollination Project
44216f29-02cc-44e8-9a01-4dd28858f472				https://www.inaturalist.org/photos/33820500		LSchare (she/her)	81779											18530	California Pollination Project
ed425461-2841-4990-91a1-50a2d6cb6165				https://www.inaturalist.org/photos/33820500		LSchare (she/her)	81779											18530	California Pollination Project
66efbd9b-df8f-4232-8471-a7ea1ff7e2dd				https://www.inaturalist.org/photos/33820500		Casey H. Richart	34488											18530	California Pollination Project
201d323c-5936-4f99-a254-f5e185173888				https://www.inaturalist.org/photos/33820500		Andrea Kreuzhage	828394											18530	California Pollination Project
fe737f2f-a446-4e26-8465-9c0eb63898a0				https://www.inaturalist.org/photos/33820500		Casey H. Richart	34488											18530	California Pollination Project
d34e1809-c928-4a40-abb6-964fc82949da				https://www.inaturalist.org/photos/33820500		LSchare (she/her)	81779											18530	California Pollination Project
8b6bdef9-ff17-4a1f-a2da-60e1977573ae				https://www.inaturalist.org/photos/33820500		LSchare (she/her)	81779											18530	California Pollination Project
45be39af-e7b2-4609-8c9c-ebea903c4211				https://www.inaturalist.org/photos/33820500		LSchare (she/her)	81779											18530	California Pollination Project
c7a44aca-33b7-4aac-9710-e7f2367828b7				https://www.inaturalist.org/photos/33820500		LSchare (she/her)	81779											18530	California Pollination Project
b6e72013-4a58-42b9-8f20-3939386cb3fe				https://www.inaturalist.org/photos/33820500		LSchare (she/her)	81779											18530	California Pollination Project
b0cd2084-3d7c-465d-a523-e1d2d1d4a838				https://www.inaturalist.org/photos/33820500		LSchare (she/her)	81779											18530	California Pollination Project
32556904-49e2-409d-a238-d1d851220a90				https://www.inaturalist.org/photos/33820500		Casey H. Richart	34488											18530	California Pollination Project
dab48238-0b80-4a78-aae7-7b03e83a163f				https://www.inaturalist.org/photos/33820500		LSchare (she/her)	81779											18530	California Pollination Project
59fac20f-2c76-4745-9fd4-7737db57b48a				https://www.inaturalist.org/photos/33820500		LSchare (she/her)	81779											18530	California Pollination Project
e21cec0a-24ef-4882-8482-71c374d3617d				https://www.inaturalist.org/photos/33820500		LSchare (she/her)	81779											18530	California Pollination Project
a43e4734-ad40-452b-9810-1143fe503e2d				https://www.inaturalist.org/photos/33820500		LSchare (she/her)	81779											18530	California Pollination Project
c969cd52-63e7-4cf7-a0f7-917f7f7fa2ec				https://www.inaturalist.org/photos/33820500		Casey H. Richart	34488											18530	California Pollination Project
2ea9d241-42ed-4045-ae6c-940180078637				https://www.inaturalist.org/photos/33820500		Stephanie Calloway	195291											18530	California Pollination Project
b8e1e3b4-0770-4356-9720-bddd5af96820				https://www.inaturalist.org/photos/33820500		LSchare (she/her)	81779											18530	California Pollination Project
86e7dc87-fa4f-493c-bd38-3e80aaf1ccbf				https://www.inaturalist.org/photos/33820500		Casey H. Richart	34488											18530	California Pollination Project
23140d68-56d1-4022-b9cc-a2bb9920ce55				https://www.inaturalist.org/photos/33820500		Casey H. Richart	34488											18530	California Pollination Project
ed2c1f7b-57dc-41bc-bd9b-080ea0cb2c40				https://www.inaturalist.org/photos/33820500		Katherine Hadary	1424366											18530	California Pollination Project
3899fd70-0bda-4ed9-aa47-f5036a76e422				https://www.inaturalist.org/photos/33820500		Casey H. Richart	34488											18530	California Pollination Project
c81d22de-8cbd-419f-9b60-396873aa8dcf				https://www.inaturalist.org/photos/33820500		Andrea Kreuzhage	828394											18530	California Pollination Project
5d3f223d-81a8-4d96-baf4-b37726a5a996				https://www.inaturalist.org/photos/33820500		Jenny Hazlehurst	513070											18530	California Pollination Project
138cc5be-6695-425c-bdb9-6610d550bbfd				https://www.inaturalist.org/photos/33820500		Dkt7sc	477693											18530	California Pollination Project
6124af3c-0c61-48fc-97b5-e279638d3ec5				https://www.inaturalist.org/photos/33820500		Sabina Lucke Lawrence	1167463											18530	California Pollination Project
af22ea04-c0d7-46b8-ba7b-f687b8cbf05a				https://www.inaturalist.org/photos/33820500		Dkt7sc	477693											18530	California Pollination Project
635a5e95-1c83-4986-9012-e03938a8f764				https://www.inaturalist.org/photos/33820500		LSchare (she/her)	81779											18530	California Pollination Project
fdde2d32-3a26-42bd-94cd-7e3a5ecf4f5e				https://www.inaturalist.org/photos/33820500		LSchare (she/her)	81779											18530	California Pollination Project
24626bc3-1726-4a78-bcdd-461d0d2da43c				https://www.inaturalist.org/photos/33820500		Demi Eslava	1577275											18530	California Pollination Project
29855bcd-564e-4381-b8d7-dc987f82602c				https://www.inaturalist.org/photos/33820500		LSchare (she/her)	81779											18530	California Pollination Project
e26fa8dd-85a7-4f15-8467-fe1d500aab3f				https://www.inaturalist.org/photos/33820500		LSchare (she/her)	81779											18530	California Pollination Project
44c1b3f2-5294-4406-9ff4-61db1c25ad5c				https://www.inaturalist.org/photos/33820500		Andrea Kreuzhage	828394											18530	California Pollination Project
95743f59-5219-4250-b7a7-3ebfb47acef7				https://www.inaturalist.org/photos/33820500		Sabina Lucke Lawrence	1167463											18530	California Pollination Project
2598b4b2-1956-4969-b9a0-30f649526d88				https://www.inaturalist.org/photos/33820500		Casey H. Richart	34488											18530	California Pollination Project
51d49f8d-bf69-4ee2-bb73-b8c27a7f1ce9				https://www.inaturalist.org/photos/33820500		LSchare (she/her)	81779											18530	California Pollination Project
733554bd-20c4-4a12-afd1-e70305e1482e				https://www.inaturalist.org/photos/33820500		Katherine Hadary	1424366											18530	California Pollination Project
1be85747-980e-4b8e-8fb5-44310c03a625				https://www.inaturalist.org/photos/33820500		Sabina Lucke Lawrence	1167463											18530	California Pollination Project
44ebd097-a22b-462b-bcef-a31c6a36bb73				https://www.inaturalist.org/photos/33820500		Andrea Kreuzhage	828394											18530	California Pollination Project
97a1e398-fe19-4c18-8fff-cb9d098f3e38				https://www.inaturalist.org/photos/33820500		LSchare (she/her)	81779											18530	California Pollination Project
8052c9eb-bf22-40d3-9132-20bf3266d605				https://www.inaturalist.org/photos/33820500		LSchare (she/her)	81779											18530	California Pollination Project
b5cba63a-f56b-46f5-ac02-86385b27bc52				https://www.inaturalist.org/photos/33820500		LSchare (she/her)	81779											18530	California Pollination Project
ad1ef397-ab02-4409-af84-78fadce08a33				https://www.inaturalist.org/photos/33820500		LSchare (she/her)	81779											18530	California Pollination Project
0ed8abc0-7d95-42b0-a3c2-7d706160f288				https://www.inaturalist.org/photos/33820500		Casey H. Richart	34488											18530	California Pollination Project
2eb2fd4c-29b7-46c7-9dd9-d499ee015616				https://www.inaturalist.org/photos/33820500		Casey H. Richart	34488											18530	California Pollination Project
21144790-7e18-4ef9-85ef-6014c29df460				https://www.inaturalist.org/photos/33820500		Casey H. Richart	34488											18530	California Pollination Project
f53eaa40-e86f-4b79-8ec7-f2bf4a13743f				https://www.inaturalist.org/photos/33820500		Cedric Lee	12809											18530	California Pollination Project
ac7ec63e-7477-497b-b28c-dd3ada1c5282				https://www.inaturalist.org/photos/33820500		Sabina Lucke Lawrence	1167463											18530	California Pollination Project
2e8599f5-797d-49a4-a524-a3b5a9ef2a54				https://www.inaturalist.org/photos/33820500		LSchare (she/her)	81779											18530	California Pollination Project
b0a65904-acfd-4e73-b3e4-3055542cac46				https://www.inaturalist.org/photos/33820500		Nancy Hamlett	522768											18530	California Pollination Project
521a0493-50cd-49ad-8efe-4a56edaeae28				https://www.inaturalist.org/photos/33820500		LSchare (she/her)	81779											18530	California Pollination Project
50f09023-d6a3-4100-9a70-ef23dce7ec68				https://www.inaturalist.org/photos/33820500		LSchare (she/her)	81779											18530	California Pollination Project
0a476804-eb78-4261-9953-6b847327e18d				https://www.inaturalist.org/photos/33820500		Andrea Kreuzhage	828394											18530	California Pollination Project
48c21689-0c6b-4327-8136-29215d10ce2a				https://www.inaturalist.org/photos/33820500		Casey H. Richart	34488											18530	California Pollination Project
c5d08b7d-c86a-4361-a32a-06e659b59064				https://www.inaturalist.org/photos/33820500		LSchare (she/her)	81779											18530	California Pollination Project
0e35738a-ba07-4412-b444-84cddfa64cd6				https://www.inaturalist.org/photos/33820500		Andrea Kreuzhage	828394											18530	California Pollination Project
39b0629f-daa8-4dc2-b25c-08526d4154a9				https://www.inaturalist.org/photos/33820500		LSchare (she/her)	81779											18530	California Pollination Project
9829de30-9e56-4b2c-924b-0f5e7c112eda				https://www.inaturalist.org/photos/33820500		Casey H. Richart	34488											18530	California Pollination Project
a27c1296-28ec-4fc1-966f-b93d009d3a76				https://www.inaturalist.org/photos/33820500		Casey H. Richart	34488											18530	California Pollination Project
4c8d2707-2f99-4a96-beed-4e5d673d8b41				https://www.inaturalist.org/photos/33820500		LSchare (she/her)	81779											18530	California Pollination Project
a56ee46a-3670-42c4-8506-2638bc7c879f				https://www.inaturalist.org/photos/33820500		LSchare (she/her)	81779											18530	California Pollination Project
83d7ece8-b33b-4133-b849-feadf2df4342				https://www.inaturalist.org/photos/33820500		Casey H. Richart	34488											18530	California Pollination Project
ab272768-9588-48f3-9b5f-3ac025e25e1e				https://www.inaturalist.org/photos/33820500		Andrea Kreuzhage	828394											18530	California Pollination Project
12f45337-85d3-4dee-9a6e-098e43a0ce1f				https://www.inaturalist.org/photos/33820500		LSchare (she/her)	81779											18530	California Pollination Project
618d2319-8456-4526-9d95-51cace6bf87d				https://www.inaturalist.org/photos/33820500		LSchare (she/her)	81779											18530	California Pollination Project
2f516095-0b17-4bd9-b07a-e411e0263a64				https://www.inaturalist.org/photos/33820500		Casey H. Richart	34488											18530	California Pollination Project
a6213d7b-8293-4172-bfc8-5147f4eb8864				https://www.inaturalist.org/photos/33820500		Casey H. Richart	34488											18530	California Pollination Project
aa5662e6-59b2-4ad8-9149-3a20ffca997c				https://www.inaturalist.org/photos/33820500		Casey H. Richart	34488											18530	California Pollination Project
c6b96f22-6576-4f4f-b3c5-c6b4e1953f85				https://www.inaturalist.org/photos/33820500		Casey H. Richart	34488											18530	California Pollination Project
0dfa14c0-1260-4ed0-ac37-903914840077				https://www.inaturalist.org/photos/33820500		Casey H. Richart	34488											18530	California Pollination Project
5627402d-8ab5-459d-a539-56525f68ff71				https://www.inaturalist.org/photos/33820500		LSchare (she/her)	81779											18530	California Pollination Project
7daaeb2e-20a0-4d58-9201-aa155f1257ed				https://www.inaturalist.org/photos/33820500			497764											18530	California Pollination Project
005e3edc-4a05-4348-b97a-e2e70271c206				https://www.inaturalist.org/photos/33820500		LSchare (she/her)	81779											18530	California Pollination Project
72abca1d-d8e8-4627-9059-45ef50c08b0b				https://www.inaturalist.org/photos/33820500		LSchare (she/her)	81779											18530	California Pollination Project
03a55436-52cc-4272-adc7-3131d85ca53f				https://www.inaturalist.org/photos/33820500		Casey H. Richart	34488											18530	California Pollination Project
298b342d-4c45-4f55-b1bd-cc32e671ad6e				https://www.inaturalist.org/photos/33820500		Casey H. Richart	34488											18530	California Pollination Project
6af1c557-a5fa-4115-8a9d-1a3a9a5a1353				https://www.inaturalist.org/photos/33820500		LSchare (she/her)	81779											18530	California Pollination Project
88af79ef-5e57-4527-a07a-63ba1324be8d				https://www.inaturalist.org/photos/33820500		Casey H. Richart	34488											18530	California Pollination Project
6b45d36c-fcf1-4337-b37f-8c3e53aa6033				https://www.inaturalist.org/photos/33820500		LSchare (she/her)	81779											18530	California Pollination Project
eeb309c0-d989-43d6-bb8e-691dc818cf45				https://www.inaturalist.org/photos/33820500		LSchare (she/her)	81779											18530	California Pollination Project
f1823b76-0813-4941-8175-205c1886c488				https://www.inaturalist.org/photos/33820500		Casey H. Richart	34488											18530	California Pollination Project
9d0cf9f7-90fb-4b65-9f66-442c18a369db				https://www.inaturalist.org/photos/33820500		Nancy Hamlett	522768											18530	California Pollination Project
b89e0566-9257-4269-ac17-745d80af4174				https://www.inaturalist.org/photos/33820500			23091											18530	California Pollination Project
a6103791-6e7b-42c5-8487-3172b2a43226				https://www.inaturalist.org/photos/33820500		Jenny Hazlehurst	513070											18530	California Pollination Project
718a84b7-466f-469a-9cfd-173d26a46789				https://www.inaturalist.org/photos/33820500		LSchare (she/her)	81779											18530	California Pollination Project
59871ad1-4b73-4e4f-96ae-920280df2feb				https://www.inaturalist.org/photos/33820500		LSchare (she/her)	81779											18530	California Pollination Project
f52a32a2-8b54-4730-bc32-876748016ead				https://www.inaturalist.org/photos/33820500		LSchare (she/her)	81779											18530	California Pollination Project
3b4ec515-b984-4bda-9855-8e831ba3e351				https://www.inaturalist.org/photos/33820500		LSchare (she/her)	81779											18530	California Pollination Project
aafcb0c1-c8bd-41c5-8a20-bc8946dd39ed				https://www.inaturalist.org/photos/33820500		Casey H. Richart	34488											18530	California Pollination Project
53b990e2-6cd5-440b-b0ac-9783d1013dd1				https://www.inaturalist.org/photos/33820500		Casey H. Richart	34488											18530	California Pollination Project
49c75811-86f8-477d-873b-05d5edcfbcf3				https://www.inaturalist.org/photos/33820500		Casey H. Richart	34488											18530	California Pollination Project
d9166c61-af24-4d44-8895-4d2a2b02d4db				https://www.inaturalist.org/photos/33820500		Andrea Kreuzhage	828394											18530	California Pollination Project
7b685e67-716d-4fcc-8982-aabf681b4694				https://www.inaturalist.org/photos/33820500		LSchare (she/her)	81779											18530	California Pollination Project
7a0948ab-7fac-490f-8861-9318de4c6b8d				https://www.inaturalist.org/photos/33820500		Casey H. Richart	34488											18530	California Pollination Project
b0c58710-c3e0-42e4-bd8d-75f1825e8c9d				https://www.inaturalist.org/photos/33820500		Casey H. Richart	34488											18530	California Pollination Project
dbb63df4-91bd-4acf-8d8a-4c0dff3775ab				https://www.inaturalist.org/photos/33820500		LSchare (she/her)	81779											18530	California Pollination Project
ffe3bf35-ff50-415e-ba1b-e50fd19a5890				https://www.inaturalist.org/photos/33820500		LSchare (she/her)	81779											18530	California Pollination Project
076491b1-bc1a-4678-b7d3-0cfc64dada63				https://www.inaturalist.org/photos/33820500		Jenny Hazlehurst	513070											18530	California Pollination Project
4913fd55-b093-4e8e-9772-bd3b58ddb21b				https://www.inaturalist.org/photos/33820500		LSchare (she/her)	81779											18530	California Pollination Project
93c9160c-ab27-4a60-87ba-1b7fd0c2155b				https://www.inaturalist.org/photos/33820500		LSchare (she/her)	81779											18530	California Pollination Project
436d96ee-ad01-4f2a-a491-99dc3be666b1				https://www.inaturalist.org/photos/33820500		LSchare (she/her)	81779											18530	California Pollination Project
da8bd627-ede0-4bb4-8e81-7c6a4adbe886				https://www.inaturalist.org/photos/33820500		Casey H. Richart	34488											18530	California Pollination Project
9067c154-18e2-4e9a-91cf-8409161a3d44				https://www.inaturalist.org/photos/33820500		Casey H. Richart	34488											18530	California Pollination Project
2bbdc1af-bf34-4d88-80b8-4f6bfb589a19				https://www.inaturalist.org/photos/33820500		Dkt7sc	477693											18530	California Pollination Project
a0756cc6-0d04-43ac-9a85-6b6c8a6cbe2f				https://www.inaturalist.org/photos/33820500		LSchare (she/her)	81779											18530	California Pollination Project
015533cb-cd5f-4895-8015-81e2436198dc				https://www.inaturalist.org/photos/33820500		Jenny Hazlehurst	513070											18530	California Pollination Project
33780769-d3af-4d7a-b32b-fffa5c310441				https://www.inaturalist.org/photos/33820500		Casey H. Richart	34488											18530	California Pollination Project
9ef94165-9875-4bd5-aeb5-fde9b4477a7e				https://www.inaturalist.org/photos/33820500		Casey H. Richart	34488											18530	California Pollination Project
c37dbb8a-a3b4-4acd-83d1-3b395086283d				https://www.inaturalist.org/photos/33820500		Casey H. Richart	34488											18530	California Pollination Project
302b41ff-c486-48c1-841b-2d03dc1e8e06				https://www.inaturalist.org/photos/33820500		LSchare (she/her)	81779											18530	California Pollination Project
d56ff8b8-6eaa-4f2e-8c78-9218b1dc2708				https://www.inaturalist.org/photos/33820500		LSchare (she/her)	81779											18530	California Pollination Project
e4d1eae7-12dd-496f-b857-8911b4311c4a				https://www.inaturalist.org/photos/33820500		LSchare (she/her)	81779											18530	California Pollination Project
9220cf39-47d0-4467-b2c1-fb09739b8f4b				https://www.inaturalist.org/photos/33820500		Casey H. Richart	34488											18530	California Pollination Project
d9a9c0a3-7beb-4ae5-bf38-4a05cc302f85				https://www.inaturalist.org/photos/33820500		Casey H. Richart	34488											18530	California Pollination Project
12b48512-11e2-4c55-9855-f059ecdc6ba9				https://www.inaturalist.org/photos/33820500		Casey H. Richart	34488											18530	California Pollination Project
f24ae5f4-761a-485f-a769-b0ca73a80e8a				https://www.inaturalist.org/photos/33820500		Casey H. Richart	34488											18530	California Pollination Project
79050773-654c-4fc6-86f2-e3d46880d181				https://www.inaturalist.org/photos/33820500		The Hog Potato	164822											18530	California Pollination Project
956ddab7-86cf-4f2e-b584-f1679fd561bb				https://www.inaturalist.org/photos/33820500		LSchare (she/her)	81779											18530	California Pollination Project
366cadef-f5fc-4ad5-9516-b03bda77ea7f				https://www.inaturalist.org/photos/33820500		LSchare (she/her)	81779											18530	California Pollination Project
fac6d958-5597-44f1-8fbd-b252d2b57692				https://www.inaturalist.org/photos/33820500		Sabina Lucke Lawrence	1167463											18530	California Pollination Project
622c6f37-f1a2-4b78-8074-cc3852737d14				https://www.inaturalist.org/photos/33820500		LSchare (she/her)	81779											18530	California Pollination Project
d41bebe7-98ea-4f14-8c8e-66b98a463bec				https://www.inaturalist.org/photos/33820500		Casey H. Richart	34488											18530	California Pollination Project
5b9f43c9-f44c-4f9e-a0bd-e239e5c988b8				https://www.inaturalist.org/photos/33820500		Casey H. Richart	34488											18530	California Pollination Project
cab273e8-67e6-4204-b428-4590ff11560f				https://www.inaturalist.org/photos/33820500		Cedric Lee	12809											18530	California Pollination Project
90c47e48-ed74-4b26-9208-98c4c7eba24b				https://www.inaturalist.org/photos/33820500		LSchare (she/her)	81779											18530	California Pollination Project
251661f9-119d-4fcc-9df3-f8eb072f7fde				https://www.inaturalist.org/photos/33820500		Casey H. Richart	34488											18530	California Pollination Project
52077221-88e9-4dd5-8a6b-08c78714a5fd				https://www.inaturalist.org/photos/33820500		Jenny Hazlehurst	513070											18530	California Pollination Project
73227406-bebd-4427-b106-6ebe3b601c90				https://www.inaturalist.org/photos/33820500		Andrea Kreuzhage	828394											18530	California Pollination Project
8bd4be5c-01b0-43fc-8fc9-2249784660e8				https://www.inaturalist.org/photos/33820500		LSchare (she/her)	81779											18530	California Pollination Project
e623281b-16fd-4fac-9320-884d642ab20a				https://www.inaturalist.org/photos/33820500		Casey H. Richart	34488											18530	California Pollination Project
13336a9b-47d6-447c-81cf-5e44011e5780				https://www.inaturalist.org/photos/33820500		Katherine Hadary	1424366											18530	California Pollination Project
3f7ee167-2986-4804-bb06-cbc79ba38a12				https://www.inaturalist.org/photos/33820500		LSchare (she/her)	81779											18530	California Pollination Project
d0f3d660-b4f6-46c5-bbdd-e2bb1fe1772c				https://www.inaturalist.org/photos/33820500			497764											18530	California Pollination Project
7dfef0af-2ff8-4156-916e-7a55c6880ba5				https://www.inaturalist.org/photos/33820500		LSchare (she/her)	81779											18530	California Pollination Project
cd4021a4-4072-4a53-acde-53edb1ee8e7f				https://www.inaturalist.org/photos/33820500		LSchare (she/her)	81779											18530	California Pollination Project
cb86e300-48cf-44a4-9219-cac1cdfda87e				https://www.inaturalist.org/photos/33820500		Casey H. Richart	34488											18530	California Pollination Project
040109d2-4de8-416a-90cb-10a43abc305f				https://www.inaturalist.org/photos/33820500		Jenny Hazlehurst	513070											18530	California Pollination Project
28d85d88-f34d-4b98-ae2b-a0fe144001b4				https://www.inaturalist.org/photos/33820500		LSchare (she/her)	81779											18530	California Pollination Project
837f1c5c-f838-41ed-9b5e-b87c0f5a7aef				https://www.inaturalist.org/photos/33820500		LSchare (she/her)	81779											18530	California Pollination Project
9f9d84e4-8b2d-4893-a1eb-f037ae9d04d9				https://www.inaturalist.org/photos/33820500		Casey H. Richart	34488											18530	California Pollination Project
ff8a6d48-e103-48d9-a0e2-152ef0bbffcc				https://www.inaturalist.org/photos/33820500		Casey H. Richart	34488											18530	California Pollination Project
e1aea929-7f9c-49b8-83f9-62d7e8aaa6df				https://www.inaturalist.org/photos/33820500		Casey H. Richart	34488											18530	California Pollination Project
41a39ba6-8ed1-4c2c-8dd2-9a5c89e8e58e				https://www.inaturalist.org/photos/33820500		LSchare (she/her)	81779											18530	California Pollination Project
8da6160c-73e1-4a1d-807b-458de890757e				https://www.inaturalist.org/photos/33820500		LSchare (she/her)	81779											18530	California Pollination Project
997771b1-d6b0-4948-bd13-7353593140d7				https://www.inaturalist.org/photos/33820500		Casey H. Richart	34488											18530	California Pollination Project
014f51a2-19dc-474d-8b62-248d65f7cea1				https://www.inaturalist.org/photos/33820500		Casey H. Richart	34488											18530	California Pollination Project
474c5f3a-46f1-455b-a7e8-0abb42ed3e41				https://www.inaturalist.org/photos/33820500		Casey H. Richart	34488											18530	California Pollination Project
ff210586-3173-41bb-a3f4-fb5154ab708d				https://www.inaturalist.org/photos/33820500		Dkt7sc	477693											18530	California Pollination Project
9a1bd81b-8849-4593-8641-1d92c3f80ed2				https://www.inaturalist.org/photos/33820500		Casey H. Richart	34488											18530	California Pollination Project
8a6c0719-2724-4750-8b83-1848a33973a5				https://www.inaturalist.org/photos/33820500		LSchare (she/her)	81779											18530	California Pollination Project
294c804d-9637-471e-a4e9-49212e704eb3				https://www.inaturalist.org/photos/33820500		LSchare (she/her)	81779											18530	California Pollination Project
694e26c0-b7fe-4266-85db-79d0a36fca76				https://www.inaturalist.org/photos/33820500		LSchare (she/her)	81779											18530	California Pollination Project
2c333f32-9a02-477e-be84-d9126fc2fd38				https://www.inaturalist.org/photos/33820500		Jenny Hazlehurst	513070											18530	California Pollination Project
c044c407-13b0-433b-8be3-4b05ae5a1557				https://www.inaturalist.org/photos/33820500		Casey H. Richart	34488											18530	California Pollination Project
c5d5b188-f895-4b73-a17b-6eb9854e271b				https://www.inaturalist.org/photos/33820500		LSchare (she/her)	81779											18530	California Pollination Project
053569e6-599e-4258-b4a3-0a443b560e3e				https://www.inaturalist.org/photos/33820500		Katherine Hadary	1424366											18530	California Pollination Project
b1b7945e-9027-41ec-88c3-578f82f3f4be				https://www.inaturalist.org/photos/33820500		LSchare (she/her)	81779											18530	California Pollination Project
9e5bcdb4-4577-4c51-b54b-e017edad7dc5				https://www.inaturalist.org/photos/33820500		Casey H. Richart	34488											18530	California Pollination Project
10344bd1-9db7-419d-8754-3e8bfb79a825				https://www.inaturalist.org/photos/33820500		LSchare (she/her)	81779											18530	California Pollination Project
221959c1-6fc6-4c76-918a-2f2f6db8821c				https://www.inaturalist.org/photos/33820500		Jenny Hazlehurst	513070											18530	California Pollination Project
5d7542c6-9453-4be3-97cc-695e3bde9e18				https://www.inaturalist.org/photos/33820500		Casey H. Richart	34488											18530	California Pollination Project
c6559d67-ccb6-4169-8c4a-fa14f8415a74				https://www.inaturalist.org/photos/33820500		LSchare (she/her)	81779											18530	California Pollination Project
17629fda-85fb-4aca-bd0e-a58fd2f0e98b				https://www.inaturalist.org/photos/33820500		Jenny Hazlehurst	513070											18530	California Pollination Project
d03f94de-8d1f-4d3b-9d89-cae409ba494f				https://www.inaturalist.org/photos/33820500		Casey H. Richart	34488											18530	California Pollination Project
cf8ede6e-347b-4675-b37e-986c890bc0f7				https://www.inaturalist.org/photos/33820500		Sabina Lucke Lawrence	1167463											18530	California Pollination Project
91b8196f-28bc-44d8-8969-b298eb0ad81e				https://www.inaturalist.org/photos/33820500		Casey H. Richart	34488											18530	California Pollination Project
6fe98467-0c4c-4b8d-b694-1406c45f18bb				https://www.inaturalist.org/photos/33820500		LSchare (she/her)	81779											18530	California Pollination Project
1cc5d371-f642-4621-b359-86fd8eb118af				https://www.inaturalist.org/photos/33820500		LSchare (she/her)	81779											18530	California Pollination Project
78b5287f-7a07-48de-af2b-de197638ea6b				https://www.inaturalist.org/photos/33820500		Casey H. Richart	34488											18530	California Pollination Project
421d79cc-8648-4c3b-ac17-f8cfc19d50c5				https://www.inaturalist.org/photos/33820500		LSchare (she/her)	81779											18530	California Pollination Project
307ba31e-b109-49ba-9918-d42e6b4e4aad				https://www.inaturalist.org/photos/33820500		Andrea Kreuzhage	828394											18530	California Pollination Project
51f56dcf-9b4f-4735-b8fb-05b1d02181de				https://www.inaturalist.org/photos/33820500		Casey H. Richart	34488											18530	California Pollination Project
c05c829a-7978-499f-8400-a364fa31fe1d				https://www.inaturalist.org/photos/33820500		David Kaposi	109975											18530	California Pollination Project
aff931aa-33ac-40e7-9ca4-9d3122c3f895				https://www.inaturalist.org/photos/33820500		Dkt7sc	477693											18530	California Pollination Project
fe873c01-fd54-41f7-9a23-83c01e5ce17d				https://www.inaturalist.org/photos/33820500		LSchare (she/her)	81779											18530	California Pollination Project
f0baa956-6ba5-4e59-a57f-b5e5f4210cb0				https://www.inaturalist.org/photos/33820500		Casey H. Richart	34488											18530	California Pollination Project
58e448ab-f82a-4901-8613-948f1f04878f				https://www.inaturalist.org/photos/33820500		LSchare (she/her)	81779											18530	California Pollination Project
7a87bb38-be7d-4c94-9927-d629e7ad5be9				https://www.inaturalist.org/photos/33820500		Demi Eslava	1577275											18530	California Pollination Project
e0dfe570-5800-4426-be4d-102f8ff90dd6				https://www.inaturalist.org/photos/33820500		Casey H. Richart	34488											18530	California Pollination Project
1e109c62-2e6e-4dff-b45f-6ff113784f0f				https://www.inaturalist.org/photos/33820500		LSchare (she/her)	81779											18530	California Pollination Project
70b23f5a-bfd3-4721-9dce-53fdcb7ce536				https://www.inaturalist.org/photos/33820500		LSchare (she/her)	81779											18530	California Pollination Project
4c64877d-19c5-4d4f-aefb-a6f75c9b1aae				https://www.inaturalist.org/photos/33820500		LSchare (she/her)	81779											18530	California Pollination Project
bd386bfd-42ee-4cc5-beb7-7ae6cdca59a1				https://www.inaturalist.org/photos/33820500		Casey H. Richart	34488											18530	California Pollination Project
3f5d46c8-5547-4098-a158-190f5c5660b8				https://www.inaturalist.org/photos/33820500		LSchare (she/her)	81779											18530	California Pollination Project
87c1fbd8-a447-43e4-8a3e-abc7b827da4a				https://www.inaturalist.org/photos/33820500		LSchare (she/her)	81779											18530	California Pollination Project
d4453b92-bb2f-4881-89a5-803d40f41a49				https://www.inaturalist.org/photos/33820500		Katherine Hadary	1424366											18530	California Pollination Project
ae6dfb7e-035f-4150-86f6-c8e16f0ecf0e				https://www.inaturalist.org/photos/33820500		LSchare (she/her)	81779											18530	California Pollination Project
1c100109-4477-4360-a983-a2f70eb32bf2				https://www.inaturalist.org/photos/33820500		LSchare (she/her)	81779											18530	California Pollination Project
f48bd3a9-1409-4d56-8700-b09cef1a97be				https://www.inaturalist.org/photos/33820500		David Kaposi	109975											18530	California Pollination Project
69245d25-b045-4f04-ba25-d24511cc80eb				https://www.inaturalist.org/photos/33820500		Sabina Lucke Lawrence	1167463											18530	California Pollination Project
19fc667a-aa7e-4a46-87e7-1dda8cd33a98				https://www.inaturalist.org/photos/33820500		LSchare (she/her)	81779											18530	California Pollination Project
8348cf85-4dbe-46cb-a675-a320a68be22b				https://www.inaturalist.org/photos/33820500		Casey H. Richart	34488											18530	California Pollination Project
f24ab05a-d1d1-4abe-87f6-892b5d6e9fa0				https://www.inaturalist.org/photos/33820500		Jenny Hazlehurst	513070											18530	California Pollination Project
62cd1043-cee2-4eb0-a8e7-3527d5c87bea				https://www.inaturalist.org/photos/33820500		Casey H. Richart	34488											18530	California Pollination Project
541cb232-1c88-45bd-993e-8b183d2bab20				https://www.inaturalist.org/photos/33820500		Cedric Lee	12809											18530	California Pollination Project
baf6d512-f0d3-4522-8e80-d23fa176894d				https://www.inaturalist.org/photos/33820500		Cedric Lee	12809											18530	California Pollination Project
29054d60-af4b-47dc-ae69-5a39e00c4ac7				https://www.inaturalist.org/photos/33820500		Dkt7sc	477693											18530	California Pollination Project
b5c01cd4-da80-4422-937d-7a45ed41c175				https://www.inaturalist.org/photos/33820500		Casey H. Richart	34488											18530	California Pollination Project
73e38153-ce56-4086-97d2-e37916e97e2c				https://www.inaturalist.org/photos/33820500		Nancy Hamlett	522768											18530	California Pollination Project
c4d61e4c-9b67-4bcb-98b7-f64b4ca9e6c6				https://www.inaturalist.org/photos/33820500		Casey H. Richart	34488											18530	California Pollination Project
d7b26c65-964c-4523-8658-7f6a7186ed4c				https://www.inaturalist.org/photos/33820500		Casey H. Richart	34488											18530	California Pollination Project
c46ec64f-abb5-46c7-a05d-9de57f5e0068				https://www.inaturalist.org/photos/33820500		Casey H. Richart	34488											18530	California Pollination Project
6b132ca3-f0fb-4602-81ec-1b7d56bb8f62				https://www.inaturalist.org/photos/33820500		LSchare (she/her)	81779											18530	California Pollination Project
74fd48bb-e284-46ac-9ca0-11666a86082a				https://www.inaturalist.org/photos/33820500		LSchare (she/her)	81779											18530	California Pollination Project
1704f04e-1018-47f0-af4d-331d76161cc6				https://www.inaturalist.org/photos/33820500		LSchare (she/her)	81779											18530	California Pollination Project
d56df46b-660b-4f89-8908-42118ba9bb0c				https://www.inaturalist.org/photos/33820500		LSchare (she/her)	81779											18530	California Pollination Project
e668f83a-f42d-407e-94a0-817694663f5f				https://www.inaturalist.org/photos/33820500		LSchare (she/her)	81779											18530	California Pollination Project
182e736d-1b2e-468a-b4be-9c9e21c2e2c1				https://www.inaturalist.org/photos/33820500		LSchare (she/her)	81779											18530	California Pollination Project
d68979cc-23f9-4c57-8892-9ded35db39b5				https://www.inaturalist.org/photos/33820500		LSchare (she/her)	81779											18530	California Pollination Project
1fa36d29-b6e2-42f8-991c-da848683036f				https://www.inaturalist.org/photos/33820500		LSchare (she/her)	81779											18530	California Pollination Project
bbc2bcba-582a-4501-8bac-637c4723b2ba				https://www.inaturalist.org/photos/33820500		Andrea Kreuzhage	828394											18530	California Pollination Project
40cfa816-c878-4816-a038-f26ed3e733d2				https://www.inaturalist.org/photos/33820500		Cedric Lee	12809											18530	California Pollination Project
ab5dbbd1-7085-46e8-a03e-ef5f528d112a				https://www.inaturalist.org/photos/33820500		Casey H. Richart	34488											18530	California Pollination Project
542692ee-c4b6-42fd-a9f9-e0332320ded8				https://www.inaturalist.org/photos/33820500		LSchare (she/her)	81779											18530	California Pollination Project
763ea4cf-8581-4f1f-a12b-00c16e6b3679				https://www.inaturalist.org/photos/33820500		Casey H. Richart	34488											18530	California Pollination Project
44be5da2-a8b4-4497-acac-84cb8b24b3c6				https://www.inaturalist.org/photos/33820500		Sabina Lucke Lawrence	1167463											18530	California Pollination Project
d97d759b-88f0-4847-a7a5-315112f7b22b				https://www.inaturalist.org/photos/33820500		LSchare (she/her)	81779											18530	California Pollination Project
f5dab6e4-82bc-47b5-a785-972f0acfd208				https://www.inaturalist.org/photos/33820500		LSchare (she/her)	81779											18530	California Pollination Project
8a97fc88-465b-429d-954b-d459b433f424				https://www.inaturalist.org/photos/33820500		LSchare (she/her)	81779											18530	California Pollination Project
c768848c-788b-49e6-a099-c95acb137c41				https://www.inaturalist.org/photos/33820500		LSchare (she/her)	81779											18530	California Pollination Project
10d83b7f-1988-4fc1-bab4-6cfc509375b8				https://www.inaturalist.org/photos/33820500		LSchare (she/her)	81779											18530	California Pollination Project
330e5beb-5628-4d50-9026-e11c8eaedded				https://www.inaturalist.org/photos/33820500		Casey H. Richart	34488											18530	California Pollination Project
dd814842-b342-4f73-9841-8a7f9d005918				https://www.inaturalist.org/photos/33820500		Casey H. Richart	34488											18530	California Pollination Project
201fe818-80d2-4d6e-94d8-4d02e4c56699				https://www.inaturalist.org/photos/33820500		LSchare (she/her)	81779											18530	California Pollination Project
86b10db3-85ee-43ac-8b88-33da6034db95				https://www.inaturalist.org/photos/33820500		Casey H. Richart	34488											18530	California Pollination Project
c5ec3c15-dbce-4535-a5f6-67d3bd77b0fb				https://www.inaturalist.org/photos/33820500		Jenny Hazlehurst	513070											18530	California Pollination Project
a9f5fa59-4618-4497-af33-8e8c6652c113				https://www.inaturalist.org/photos/33820500		Andrea Kreuzhage	828394											18530	California Pollination Project
7a12e08c-15be-4f9f-894b-81e7076c9928				https://www.inaturalist.org/photos/33820500		Cedric Lee	12809											18530	California Pollination Project
685713b6-e747-4e5e-ae9e-bc96d9b8abaa				https://www.inaturalist.org/photos/33820500		Casey H. Richart	34488											18530	California Pollination Project
32a2c862-2123-43b0-aa42-1f8269f79c36				https://www.inaturalist.org/photos/33820500		Casey H. Richart	34488											18530	California Pollination Project
ccae9e41-1326-48af-a500-f33cecc34e1a				https://www.inaturalist.org/photos/33820500		Demi Eslava	1577275											18530	California Pollination Project
fc63bb9f-bf97-4d8c-8c3b-a493214bd6fb				https://www.inaturalist.org/photos/33820500		LSchare (she/her)	81779											18530	California Pollination Project
7cfc6aba-5006-4f35-b2f1-2bf195e09d64				https://www.inaturalist.org/photos/33820500		LSchare (she/her)	81779											18530	California Pollination Project
87eaf003-05d8-444f-bec1-c9fc10aca973				https://www.inaturalist.org/photos/33820500		Casey H. Richart	34488											18530	California Pollination Project
5d16ad9d-e2dd-441f-b7f5-95c9c7792b58				https://www.inaturalist.org/photos/33820500		Cedric Lee	12809											18530	California Pollination Project
0b50f435-de8c-4c8d-a117-f02707b89bed				https://www.inaturalist.org/photos/33820500		LSchare (she/her)	81779											18530	California Pollination Project
029e7261-07e4-4134-a2c3-cd3acb8caa43				https://www.inaturalist.org/photos/33820500		Jenny Hazlehurst	513070											18530	California Pollination Project
204ad6c4-0aa4-47fd-b5f8-5b99d9bb96c0				https://www.inaturalist.org/photos/33820500		Sabina Lucke Lawrence	1167463											18530	California Pollination Project
6ce3b047-645e-4dd2-9608-1b32124570a3				https://www.inaturalist.org/photos/33820500		Casey H. Richart	34488											18530	California Pollination Project
5794e507-ce88-4d6c-80ab-08b51d1baff4				https://www.inaturalist.org/photos/33820500		Casey H. Richart	34488											18530	California Pollination Project
b38e13f0-d07f-45b2-95c0-070ba1b42fd3				https://www.inaturalist.org/photos/33820500		LSchare (she/her)	81779											18530	California Pollination Project
0418f94c-db70-428b-abc0-5dcd7772efe6				https://www.inaturalist.org/photos/33820500		LSchare (she/her)	81779											18530	California Pollination Project
ef7ce525-564d-469f-b95c-5fb479c84dfc				https://www.inaturalist.org/photos/33820500		Casey H. Richart	34488											18530	California Pollination Project
62a4c091-2c9d-4669-98bc-0c28f8f94fd6				https://www.inaturalist.org/photos/33820500		Casey H. Richart	34488											18530	California Pollination Project
50c6b287-707c-47b4-9716-f3ed34f318f4				https://www.inaturalist.org/photos/33820500		Sabina Lucke Lawrence	1167463											18530	California Pollination Project
b37e569f-0e48-47b9-9533-3963298d964c				https://www.inaturalist.org/photos/33820500		Casey H. Richart	34488											18530	California Pollination Project
14f1724c-3d94-440c-87c0-126ecf6b81e8				https://www.inaturalist.org/photos/33820500		LSchare (she/her)	81779											18530	California Pollination Project
e7143e02-d2d1-41e0-8b09-1b9f6cdc835c				https://www.inaturalist.org/photos/33820500		LSchare (she/her)	81779											18530	California Pollination Project
b5cc5417-cd3c-478d-b9c9-f30ff2ba1a6f				https://www.inaturalist.org/photos/33820500		Jenny Hazlehurst	513070											18530	California Pollination Project
dc5b7d47-5c5b-4bc8-9f4e-64425575adba				https://www.inaturalist.org/photos/33820500		LSchare (she/her)	81779											18530	California Pollination Project
a49a43ec-304b-46c0-b369-bd7b5b20dcee				https://www.inaturalist.org/photos/33820500		Stephanie Calloway	195291											18530	California Pollination Project
dd20f382-71c6-484d-bfeb-cff23c3a81cb				https://www.inaturalist.org/photos/33820500		Nancy Hamlett	522768											18530	California Pollination Project
358fcb0c-e65d-4e78-8395-dfa04c2f030b				https://www.inaturalist.org/photos/33820500		LSchare (she/her)	81779											18530	California Pollination Project
cc30bace-5e86-4b10-8e2f-e5a8b35528d2				https://www.inaturalist.org/photos/33820500		LSchare (she/her)	81779											18530	California Pollination Project
deb64a5f-b624-4456-9d2a-5edbf4993759				https://www.inaturalist.org/photos/33820500		Casey H. Richart	34488											18530	California Pollination Project
57ff0d38-93dd-4d6c-b3c0-13c525dd4473				https://www.inaturalist.org/photos/33820500		LSchare (she/her)	81779											18530	California Pollination Project
bff0fb6d-9283-4a6e-98b3-38adb9fede86				https://www.inaturalist.org/photos/33820500		LSchare (she/her)	81779											18530	California Pollination Project
515a71dd-08a5-4e73-b328-baaf2e0bbf36				https://www.inaturalist.org/photos/33820500		Casey H. Richart	34488											18530	California Pollination Project
edd8cac6-1e1f-4206-b90c-2db7bcd332ea				https://www.inaturalist.org/photos/33820500		Casey H. Richart	34488											18530	California Pollination Project
45ef2016-9cb6-4bef-8c2f-05455d65a6a5				https://www.inaturalist.org/photos/33820500		LSchare (she/her)	81779											18530	California Pollination Project
aba24b6d-14b9-47d2-bf4f-cdb827881681				https://www.inaturalist.org/photos/33820500		LSchare (she/her)	81779											18530	California Pollination Project
6832870e-01c4-4db1-a656-aa6d9a1ba2d5				https://www.inaturalist.org/photos/33820500		Sula Vanderplank	246499											18530	California Pollination Project
2b39ec35-6bfa-4480-bcbf-c266cdbdb997				https://www.inaturalist.org/photos/33820500		Rosalind Helfand	121050											18530	California Pollination Project
163bc9a8-f582-4b36-b6ed-982110c1766a				https://www.inaturalist.org/photos/33820500		Casey H. Richart	34488											18530	California Pollination Project
c2093db9-31f4-4f5b-8184-baa0e2c1c0d4				https://www.inaturalist.org/photos/33820500		Rosalind Helfand	121050											18530	California Pollination Project
6b2a7560-9d27-4579-a123-733eed603d65				https://www.inaturalist.org/photos/33820500		Casey H. Richart	34488											18530	California Pollination Project
51307226-ecde-41da-84ec-b97611f76e25				https://www.inaturalist.org/photos/33820500		LSchare (she/her)	81779											18530	California Pollination Project
2824c298-3675-494c-8458-8667c59d1e55				https://www.inaturalist.org/photos/33820500		LSchare (she/her)	81779											18530	California Pollination Project
80d26f8d-c196-42a0-9c45-62df1b343266				https://www.inaturalist.org/photos/33820500		LSchare (she/her)	81779											18530	California Pollination Project
afda51c9-14ab-46b4-a50c-759050d4f201				https://www.inaturalist.org/photos/33820500		LSchare (she/her)	81779											18530	California Pollination Project
a9cd0f4e-dc22-480d-a26b-c0f5382de108				https://www.inaturalist.org/photos/33820500		LSchare (she/her)	81779											18530	California Pollination Project
52bf84f4-6fc9-47b5-9f8e-585f88ae9f40				https://www.inaturalist.org/photos/33820500		Cedric Lee	12809											18530	California Pollination Project
a2579ad7-6203-4b57-907f-619015eb99cc				https://www.inaturalist.org/photos/33820500		Casey H. Richart	34488											18530	California Pollination Project
2f1c2536-21c2-406c-85ed-d0a6fe0ca87b				https://www.inaturalist.org/photos/33820500		Casey H. Richart	34488											18530	California Pollination Project
f2772d78-dd39-430e-aebe-eaf2684f1d36				https://www.inaturalist.org/photos/33820500		Jenny Hazlehurst	513070											18530	California Pollination Project
a1f9beec-2c09-4140-b9fa-dabfd33c6c86				https://www.inaturalist.org/photos/33820500		Cedric Lee	12809											18530	California Pollination Project
0d37d2fa-6c37-484f-a4ab-dd827816e53f				https://www.inaturalist.org/photos/33820500		LSchare (she/her)	81779											18530	California Pollination Project
fd12baf0-c75a-430e-9b93-3d88580bc874				https://www.inaturalist.org/photos/33820500		Casey H. Richart	34488											18530	California Pollination Project
81dd6a0d-0307-4287-922c-837a22925112				https://www.inaturalist.org/photos/33820500		Katherine Hadary	1424366											18530	California Pollination Project
af9d0cc4-da81-4ad7-8808-a524bcea2d34				https://www.inaturalist.org/photos/33820500		Demi Eslava	1577275											18530	California Pollination Project
89eae166-9c80-4e20-82be-d62d475dad3b				https://www.inaturalist.org/photos/33820500		Andrea Kreuzhage	828394											18530	California Pollination Project
fdfd4702-da07-46b3-8c1d-60f5476e9875				https://www.inaturalist.org/photos/33820500		Cedric Lee	12809											18530	California Pollination Project
83fd5725-337f-450f-ad20-612339df5735				https://www.inaturalist.org/photos/33820500		Sabina Lucke Lawrence	1167463											18530	California Pollination Project
5c89fef0-560d-463e-91c0-bd6b96572dc4				https://www.inaturalist.org/photos/33820500		Casey H. Richart	34488											18530	California Pollination Project
b84889c9-4d56-4445-b514-4252dd3135b2				https://www.inaturalist.org/photos/33820500		LSchare (she/her)	81779											18530	California Pollination Project
28bbd2d3-2c6f-4733-b947-553cffb785e5				https://www.inaturalist.org/photos/33820500		LSchare (she/her)	81779											18530	California Pollination Project
d8286b9a-e95f-4f0e-bd1d-19eb90912fac				https://www.inaturalist.org/photos/33820500		Casey H. Richart	34488											18530	California Pollination Project
5d71bdcf-d088-4115-8fb0-697539072ddb				https://www.inaturalist.org/photos/33820500		LSchare (she/her)	81779											18530	California Pollination Project
768f1a83-bc7d-4b39-a49c-7acaaf3d6448				https://www.inaturalist.org/photos/33820500		LSchare (she/her)	81779											18530	California Pollination Project
f99aa3f1-0591-48d8-a08d-544483dcf298				https://www.inaturalist.org/photos/33820500		Casey H. Richart	34488											18530	California Pollination Project
4070cf80-97e7-45c0-896f-286a4d2829fe				https://www.inaturalist.org/photos/33820500		LSchare (she/her)	81779											18530	California Pollination Project
b689b348-c944-45af-af58-c3eb2c7ea228				https://www.inaturalist.org/photos/33820500		LSchare (she/her)	81779											18530	California Pollination Project
aa63106d-9229-4705-8bc1-9ad10823b4bb				https://www.inaturalist.org/photos/33820500		Casey H. Richart	34488											18530	California Pollination Project
fec9c631-2535-4ced-adc4-242ea46e7ad0				https://www.inaturalist.org/photos/33820500		LSchare (she/her)	81779											18530	California Pollination Project
38b18bfd-c6ca-458a-afba-7d6a58cac2f8				https://www.inaturalist.org/photos/33820500		Casey H. Richart	34488											18530	California Pollination Project
14a457f5-61ad-4279-a654-46976a034d02				https://www.inaturalist.org/photos/33820500		LSchare (she/her)	81779											18530	California Pollination Project
2f7dd4f5-8d50-4a07-9023-0a36b47b5098				https://www.inaturalist.org/photos/33820500		LSchare (she/her)	81779											18530	California Pollination Project
b9b0c485-2be6-4414-a9ce-68907383d2d2				https://www.inaturalist.org/photos/33820500		LSchare (she/her)	81779											18530	California Pollination Project
52595f33-c66a-446a-b451-b608f237c801				https://www.inaturalist.org/photos/33820500		Dkt7sc	477693											18530	California Pollination Project
f187ee91-b76a-4c0a-bb8a-b66c87a1f9ce				https://www.inaturalist.org/photos/33820500		LSchare (she/her)	81779											18530	California Pollination Project
3a121e66-6158-465a-a3d8-15a24d473dac				https://www.inaturalist.org/photos/33820500		Casey H. Richart	34488											18530	California Pollination Project
493fa574-521e-4def-9768-1e647e2304c9				https://www.inaturalist.org/photos/33820500		LSchare (she/her)	81779											18530	California Pollination Project
fb4617db-7743-4a34-9fea-d4edcd8c9f78				https://www.inaturalist.org/photos/33820500		LSchare (she/her)	81779											18530	California Pollination Project
0c516915-c553-4183-9240-3682242cc40b				https://www.inaturalist.org/photos/33820500		Casey H. Richart	34488											18530	California Pollination Project
ec7de4d1-1b7d-4b5d-ac4b-bb5c5fe6a52f				https://www.inaturalist.org/photos/33820500		Katherine Hadary	1424366											18530	California Pollination Project
e51e4905-8e2f-45f1-a9d7-c1e688a12468				https://www.inaturalist.org/photos/33820500		Dkt7sc	477693											18530	California Pollination Project
c72561da-3c93-40e6-a7e0-10d3debb71b2				https://www.inaturalist.org/photos/33820500		Rosalind Helfand	121050											18530	California Pollination Project
ad8f7a4f-9a3a-4725-80af-9d2dc7c482cd				https://www.inaturalist.org/photos/33820500		LSchare (she/her)	81779											18530	California Pollination Project
280683ce-65bc-46cb-ac9f-50330c02b192				https://www.inaturalist.org/photos/33820500		LSchare (she/her)	81779											18530	California Pollination Project
c0ce485f-be07-40d3-8183-21c6c51ecb36				https://www.inaturalist.org/photos/33820500		LSchare (she/her)	81779											18530	California Pollination Project
0eab9922-f604-4eed-98bf-708c03ac92be				https://www.inaturalist.org/photos/33820500		Casey H. Richart	34488											18530	California Pollination Project
629ddba8-4aa0-4b86-b641-597cfe2b6fb2				https://www.inaturalist.org/photos/33820500		Casey H. Richart	34488											18530	California Pollination Project
8286d71f-898f-4b02-af1c-31a5faa70d3d				https://www.inaturalist.org/photos/33820500		LSchare (she/her)	81779											18530	California Pollination Project
12cf0985-dc46-4f3c-9c47-c5176e0a4776				https://www.inaturalist.org/photos/33820500		LSchare (she/her)	81779											18530	California Pollination Project
ef3b5f97-8f0e-4f36-8798-156893003f4c				https://www.inaturalist.org/photos/33820500		LSchare (she/her)	81779											18530	California Pollination Project
7595f83a-9940-40e3-87e4-febd716951e6				https://www.inaturalist.org/photos/33820500		Sabina Lucke Lawrence	1167463											18530	California Pollination Project
a5d32c19-64b2-4e01-808b-7092760ef8c2				https://www.inaturalist.org/photos/33820500		LSchare (she/her)	81779											18530	California Pollination Project
d913a5fc-b314-459f-b8e1-145711e4e2ce				https://www.inaturalist.org/photos/33820500		LSchare (she/her)	81779											18530	California Pollination Project
2d6f444f-8322-443a-943a-a0ca2824e658				https://www.inaturalist.org/photos/33820500		LSchare (she/her)	81779											18530	California Pollination Project
b33140e2-4baf-41b2-842c-7b08266e7019				https://www.inaturalist.org/photos/33820500		LSchare (she/her)	81779											18530	California Pollination Project
0fadea09-bad6-476e-804d-2c08e006a8c6				https://www.inaturalist.org/photos/33820500		LSchare (she/her)	81779											18530	California Pollination Project
473c36bd-0db3-4939-b211-c09d3cc94ffd				https://www.inaturalist.org/photos/33820500		Jenny Hazlehurst	513070											18530	California Pollination Project
22fec271-fe80-4a42-9565-10e5a9f12c80				https://www.inaturalist.org/photos/33820500		LSchare (she/her)	81779											18530	California Pollination Project
27dac2e4-1813-4b82-aa2f-c67b0fa31de6				https://www.inaturalist.org/photos/33820500		LSchare (she/her)	81779											18530	California Pollination Project
b0b15978-4ab2-40e1-9754-c3c46f23eddd				https://www.inaturalist.org/photos/33820500		Cedric Lee	12809											18530	California Pollination Project
8424e32d-0282-487d-931b-31dc71e05604				https://www.inaturalist.org/photos/33820500		LSchare (she/her)	81779											18530	California Pollination Project
dc23ec28-4782-4150-bfad-068212603286				https://www.inaturalist.org/photos/33820500		LSchare (she/her)	81779											18530	California Pollination Project
ccbece55-d3b1-46c1-bc29-8d53e661ed2c				https://www.inaturalist.org/photos/33820500		Casey H. Richart	34488											18530	California Pollination Project
1282dbdc-a05d-40e7-8235-a69e2d914f5c				https://www.inaturalist.org/photos/33820500		LSchare (she/her)	81779											18530	California Pollination Project
441d6ccf-0d20-48b5-9635-a154f4faee18				https://www.inaturalist.org/photos/33820500		LSchare (she/her)	81779											18530	California Pollination Project
14c3184c-920e-4953-89a8-6de32bfc62fa				https://www.inaturalist.org/photos/33820500		Sabina Lucke Lawrence	1167463											18530	California Pollination Project
441b6d4c-002c-4632-a9dc-4e0b40eea145				https://www.inaturalist.org/photos/33820500		LSchare (she/her)	81779											18530	California Pollination Project
d93eaa11-74ba-4a6c-9839-eda0dcacc2fb				https://www.inaturalist.org/photos/33820500		Sabina Lucke Lawrence	1167463											18530	California Pollination Project
d43c217d-8fc7-4a62-84f7-dfdc74e4238a				https://www.inaturalist.org/photos/33820500		Casey H. Richart	34488											18530	California Pollination Project
719b8afa-8d20-40de-b1aa-f435373c47a4				https://www.inaturalist.org/photos/33820500		LSchare (she/her)	81779											18530	California Pollination Project
9d5a1327-467e-4a8f-ab45-22ee5b2a274c				https://www.inaturalist.org/photos/33820500		LSchare (she/her)	81779											18530	California Pollination Project
d7620ab1-b5a8-4dd7-932b-0a7fec7c8cfb				https://www.inaturalist.org/photos/33820500		Casey H. Richart	34488											18530	California Pollination Project
3b143007-3c4b-49e2-909c-ae211e96513b				https://www.inaturalist.org/photos/33820500		LSchare (she/her)	81779											18530	California Pollination Project
b3850cf5-eac0-48d9-b907-c0e9b2d4f14c				https://www.inaturalist.org/photos/33820500		Casey H. Richart	34488											18530	California Pollination Project
777f9383-b142-4a98-8ed7-22ca0fdfa0fc				https://www.inaturalist.org/photos/33820500		Andrea Kreuzhage	828394											18530	California Pollination Project
6b087380-9fe0-4bb0-a92a-30c3669352dc				https://www.inaturalist.org/photos/33820500		Casey H. Richart	34488											18530	California Pollination Project
6b545dcd-1f42-48e8-a339-a232d8a13922				https://www.inaturalist.org/photos/33820500		Kathleen Nguyen	4973419											18530	California Pollination Project
37c8296b-52ca-4fa5-af6f-f1853153c862				https://www.inaturalist.org/photos/33820500		Andrea Kreuzhage	828394											18530	California Pollination Project
8585baa6-3d7e-4ea2-9302-1ad4e9f87289				https://www.inaturalist.org/photos/33820500		LSchare (she/her)	81779											18530	California Pollination Project
dfc048cc-21a8-4e6d-bfc8-119038b7d7f7				https://www.inaturalist.org/photos/33820500		LSchare (she/her)	81779											18530	California Pollination Project
94207e42-5593-4e3c-8d6f-d34026d52c5c				https://www.inaturalist.org/photos/33820500		Casey H. Richart	34488											18530	California Pollination Project
b57ef069-d6d6-4f27-a2c5-c1ff6de2dc1c				https://www.inaturalist.org/photos/33820500		LSchare (she/her)	81779											18530	California Pollination Project
6712c550-a9e2-4a66-aa61-01c0a888f7ef				https://www.inaturalist.org/photos/33820500		Katherine Hadary	1424366											18530	California Pollination Project
ee25b3cc-1b68-45fd-a250-7ee3d9fb67a6				https://www.inaturalist.org/photos/33820500		LSchare (she/her)	81779											18530	California Pollination Project
00c2fc05-0394-46ef-92a6-1036297b7d1c				https://www.inaturalist.org/photos/33820500		Casey H. Richart	34488											18530	California Pollination Project
90ad1717-ba42-44d1-ac15-06c23d9ab9b0				https://www.inaturalist.org/photos/33820500		LSchare (she/her)	81779											18530	California Pollination Project
9b00e3b6-2ff1-4f63-afa6-75a92d07fcd4				https://www.inaturalist.org/photos/33820500			497764											18530	California Pollination Project
fd0898c0-89e3-4012-8501-4c93619b741c				https://www.inaturalist.org/photos/33820500		LSchare (she/her)	81779											18530	California Pollination Project
8c81c3b6-7bcb-4aae-9259-9b23718bfecd				https://www.inaturalist.org/photos/33820500		LSchare (she/her)	81779											18530	California Pollination Project
4396d69e-1c3d-4046-a611-d3f7382cd3b4				https://www.inaturalist.org/photos/33820500		LSchare (she/her)	81779											18530	California Pollination Project
6feba6b6-7721-41a9-8a07-095ad66374b0				https://www.inaturalist.org/photos/33820500		LSchare (she/her)	81779											18530	California Pollination Project
6e5f4eb8-b369-43e3-8924-5751f6e1f496				https://www.inaturalist.org/photos/33820500		LSchare (she/her)	81779											18530	California Pollination Project
47c4a679-99dc-4a51-8295-64ca7d2099b7				https://www.inaturalist.org/photos/33820500		Katherine Hadary	1424366											18530	California Pollination Project
0e497276-27a3-4556-a26f-69f1f0584c50				https://www.inaturalist.org/photos/33820500		Casey H. Richart	34488											18530	California Pollination Project
49c5ac1a-5daf-44b1-9171-f687c8dee496				https://www.inaturalist.org/photos/33820500		Andrea Kreuzhage	828394											18530	California Pollination Project
6b2844da-7ce6-4634-9f7e-7c503a52a2a3				https://www.inaturalist.org/photos/33820500		Casey H. Richart	34488											18530	California Pollination Project
894e6db9-b2a4-4f85-a998-5b5920f16e74				https://www.inaturalist.org/photos/33820500		Rosalind Helfand	121050											18530	California Pollination Project
66810635-1b0d-4433-81da-44abe73dfc49				https://www.inaturalist.org/photos/33820500		The Hog Potato	164822											18530	California Pollination Project
e1487e16-a231-457e-a9fb-686386802f54				https://www.inaturalist.org/photos/33820500		Casey H. Richart	34488											18530	California Pollination Project
ed588d7d-c927-467a-bee0-cfb1289d147f				https://www.inaturalist.org/photos/33820500		Andrea Kreuzhage	828394											18530	California Pollination Project
695c492b-2750-4c20-9b9e-18fa84d206c3				https://www.inaturalist.org/photos/33820500		LSchare (she/her)	81779											18530	California Pollination Project
8169a861-03da-49f6-be73-8f7f0664bf3e				https://www.inaturalist.org/photos/33820500		LSchare (she/her)	81779											18530	California Pollination Project
b442c8d0-278c-45c6-95ce-8e0df978cead				https://www.inaturalist.org/photos/33820500		Katherine Hadary	1424366											18530	California Pollination Project
cc725cec-8edb-43b1-bdfc-4e1d6b9f5cc7				https://www.inaturalist.org/photos/33820500		Casey H. Richart	34488											18530	California Pollination Project
3ec87333-c5b4-4fd9-a9ff-a494a0a390bd				https://www.inaturalist.org/photos/33820500		Casey H. Richart	34488											18530	California Pollination Project
3370cc20-bcb4-44e3-b6c3-83f5cb795599				https://www.inaturalist.org/photos/33820500		Dkt7sc	477693											18530	California Pollination Project
02420f5e-5910-4fe6-b0b5-15f4aaa60bee				https://www.inaturalist.org/photos/33820500		Casey H. Richart	34488											18530	California Pollination Project
49e4627d-caf8-4854-bfc9-0a93e16a0f6f				https://www.inaturalist.org/photos/33820500		LSchare (she/her)	81779											18530	California Pollination Project
bc18626f-1627-4055-9893-eae82125ca53				https://www.inaturalist.org/photos/33820500		LSchare (she/her)	81779											18530	California Pollination Project
c7261b99-768b-429f-9f0f-8158e5771bda				https://www.inaturalist.org/photos/33820500		LSchare (she/her)	81779											18530	California Pollination Project
17978e12-2959-479a-880d-561bbf084a7b				https://www.inaturalist.org/photos/33820500		LSchare (she/her)	81779											18530	California Pollination Project
af1552ef-c947-4a00-8ddf-8a0149efe3f9				https://www.inaturalist.org/photos/33820500		David Kaposi	109975											18530	California Pollination Project
f288d84d-cdd3-421f-82ae-ea5424d2ac53				https://www.inaturalist.org/photos/33820500		LSchare (she/her)	81779											18530	California Pollination Project
768841e7-d8c5-48bf-ac1b-3b960bb0d2bd				https://www.inaturalist.org/photos/33820500		LSchare (she/her)	81779											18530	California Pollination Project
b3463dfb-1186-455d-b769-eb38d0f86d6d				https://www.inaturalist.org/photos/33820500			23091											18530	California Pollination Project
8bdb7cc2-0aa2-4e7b-8ae8-2ff2a3652eb3				https://www.inaturalist.org/photos/33820500		LSchare (she/her)	81779											18530	California Pollination Project
c6d763dd-a7c9-401a-b1ab-4ddede36ec18				https://www.inaturalist.org/photos/33820500		David Kaposi	109975											18530	California Pollination Project
ade9f5dd-15b7-4cb1-bab9-3f645d7224ad				https://www.inaturalist.org/photos/33820500		LSchare (she/her)	81779											18530	California Pollination Project
9994e21c-cdb1-4f21-925f-7e9e7c375a52				https://www.inaturalist.org/photos/33820500		LSchare (she/her)	81779											18530	California Pollination Project
76a3cf56-57ed-4a1b-a0ac-cc2436219ae4				https://www.inaturalist.org/photos/33820500		Casey H. Richart	34488											18530	California Pollination Project
991830d2-edaf-4b37-b878-4a47a29b28a8				https://www.inaturalist.org/photos/33820500		Casey H. Richart	34488											18530	California Pollination Project
f6e39386-1255-4ef1-9b55-db73164385b1				https://www.inaturalist.org/photos/33820500		Sabina Lucke Lawrence	1167463											18530	California Pollination Project
313532ac-e157-4c04-a563-15bce21141a8				https://www.inaturalist.org/photos/33820500		LSchare (she/her)	81779											18530	California Pollination Project
4d95db47-b2b6-4b28-b9c0-f1793388633b				https://www.inaturalist.org/photos/33820500		LSchare (she/her)	81779											18530	California Pollination Project
b325b218-eb64-4150-a2b9-a8ab55c5c64f				https://www.inaturalist.org/photos/33820500		LSchare (she/her)	81779											18530	California Pollination Project
84519d3e-6701-4be8-94c1-38f811d417ac				https://www.inaturalist.org/photos/33820500		LSchare (she/her)	81779											18530	California Pollination Project
58d77cc8-8427-473b-ac48-10b26a27874d				https://www.inaturalist.org/photos/33820500		Casey H. Richart	34488											18530	California Pollination Project
91a4ac5d-b49c-4667-944b-1ec72286c71c				https://www.inaturalist.org/photos/33820500		LSchare (she/her)	81779											18530	California Pollination Project
2597f287-fb98-4683-9b82-8136ee245f5e				https://www.inaturalist.org/photos/33820500		Casey H. Richart	34488											18530	California Pollination Project
07982c64-f4f1-4323-8496-2662ed2b1cc8				https://www.inaturalist.org/photos/33820500		Casey H. Richart	34488											18530	California Pollination Project
57b74051-2b74-4c52-b9fa-a370de238ff5				https://www.inaturalist.org/photos/33820500		LSchare (she/her)	81779											18530	California Pollination Project
cdae04e7-e11a-498a-b6aa-dbe7eecb6cec				https://www.inaturalist.org/photos/33820500		Casey H. Richart	34488											18530	California Pollination Project
6e198d33-fd7a-484f-a2fd-29a7f28bc824				https://www.inaturalist.org/photos/33820500		Casey H. Richart	34488											18530	California Pollination Project
37746846-15e4-4a6b-a223-3e46de6d7c01				https://www.inaturalist.org/photos/33820500		LSchare (she/her)	81779											18530	California Pollination Project
24a40837-f156-432f-a737-b590429fe4ce				https://www.inaturalist.org/photos/33820500		LSchare (she/her)	81779											18530	California Pollination Project
242d7b78-90f2-4ec2-bedf-679dc2da5fe1				https://www.inaturalist.org/photos/33820500		LSchare (she/her)	81779											18530	California Pollination Project
95fd80ff-b01e-409e-8149-317b3777672f				https://www.inaturalist.org/photos/33820500		LSchare (she/her)	81779											18530	California Pollination Project
0dc223a0-ca4e-43e9-9df1-2da40ccf7938				https://www.inaturalist.org/photos/33820500		Andrea Kreuzhage	828394											18530	California Pollination Project
62db6620-a907-4e92-ade6-131d4716a407				https://www.inaturalist.org/photos/33820500		LSchare (she/her)	81779											18530	California Pollination Project
041eb401-9794-4b75-aec9-9efe77471bb1				https://www.inaturalist.org/photos/33820500		Casey H. Richart	34488											18530	California Pollination Project
eff1f2bf-1b3b-4cd8-b3d8-ef622978659e				https://www.inaturalist.org/photos/33820500		Jenny Hazlehurst	513070											18530	California Pollination Project
1a31873d-e773-4702-b077-71d05b3f0c42				https://www.inaturalist.org/photos/33820500		LSchare (she/her)	81779											18530	California Pollination Project
a85963e3-2f87-40a2-b98a-c3b763ca7972				https://www.inaturalist.org/photos/33820500		LSchare (she/her)	81779											18530	California Pollination Project
bec2fb42-a9eb-4634-8605-a5dac3ef5b10				https://www.inaturalist.org/photos/33820500		Casey H. Richart	34488											18530	California Pollination Project
6eca1801-668b-460f-9089-dfa7182d3d0e				https://www.inaturalist.org/photos/33820500		Casey H. Richart	34488											18530	California Pollination Project
c34b9757-b391-47e6-b70f-26dc782adf0d				https://www.inaturalist.org/photos/33820500		Casey H. Richart	34488											18530	California Pollination Project
6c747711-71b8-40c4-9848-90ae32b391ca				https://www.inaturalist.org/photos/33820500		Jenny Hazlehurst	513070											18530	California Pollination Project
db770761-aca4-42d4-850d-d5a6d5872f66				https://www.inaturalist.org/photos/33820500		Casey H. Richart	34488											18530	California Pollination Project
4dcc3b94-a020-464f-bd04-aebe4991a443				https://www.inaturalist.org/photos/33820500		Stephanie Calloway	195291											18530	California Pollination Project
017d0738-3861-4430-9811-7aa9c42a33f9				https://www.inaturalist.org/photos/33820500		LSchare (she/her)	81779											18530	California Pollination Project
7cfcda71-5fb2-4f94-8be7-8f0994ffa9b4				https://www.inaturalist.org/photos/33820500		LSchare (she/her)	81779											18530	California Pollination Project
0f98e9c9-b8dc-4a39-9399-ab1a65c781c3				https://www.inaturalist.org/photos/33820500		LSchare (she/her)	81779											18530	California Pollination Project
8a0e086e-f031-440a-9b8e-76ce444b9c32				https://www.inaturalist.org/photos/33820500		Casey H. Richart	34488											18530	California Pollination Project
00d2d098-d29e-4e1e-832b-d59a05948932				https://www.inaturalist.org/photos/33820500		Jenny Hazlehurst	513070											18530	California Pollination Project
bf02e53b-5a59-47e3-b6df-a51e813636fe				https://www.inaturalist.org/photos/33820500		LSchare (she/her)	81779											18530	California Pollination Project
11620ad8-da71-479f-83a6-9f4e41bb148e				https://www.inaturalist.org/photos/33820500		Casey H. Richart	34488											18530	California Pollination Project
ac24a4c6-bc52-43d3-b1a8-15e99874cd2c				https://www.inaturalist.org/photos/33820500		Casey H. Richart	34488											18530	California Pollination Project
386aebb9-b9a0-4fdc-9f43-057bb73f72d7				https://www.inaturalist.org/photos/33820500		Andrea Kreuzhage	828394											18530	California Pollination Project
49445536-dba3-459f-a515-905e423177f3				https://www.inaturalist.org/photos/33820500		LSchare (she/her)	81779											18530	California Pollination Project
4b94876c-9abe-42f1-b100-718e2786277c				https://www.inaturalist.org/photos/33820500		Sabina Lucke Lawrence	1167463											18530	California Pollination Project
5c52fa0f-4c35-4198-9d10-a0f25d037ada				https://www.inaturalist.org/photos/33820500		LSchare (she/her)	81779											18530	California Pollination Project
32552eeb-518d-4913-b304-fed0c4398e07				https://www.inaturalist.org/photos/33820500		Casey H. Richart	34488											18530	California Pollination Project
4174b3b3-99b0-49c9-ad1e-588f6b0ff6fe				https://www.inaturalist.org/photos/33820500		LSchare (she/her)	81779											18530	California Pollination Project
9ed75419-bedc-4806-8ae7-4eb177db0ca7				https://www.inaturalist.org/photos/33820500		Casey H. Richart	34488											18530	California Pollination Project
324210af-2c1a-442b-83c2-6eb8d0d996c0				https://www.inaturalist.org/photos/33820500		Casey H. Richart	34488											18530	California Pollination Project
e1ca1c85-5d15-4cfa-ab33-e166e1e302bb				https://www.inaturalist.org/photos/33820500		LSchare (she/her)	81779											18530	California Pollination Project
d520e069-dcb2-4177-984a-97f98995abc8				https://www.inaturalist.org/photos/33820500		Andrea Kreuzhage	828394											18530	California Pollination Project
a1f8abdc-619c-4980-a1f8-51f60bf618dd				https://www.inaturalist.org/photos/33820500		Casey H. Richart	34488											18530	California Pollination Project
30df6426-dbd8-4ee0-a2a7-9f1e999229ba				https://www.inaturalist.org/photos/33820500		LSchare (she/her)	81779											18530	California Pollination Project
952557dd-10b3-4a0c-b04c-de564eca8b1e				https://www.inaturalist.org/photos/33820500		Casey H. Richart	34488											18530	California Pollination Project
996f4300-025a-440c-822d-c12aeb430914				https://www.inaturalist.org/photos/33820500		Casey H. Richart	34488											18530	California Pollination Project
89910fe9-9424-4993-8265-0cc714a5e57e				https://www.inaturalist.org/photos/33820500		LSchare (she/her)	81779											18530	California Pollination Project
2353d6e2-84ff-4179-9139-72aad5a1e13f				https://www.inaturalist.org/photos/33820500		Jenny Hazlehurst	513070											18530	California Pollination Project
31b5e35d-55c9-4d19-8309-4f274a99c0fd				https://www.inaturalist.org/photos/33820500		Andrea Kreuzhage	828394											18530	California Pollination Project
afb89457-e3fe-4b29-9746-13a380f858ba				https://www.inaturalist.org/photos/33820500		LSchare (she/her)	81779											18530	California Pollination Project
f1726a2d-c7da-42b4-a2f3-17c49596e4e3				https://www.inaturalist.org/photos/33820500		Casey H. Richart	34488											18530	California Pollination Project
6b6911b5-fc31-41b2-978c-5c7a11329451				https://www.inaturalist.org/photos/33820500			497764											18530	California Pollination Project
5375bad1-170c-45a8-8d66-51e758eb81c2				https://www.inaturalist.org/photos/33820500		LSchare (she/her)	81779											18530	California Pollination Project
9821bddd-cb1f-4d2c-86f1-fe7b21b7f78d				https://www.inaturalist.org/photos/33820500		Jenny Hazlehurst	513070											18530	California Pollination Project
df564ea4-5ed1-46ba-97bb-424b2710d6ff				https://www.inaturalist.org/photos/33820500		LSchare (she/her)	81779											18530	California Pollination Project
c283fc3b-a0a7-4ea2-96bb-5f113c040b71				https://www.inaturalist.org/photos/33820500		Casey H. Richart	34488											18530	California Pollination Project
242801b0-33b2-4f16-9277-b0ecf83e8854				https://www.inaturalist.org/photos/33820500		Casey H. Richart	34488											18530	California Pollination Project
88cd419d-6306-4d81-b0df-69b38d2f3e4f				https://www.inaturalist.org/photos/33820500		Casey H. Richart	34488											18530	California Pollination Project
2e4a1a35-67e8-45dd-a444-a917bdd50ff7				https://www.inaturalist.org/photos/33820500		Rosalind Helfand	121050											18530	California Pollination Project
d556cd06-e8c3-43dc-99ce-59f1b286512b				https://www.inaturalist.org/photos/33820500		Jenny Hazlehurst	513070											18530	California Pollination Project
66385329-af46-48c5-95ea-22dacc8292e2				https://www.inaturalist.org/photos/33820500		Casey H. Richart	34488											18530	California Pollination Project
3897311e-f19f-499c-925e-fe9433c19cd9				https://www.inaturalist.org/photos/33820500		Sula Vanderplank	246499											18530	California Pollination Project
4431f936-da79-4ec8-8dfb-45df8abb8eb8				https://www.inaturalist.org/photos/33820500		LSchare (she/her)	81779											18530	California Pollination Project
13b42c95-a3c4-4575-a726-420e050e703d				https://www.inaturalist.org/photos/33820500		LSchare (she/her)	81779											18530	California Pollination Project
224edb37-cd71-4797-9fae-32b43cda935b				https://www.inaturalist.org/photos/33820500		Casey H. Richart	34488											18530	California Pollination Project
8d15985e-351b-4aee-96c1-bc0bbd989e25				https://www.inaturalist.org/photos/33820500		Andrea Kreuzhage	828394											18530	California Pollination Project
4115f73d-2b63-44a8-a8f9-1cc4f3914ff9				https://www.inaturalist.org/photos/33820500		LSchare (she/her)	81779											18530	California Pollination Project
ecb94e05-c64d-4b7d-ae98-dd19a361d2c0				https://www.inaturalist.org/photos/33820500		LSchare (she/her)	81779											18530	California Pollination Project
38987f59-3a67-46ec-8f71-3561f88f53a9				https://www.inaturalist.org/photos/33820500		Nancy Hamlett	522768											18530	California Pollination Project
3f648ef4-6113-4bb8-a100-e82c5298fa99				https://www.inaturalist.org/photos/33820500		Cedric Lee	12809											18530	California Pollination Project
c21c702c-e446-4283-bd61-eec9bd7c7174				https://www.inaturalist.org/photos/33820500		LSchare (she/her)	81779											18530	California Pollination Project
c644f55c-4566-4e6d-8085-4e415e5bfcf1				https://www.inaturalist.org/photos/33820500		Sabina Lucke Lawrence	1167463											18530	California Pollination Project
f274a3b2-e5bf-4d56-abf8-d0de1284db8e				https://www.inaturalist.org/photos/33820500		LSchare (she/her)	81779											18530	California Pollination Project
dfeaaaf7-577e-4085-b0ce-356a01eba982				https://www.inaturalist.org/photos/33820500		LSchare (she/her)	81779											18530	California Pollination Project
8f2aacbf-6876-4d21-8421-47ad1cc224ff				https://www.inaturalist.org/photos/33820500		Cedric Lee	12809											18530	California Pollination Project
