usage_policy_id	rights	rights_iri	rights_holder	rights_holder_id	owner	owner_id	usage_terms	web_statement	access_rights	license	license_logo_url	licensing_exception	credit	attribution_logo_url	attribution_link_url
f952c65c-4e74-4fee-b337-88e172bb64b0					LSchare (she/her)			https://creativecommons.org/licenses/by-nc/4.0/							
3ea46c30-3cb5-45c7-b2c9-a354731aab8d					LSchare (she/her)			https://creativecommons.org/licenses/by-nc/4.0/							
1e51fd6a-f6a7-4977-b79c-3a64e6386d28					LSchare (she/her)			https://creativecommons.org/licenses/by-nc/4.0/							
b49e16b1-511d-4a3c-8d1b-acbb6e4e11b2					LSchare (she/her)			https://creativecommons.org/licenses/by-nc/4.0/							
a0033ba7-e2b9-417b-8e71-21eb57a0ff66					Demi Eslava			https://creativecommons.org/licenses/by-nc/4.0/							
56f383c6-392a-4e97-a942-ea4bec366390					LSchare (she/her)			https://creativecommons.org/licenses/by-nc/4.0/							
4d9a7d15-7931-4cf3-b4ee-f03f277073e2					LSchare (she/her)			https://creativecommons.org/licenses/by-nc/4.0/							
2a637d8f-549e-449b-977d-b315d0a3b9ad					LSchare (she/her)			https://creativecommons.org/licenses/by-nc/4.0/							
a5a9fb3b-5512-42bc-8b1e-5b1b35f4bcd9					Cedric Lee			https://creativecommons.org/licenses/by-nc/4.0/							
bb58887f-0c88-4066-8d70-0bbf1c5fe548					Casey H. Richart			https://creativecommons.org/licenses/by/4.0/							
731cd994-fd22-4e90-9dc3-1a4ce92cd025					LSchare (she/her)			https://creativecommons.org/licenses/by-nc/4.0/							
d7ded497-e3df-47f3-a2d9-e2238c6ff6c3					The Hog Potato										
ecc0bb9e-aa63-4614-aba2-5b872761a0cb					Casey H. Richart			https://creativecommons.org/licenses/by/4.0/							
ad89e222-061f-4095-96c1-75f510e40bfd					Jenny Hazlehurst			https://creativecommons.org/licenses/by-nc/4.0/							
7ac54db7-0dde-47ff-b1fc-d4182032b4a2					Casey H. Richart			https://creativecommons.org/licenses/by/4.0/							
b51e5e1b-7834-4ac2-82da-cdf020dba43a					Casey H. Richart			https://creativecommons.org/licenses/by/4.0/							
550f1a03-2cfa-4f37-8cf1-6585bb3d3f4f					LSchare (she/her)			https://creativecommons.org/licenses/by-nc/4.0/							
ab6b10cb-f02c-4d6b-b6a0-837d68f5faf6					Casey H. Richart			https://creativecommons.org/licenses/by/4.0/							
992d427a-6761-483a-be82-62643ba8b1eb					LSchare (she/her)			https://creativecommons.org/licenses/by-nc/4.0/							
ff2e4d1c-d188-4473-8aab-61dffd711fbc					Casey H. Richart			https://creativecommons.org/licenses/by/4.0/							
9e0d03fb-5a0e-408a-8508-21e13e55bd3e					Casey H. Richart			https://creativecommons.org/licenses/by/4.0/							
e5df471d-1156-48b1-945d-c693e7f959be					The Hog Potato										
668b39f4-3885-4482-a365-f8065056ed6a					LSchare (she/her)			https://creativecommons.org/licenses/by-nc/4.0/							
727e8a60-9673-485c-bba6-54316a463baf					Casey H. Richart			https://creativecommons.org/licenses/by/4.0/							
2b99edaa-d6e8-4437-a69c-21c84a2cc2de					Casey H. Richart			https://creativecommons.org/licenses/by/4.0/							
fb36e59c-c71b-4a44-8d41-1a5818b05ab3					LSchare (she/her)			https://creativecommons.org/licenses/by-nc/4.0/							
c838f849-0c3e-49f8-9157-ea874763e5b5					Casey H. Richart			https://creativecommons.org/licenses/by/4.0/							
ceac9798-4db2-467b-9a63-542b61252639					LSchare (she/her)			https://creativecommons.org/licenses/by-nc/4.0/							
00c60d5d-3a3a-4165-b874-f9c39bbddabe					LSchare (she/her)			https://creativecommons.org/licenses/by-nc/4.0/							
0a5d1524-082b-489a-b35a-e25100136fc9					Casey H. Richart			https://creativecommons.org/licenses/by/4.0/							
8c16afe5-d730-477f-abc5-006719e6a674					LSchare (she/her)			https://creativecommons.org/licenses/by-nc/4.0/							
ad1f4a52-1d3a-448c-8aa6-15e011cd6e33								https://creativecommons.org/licenses/by-nc/4.0/							
f4621df8-1a43-46bf-a4fd-b1901228b572					LSchare (she/her)			https://creativecommons.org/licenses/by-nc/4.0/							
3bdbc35a-c82c-40c7-9b73-cd544e2324e5					Stephanie Calloway			https://creativecommons.org/licenses/by-nc/4.0/							
6eefdf70-5493-4b5d-acef-8ad818e9c765					Casey H. Richart			https://creativecommons.org/licenses/by/4.0/							
d07023ed-6022-4749-a2d4-3c9349a3064b					LSchare (she/her)			https://creativecommons.org/licenses/by-nc/4.0/							
5e2b687c-a9be-41ca-8caa-7c22dba62332					LSchare (she/her)			https://creativecommons.org/licenses/by-nc/4.0/							
a12ba887-753c-4411-9b73-e6c805d3b78a					Jenny Hazlehurst			https://creativecommons.org/licenses/by-nc/4.0/							
a7ed2d9f-298e-445e-ae9c-c31257267e08					LSchare (she/her)			https://creativecommons.org/licenses/by-nc/4.0/							
b43bf23c-f357-4eb3-be79-5a7cba33f3c8					Cedric Lee			https://creativecommons.org/licenses/by-nc/4.0/							
26a9e47f-73b4-45d7-82f0-bd615e1e9fce					Casey H. Richart			https://creativecommons.org/licenses/by/4.0/							
7710714f-20d0-4506-a6e8-0c79c8503699					Casey H. Richart			https://creativecommons.org/licenses/by/4.0/							
bd85c20c-4611-4861-a1f1-fa61b5ac4575					Casey H. Richart			https://creativecommons.org/licenses/by/4.0/							
1ab9659b-1f46-4ccb-8696-ac43a160fe5d					Casey H. Richart			https://creativecommons.org/licenses/by/4.0/							
14cd07da-5df1-487c-80e2-9b260c08f4e2					LSchare (she/her)			https://creativecommons.org/licenses/by-nc/4.0/							
0b296cfd-eabf-42bb-a9a7-3dc631b55bdb					Casey H. Richart			https://creativecommons.org/licenses/by/4.0/							
ce87b41d-4b0d-426c-90df-4de9e14c2655					Jenny Hazlehurst			https://creativecommons.org/licenses/by-nc/4.0/							
9497afa0-bac1-48a5-81b4-080d1e6714ba					LSchare (she/her)			https://creativecommons.org/licenses/by-nc/4.0/							
e713555d-c86e-45d6-85c4-6564d4f564d9					LSchare (she/her)			https://creativecommons.org/licenses/by-nc/4.0/							
2bf71e2c-1052-4a46-90fd-e21998be0cea					LSchare (she/her)			https://creativecommons.org/licenses/by-nc/4.0/							
da46dc39-d029-43d2-a873-4239679d73a7					LSchare (she/her)			https://creativecommons.org/licenses/by-nc/4.0/							
dd72b852-5c78-45c1-b3f2-2cc1187313a6					LSchare (she/her)			https://creativecommons.org/licenses/by-nc/4.0/							
0af05a19-d560-4921-9a2f-3bac2c725e0d					LSchare (she/her)			https://creativecommons.org/licenses/by-nc/4.0/							
9c318668-4c2c-452b-8028-f2738f747d0a					Jenny Hazlehurst			https://creativecommons.org/licenses/by-nc/4.0/							
09698247-8bc6-4f84-a948-5e15960f07a1					LSchare (she/her)			https://creativecommons.org/licenses/by-nc/4.0/							
ab2fb85a-95c5-4f1c-acea-4d212e8a97d7					LSchare (she/her)			https://creativecommons.org/licenses/by-nc/4.0/							
493e05f9-98f6-409e-b4fb-401b6467ecea					Casey H. Richart			https://creativecommons.org/licenses/by/4.0/							
7ddc6eef-de66-4c60-96f7-31d16a6eded0								https://creativecommons.org/licenses/by-nc/4.0/							
89e85833-775e-437f-b459-2c29e6ace635					Nancy Hamlett			https://creativecommons.org/licenses/by-nc/4.0/							
a95200a9-c2df-4822-b9c9-d78feca5c54a					Casey H. Richart			https://creativecommons.org/licenses/by/4.0/							
833492d8-ea68-4bb6-b0e4-a9ed05abc28b					LSchare (she/her)			https://creativecommons.org/licenses/by-nc/4.0/							
991fe31a-f293-4017-a94b-455bf39cd311					Casey H. Richart			https://creativecommons.org/licenses/by/4.0/							
7f727f58-2d80-458e-ac9e-7516c1d6be17					Casey H. Richart			https://creativecommons.org/licenses/by/4.0/							
f6ed5c62-889f-4fd1-a3b4-ee86277f442c					David Kaposi			https://creativecommons.org/licenses/by-nc/4.0/							
76ffa841-49e9-4bf8-a567-6b7da1e4c725					Cedric Lee			https://creativecommons.org/licenses/by-nc/4.0/							
ab48620f-f1a7-4d9c-a693-6ba0ff88bd63					Casey H. Richart			https://creativecommons.org/licenses/by/4.0/							
d45b7549-5981-4d32-9133-509f42886b30								https://creativecommons.org/licenses/by-nc/4.0/							
81174fe7-001e-42e4-a896-92f6dbac12b2					LSchare (she/her)			https://creativecommons.org/licenses/by-nc/4.0/							
6c12fc5e-c362-4839-be3e-87e6544086e1					Katherine Hadary			https://creativecommons.org/licenses/by-nc/4.0/							
876a1172-3389-44f6-95e5-5fb52fb4d365					The Hog Potato										
2d62b05f-39ee-4a8b-b052-fcc042acd2a0					Casey H. Richart			https://creativecommons.org/licenses/by/4.0/							
f99ba099-fc4f-4889-b4d1-58d22a540c75								https://creativecommons.org/licenses/by-nc/4.0/							
111e7859-d4de-481a-9f37-2facce9e220a					Andrea Kreuzhage			https://creativecommons.org/licenses/by-nc/4.0/							
e7d8698b-695f-4d5e-9174-7f3a3d6fa6b9					LSchare (she/her)			https://creativecommons.org/licenses/by-nc/4.0/							
c987cf97-aa79-4332-835a-13c67d7db2d9					LSchare (she/her)			https://creativecommons.org/licenses/by-nc/4.0/							
0c5963cd-82cf-4a58-970a-e6c972e8171e					Jenny Hazlehurst			https://creativecommons.org/licenses/by-nc/4.0/							
26243e63-e02c-457a-9744-176543ff021c					Casey H. Richart			https://creativecommons.org/licenses/by/4.0/							
486689b1-54fd-47ab-a67a-6f70e6ca2a32					Casey H. Richart			https://creativecommons.org/licenses/by/4.0/							
25a1a112-b65b-4364-8463-340a668ef388					LSchare (she/her)			https://creativecommons.org/licenses/by-nc/4.0/							
163e166a-5ba9-46e0-8283-fd4b2e794d25					Casey H. Richart			https://creativecommons.org/licenses/by/4.0/							
213a3661-ef6b-440b-a4cb-569535f26860					LSchare (she/her)			https://creativecommons.org/licenses/by-nc/4.0/							
ee04c3b5-5904-425f-82af-a4d8a56e3cc3					Jenny Hazlehurst			https://creativecommons.org/licenses/by-nc/4.0/							
4ff0c9e4-1747-4353-b89a-0b0cf9bcf8d4					LSchare (she/her)			https://creativecommons.org/licenses/by-nc/4.0/							
91be00b8-4188-4194-af6c-7e8b416e52fb								https://creativecommons.org/licenses/by-nc/4.0/							
e60f909a-1bb5-448b-a983-5e02e7663653					Casey H. Richart			https://creativecommons.org/licenses/by/4.0/							
b87f929f-cf1e-43cc-ae57-61419ef31d4b								https://creativecommons.org/licenses/by-nc/4.0/							
434974cc-0dfe-4547-8b6d-cad376b9bee9					Casey H. Richart			https://creativecommons.org/licenses/by/4.0/							
253419bf-2e70-4d8a-8aa0-0838e39fd863					David Kaposi			https://creativecommons.org/licenses/by-nc/4.0/							
68820b1d-c212-4b19-97b2-4482b72fb6fd								https://creativecommons.org/licenses/by-nc/4.0/							
58775a45-4af0-493e-b212-59ea19e4b559					Casey H. Richart			https://creativecommons.org/licenses/by/4.0/							
e8c4f853-2d94-4a5d-af87-57dbd92bb9d7					LSchare (she/her)			https://creativecommons.org/licenses/by-nc/4.0/							
73631f62-61a1-4162-9658-6f8a250ee502					LSchare (she/her)			https://creativecommons.org/licenses/by-nc/4.0/							
e087331e-70e5-4467-acd7-5c210f716391								https://creativecommons.org/licenses/by-nc/4.0/							
172181eb-2aef-49b7-95b9-9508c394151a					Casey H. Richart			https://creativecommons.org/licenses/by/4.0/							
514c7bf3-6048-442d-8924-99f67b152dcf					Casey H. Richart			https://creativecommons.org/licenses/by/4.0/							
d21dd2a4-74a9-41da-a126-ae7d3f4726a8					Casey H. Richart			https://creativecommons.org/licenses/by/4.0/							
2a029314-095a-4fb3-bfbf-9f1dc0ae0de8					Casey H. Richart			https://creativecommons.org/licenses/by/4.0/							
99ead8e6-8153-4b7c-aa98-885a1c17624c					LSchare (she/her)			https://creativecommons.org/licenses/by-nc/4.0/							
55338a31-e505-4876-82a8-049617dbc420					LSchare (she/her)			https://creativecommons.org/licenses/by-nc/4.0/							
08d1e0bb-7176-45ae-9c0d-448f3edab302					LSchare (she/her)			https://creativecommons.org/licenses/by-nc/4.0/							
0a7eaec8-9639-417d-a35a-e952acb8b58a					LSchare (she/her)			https://creativecommons.org/licenses/by-nc/4.0/							
8e3a08e4-52ff-4724-9325-2ad5db953921					Casey H. Richart			https://creativecommons.org/licenses/by/4.0/							
fba1a115-0efa-4b45-8c6b-a682f02d3786					Demi Eslava			https://creativecommons.org/licenses/by-nc/4.0/							
ee914ab0-6432-4c6f-9386-351c987b4f15					LSchare (she/her)			https://creativecommons.org/licenses/by-nc/4.0/							
d33efcff-6f6e-440d-a61b-19d39e102c03					LSchare (she/her)			https://creativecommons.org/licenses/by-nc/4.0/							
493aca1c-5798-47b8-bb26-dd4a2138e693					Casey H. Richart			https://creativecommons.org/licenses/by/4.0/							
792a80e6-f1dc-4c6c-9502-3c143aeaa5c3					Stephanie Calloway			https://creativecommons.org/licenses/by-nc/4.0/							
7fde4edd-3da1-4954-9fed-19c10022508e					LSchare (she/her)			https://creativecommons.org/licenses/by-nc/4.0/							
ffd78e9b-4d04-4b07-92ba-15268e8b8b0d					Casey H. Richart			https://creativecommons.org/licenses/by/4.0/							
3e080935-6d5f-4188-9a17-c720122d702d					LSchare (she/her)			https://creativecommons.org/licenses/by-nc/4.0/							
7fd3e994-ebe1-4a6f-a854-de8e295d0ff8								https://creativecommons.org/licenses/by-nc/4.0/							
0c28d7ee-2ddc-4b6a-9cf7-5ba24861d0ec								https://creativecommons.org/licenses/by-nc/4.0/							
c24a6ea4-1df0-4055-9f8c-f007fd661d25					LSchare (she/her)			https://creativecommons.org/licenses/by-nc/4.0/							
7bcc59e2-16f7-481c-8737-1c4eba0852ab					LSchare (she/her)			https://creativecommons.org/licenses/by-nc/4.0/							
d1c77b99-962d-4a7d-ade6-23c977a6e003					Casey H. Richart			https://creativecommons.org/licenses/by/4.0/							
e82d2d14-ca6d-427d-a01a-1ab4207cdd12					Casey H. Richart			https://creativecommons.org/licenses/by/4.0/							
d151c383-d77a-4f77-b77e-8b8a5daf5795					LSchare (she/her)			https://creativecommons.org/licenses/by-nc/4.0/							
6f66a52e-db80-46fa-b271-b0afaf1186c5					LSchare (she/her)			https://creativecommons.org/licenses/by-nc/4.0/							
a81fc2c9-54a0-42ee-84f8-4c8d04e539f0					LSchare (she/her)			https://creativecommons.org/licenses/by-nc/4.0/							
2a6ea40e-a14a-4ac2-bbf6-61a673d3ba4a					Casey H. Richart			https://creativecommons.org/licenses/by/4.0/							
2d9accc4-4909-4269-ab4d-3c68624a0898					Stephanie Calloway			https://creativecommons.org/licenses/by-nc/4.0/							
aa26283d-8e02-4b66-aaa6-16f059bfd49b					LSchare (she/her)			https://creativecommons.org/licenses/by-nc/4.0/							
68e23672-fcbc-4848-ad8e-29a4d4ce600a					Casey H. Richart			https://creativecommons.org/licenses/by/4.0/							
dcb68894-4d5a-4147-86af-3a9dcb45d20b					LSchare (she/her)			https://creativecommons.org/licenses/by-nc/4.0/							
3810dbda-d4a0-47ed-bab2-b4b50b9b1be7					LSchare (she/her)			https://creativecommons.org/licenses/by-nc/4.0/							
92c1a725-6647-45e4-903a-43548f485263					LSchare (she/her)			https://creativecommons.org/licenses/by-nc/4.0/							
6031cb7d-5dee-4c06-a6fc-a7664af4d7e8					LSchare (she/her)			https://creativecommons.org/licenses/by-nc/4.0/							
867de317-f83e-41c3-bad1-a8fe67b9a7d8					LSchare (she/her)			https://creativecommons.org/licenses/by-nc/4.0/							
af640c8a-98a8-4c17-bee8-3fdb8f6b0b88					LSchare (she/her)			https://creativecommons.org/licenses/by-nc/4.0/							
14639c98-31e4-4fcb-8023-c39f3da12736					Casey H. Richart			https://creativecommons.org/licenses/by/4.0/							
01ee694c-e9a8-4818-a287-70f59f622b42					LSchare (she/her)			https://creativecommons.org/licenses/by-nc/4.0/							
66d152ec-9b23-4467-8c00-5799640b8501					Casey H. Richart			https://creativecommons.org/licenses/by/4.0/							
cbaeb56b-b751-4cf8-94d5-f10bc7cbb8db					LSchare (she/her)			https://creativecommons.org/licenses/by-nc/4.0/							
e55b3f09-e180-4fcd-8881-05d4101f5ac8					LSchare (she/her)			https://creativecommons.org/licenses/by-nc/4.0/							
b2e4ab30-b4bc-440c-9f50-23a8405577be					LSchare (she/her)			https://creativecommons.org/licenses/by-nc/4.0/							
7d964933-29ca-40fa-947c-5665464ae26b					Andrea Kreuzhage			https://creativecommons.org/licenses/by-nc/4.0/							
d7faefbb-8171-41f0-8af2-e0b1bf213024					Casey H. Richart			https://creativecommons.org/licenses/by/4.0/							
def9c2bc-1ba6-4866-b875-4962f72797b1					LSchare (she/her)			https://creativecommons.org/licenses/by-nc/4.0/							
3fd76695-845a-41ed-821e-6f6e4c5b3e8e								https://creativecommons.org/licenses/by-nc/4.0/							
b4dbf3ad-a4e2-4729-9260-b022a0624310					Jesse Rorabaugh			https://creativecommons.org/publicdomain/zero/1.0/							
b74e3ada-994b-4bd0-a771-a68ed85bacaa					LSchare (she/her)			https://creativecommons.org/licenses/by-nc/4.0/							
e31abb36-ce41-4fae-9bdc-a1a11d66384b					LSchare (she/her)			https://creativecommons.org/licenses/by-nc/4.0/							
91f44cfb-a9a7-4f6d-8f98-b5fe03688918					Casey H. Richart			https://creativecommons.org/licenses/by/4.0/							
c23dbc74-5a3a-41c0-9ef0-ddee023cbb9c					Casey H. Richart			https://creativecommons.org/licenses/by/4.0/							
15b3e6b6-5b4a-41f2-ab3d-b50091a94161					Casey H. Richart			https://creativecommons.org/licenses/by/4.0/							
72d6d937-5612-4fd0-af3b-b93123e9ed00					LSchare (she/her)			https://creativecommons.org/licenses/by-nc/4.0/							
c23d036f-938a-4aa0-80d3-6dc2c326a3bb					Andrea Kreuzhage			https://creativecommons.org/licenses/by-nc/4.0/							
788be165-53f4-4f06-b4fc-6469b0dd9227					Casey H. Richart			https://creativecommons.org/licenses/by/4.0/							
6af4a4e5-c34e-49b0-9284-18fb793a4fca					LSchare (she/her)			https://creativecommons.org/licenses/by-nc/4.0/							
0d59fcb3-f771-4b4a-9244-7934d143adb2					LSchare (she/her)			https://creativecommons.org/licenses/by-nc/4.0/							
aed7395a-51ec-4f14-91ba-41c5fa1ce00b					LSchare (she/her)			https://creativecommons.org/licenses/by-nc/4.0/							
98351186-986d-4a66-b109-072da6fabd01					LSchare (she/her)			https://creativecommons.org/licenses/by-nc/4.0/							
0723b7dc-e004-49a9-b347-70671faa9598					LSchare (she/her)			https://creativecommons.org/licenses/by-nc/4.0/							
b73caf2c-6cd2-48da-b637-22b2e251fb1b					Casey H. Richart			https://creativecommons.org/licenses/by/4.0/							
d4a0d2b5-00fb-4e9c-a59a-92a8af71d08d					LSchare (she/her)			https://creativecommons.org/licenses/by-nc/4.0/							
ee46c61e-d103-423a-ac55-e0e9fe07a14f					Sabina Lucke Lawrence			https://creativecommons.org/licenses/by-nc/4.0/							
c2abd4d8-5c5c-4fc4-a173-38778d9fb04f					Casey H. Richart			https://creativecommons.org/licenses/by/4.0/							
175f6c4a-6127-40fc-85b3-0f707a7a14c9					LSchare (she/her)			https://creativecommons.org/licenses/by-nc/4.0/							
7989929f-d8e2-4c77-91b1-af89ea5da460					LSchare (she/her)			https://creativecommons.org/licenses/by-nc/4.0/							
b6b9728e-e050-4e43-a1ac-5e12ac8eaadf					Casey H. Richart			https://creativecommons.org/licenses/by/4.0/							
388211f8-265d-43c1-a54a-6b000bb8d624					LSchare (she/her)			https://creativecommons.org/licenses/by-nc/4.0/							
af686885-2e37-4e3a-84c6-f073cc1f97a5					Casey H. Richart			https://creativecommons.org/licenses/by/4.0/							
81497fa1-4d1d-4dba-bbc4-ccc4b626bf59					Stephanie Calloway			https://creativecommons.org/licenses/by-nc/4.0/							
d01a04ff-a141-4c3f-958a-cb0bd4638e35					LSchare (she/her)			https://creativecommons.org/licenses/by-nc/4.0/							
27a57177-459d-4bdd-b7f5-e74afb0d6b13								https://creativecommons.org/licenses/by-nc/4.0/							
43131baf-a7cd-4412-b584-70203073caa7					LSchare (she/her)			https://creativecommons.org/licenses/by-nc/4.0/							
d087adcc-80de-4e50-9d68-33dae777e7d2															
461a143b-39b0-402d-a629-d95ef963ac66					Stephanie Calloway			https://creativecommons.org/licenses/by-nc/4.0/							
e1931af0-e93b-4193-8795-b42e0146f020								https://creativecommons.org/licenses/by-nc/4.0/							
316b17e3-20cd-495e-9ac5-fc886b741302					Casey H. Richart			https://creativecommons.org/licenses/by/4.0/							
a0d76cd6-540b-4929-8a8d-acb35da79160					LSchare (she/her)			https://creativecommons.org/licenses/by-nc/4.0/							
3efe52ec-1d11-4bd8-9ba3-0e42efec8952					LSchare (she/her)			https://creativecommons.org/licenses/by-nc/4.0/							
cbbd95c6-3143-416b-8111-96eac2f9feea								https://creativecommons.org/licenses/by/4.0/							
70b1d670-3e0b-488c-b5d1-91eecacbccff					Sara Cristina Medina			https://creativecommons.org/licenses/by-nc/4.0/							
3070c453-5a0b-40c9-9a98-3969fe51a8c8					LSchare (she/her)			https://creativecommons.org/licenses/by-nc/4.0/							
ccf1ffe3-4c31-439e-bf93-e584f4e145ea								https://creativecommons.org/licenses/by-nc/4.0/							
cc680e48-3f5b-4364-aa08-68064a3f53bd					Casey H. Richart			https://creativecommons.org/licenses/by/4.0/							
975dbefe-8403-4e4d-b9dc-6f465748b5ca					LSchare (she/her)			https://creativecommons.org/licenses/by-nc/4.0/							
29e0acba-e127-4d14-a8c8-911d948cb025								https://creativecommons.org/licenses/by-nc/4.0/							
1db1af61-cd16-4e7c-8277-96fc1182fa01					Andrea Kreuzhage			https://creativecommons.org/licenses/by-nc/4.0/							
54d303df-48e9-4f82-8eb3-78c6d7aa01d1					Casey H. Richart			https://creativecommons.org/licenses/by/4.0/							
d8e1de00-d865-4466-a4a0-f9a38446142c					Casey H. Richart			https://creativecommons.org/licenses/by/4.0/							
918619a3-569b-400c-9de5-bcd25bf5c65b					LSchare (she/her)			https://creativecommons.org/licenses/by-nc/4.0/							
4bef166d-7119-4207-99fc-f9c855ce11cc					Casey H. Richart			https://creativecommons.org/licenses/by/4.0/							
07ac0d73-9c26-4b84-aa72-a7be94539e07					Casey H. Richart			https://creativecommons.org/licenses/by/4.0/							
53a153bd-0982-401b-8f84-4eebb15e32c8					LSchare (she/her)			https://creativecommons.org/licenses/by-nc/4.0/							
4f449481-6105-4491-a4c3-b20864b2f8f2					Rosalind Helfand			https://creativecommons.org/licenses/by-nc/4.0/							
b5a7b726-7e69-420a-ae2c-ab6528477e2f					LSchare (she/her)			https://creativecommons.org/licenses/by-nc/4.0/							
e6eef034-508d-4e63-a3b8-482aa0850aae					LSchare (she/her)			https://creativecommons.org/licenses/by-nc/4.0/							
089fa966-ad2c-4ca6-9491-f535945fef15					LSchare (she/her)			https://creativecommons.org/licenses/by-nc/4.0/							
402c282c-fd62-449c-86fe-fedb446d09b4					Casey H. Richart			https://creativecommons.org/licenses/by/4.0/							
46c67243-5a4a-43c2-96d5-27448c35cc99					Casey H. Richart			https://creativecommons.org/licenses/by/4.0/							
6c194744-e398-4b7f-9506-588f2ae2794e					LSchare (she/her)			https://creativecommons.org/licenses/by-nc/4.0/							
be537688-7954-45ca-8929-340151eafcac					Casey H. Richart			https://creativecommons.org/licenses/by/4.0/							
aa2dba2a-b756-4030-9f94-502cf0b83ab9					Casey H. Richart			https://creativecommons.org/licenses/by/4.0/							
37e77ca0-08dd-4090-a4f5-ccd561635182					LSchare (she/her)			https://creativecommons.org/licenses/by-nc/4.0/							
c7ec630b-1a80-4385-b25b-46ea96cd97a9					Casey H. Richart			https://creativecommons.org/licenses/by/4.0/							
39d95ddb-3e7b-44d5-bd5d-ece2e55cb9de					Jenny Hazlehurst			https://creativecommons.org/licenses/by-nc/4.0/							
ca155d0d-faad-429c-b4cd-ce7f31dc2bf0								https://creativecommons.org/licenses/by-nc/4.0/							
76dbea70-665c-4760-bdc9-1378cfe9db55					LSchare (she/her)			https://creativecommons.org/licenses/by-nc/4.0/							
020b3f8b-aabc-4897-b3af-1ffb96e4366e															
5983c95a-1899-4181-9111-c973a0d959e9					Casey H. Richart			https://creativecommons.org/licenses/by/4.0/							
45b0fa81-5cc1-4a26-852a-845af85fc24a					LSchare (she/her)			https://creativecommons.org/licenses/by-nc/4.0/							
be38cafb-d466-4679-8355-812dd6c7aed4					LSchare (she/her)			https://creativecommons.org/licenses/by-nc/4.0/							
e20028bb-6ebd-4bf2-aa58-e9a6b8d9b10f					Andrea Kreuzhage			https://creativecommons.org/licenses/by-nc/4.0/							
5b5ca0d8-2875-421c-ad7d-bef4e5cc034a					LSchare (she/her)			https://creativecommons.org/licenses/by-nc/4.0/							
f6cd94de-9488-47b3-a943-99e7d92aa425					Casey H. Richart			https://creativecommons.org/licenses/by/4.0/							
4535f17f-99c7-4a89-a519-4429c16bed26					Casey H. Richart			https://creativecommons.org/licenses/by/4.0/							
cfb38a4a-74d7-4c4d-9a93-79ee8f27b94c					Casey H. Richart			https://creativecommons.org/licenses/by/4.0/							
e9350769-f65a-4a21-b75b-82098ed864cc					LSchare (she/her)			https://creativecommons.org/licenses/by-nc/4.0/							
fd4fe42a-dd6f-46a1-bb70-fca71acf202e					LSchare (she/her)			https://creativecommons.org/licenses/by-nc/4.0/							
9f48ab6c-97f5-4323-bcfd-3f416862a77d					LSchare (she/her)			https://creativecommons.org/licenses/by-nc/4.0/							
22dbdded-fa6f-4a03-86aa-1872e098d6f5					Sabina Lucke Lawrence			https://creativecommons.org/licenses/by-nc/4.0/							
f4fc4d79-04f3-4b1b-b3d0-a070bce514c1								https://creativecommons.org/licenses/by-nc/4.0/							
6e43fd19-0a85-441d-aae5-2ab06366932b					LSchare (she/her)			https://creativecommons.org/licenses/by-nc/4.0/							
e3762494-5233-45db-bbf7-3064248c5990					Dkt7sc										
eda80e72-953a-4c8b-9ab1-8065e509647e					LSchare (she/her)			https://creativecommons.org/licenses/by-nc/4.0/							
28a76002-1056-4611-8c64-c5582ff4dc84					Casey H. Richart			https://creativecommons.org/licenses/by/4.0/							
f5531585-d17e-4c5c-8a44-f18cb490bffe					Casey H. Richart			https://creativecommons.org/licenses/by/4.0/							
08cd7efc-987e-4f77-9f69-dd9dd7c6b098					LSchare (she/her)			https://creativecommons.org/licenses/by-nc/4.0/							
f757496a-aa98-4f17-b729-b78e5bf06a6b					LSchare (she/her)			https://creativecommons.org/licenses/by-nc/4.0/							
cdd8d554-1f2d-406d-abd8-c66c9df65312					Demi Eslava			https://creativecommons.org/licenses/by-nc/4.0/							
e1d383c4-edb1-4330-bccc-5745504cd4e6								https://creativecommons.org/licenses/by-nc/4.0/							
47a00064-1c4c-4e32-8330-f0da00c48c65					LSchare (she/her)			https://creativecommons.org/licenses/by-nc/4.0/							
53ec2acd-fe06-44cf-89e2-16fbdb14d09f								https://creativecommons.org/licenses/by-nc/4.0/							
764f03a4-c438-4191-a8b5-2e02566e2e03					Casey H. Richart			https://creativecommons.org/licenses/by/4.0/							
38003bdb-da0d-466e-9520-2438558927c1					Casey H. Richart			https://creativecommons.org/licenses/by/4.0/							
e8df4eca-9e9a-431f-a83b-d3fc26ae686a					LSchare (she/her)			https://creativecommons.org/licenses/by-nc/4.0/							
4daed2ef-d96a-4550-b40e-2160f15216b3					Casey H. Richart			https://creativecommons.org/licenses/by/4.0/							
6f463798-2167-4fae-a3b5-feae90417481					Katherine Hadary			https://creativecommons.org/licenses/by-nc/4.0/							
bb65f15f-9941-4575-ae2e-cae80e1a2b9e					Sabina Lucke Lawrence			https://creativecommons.org/licenses/by-nc/4.0/							
3ab06d18-371f-4ba0-8bf6-d11de8b7f0b9					LSchare (she/her)			https://creativecommons.org/licenses/by-nc/4.0/							
82d2d5f1-44b9-4229-8fcb-0d67b51bf0cd					LSchare (she/her)			https://creativecommons.org/licenses/by-nc/4.0/							
631c8a44-0d17-4b76-a348-811c60ae3af8					Casey H. Richart			https://creativecommons.org/licenses/by/4.0/							
d8b03ab4-75dc-490d-9332-2c23f9a789c5					LSchare (she/her)			https://creativecommons.org/licenses/by-nc/4.0/							
5d249bb6-7600-4459-afca-d242eaee2af1					Casey H. Richart			https://creativecommons.org/licenses/by/4.0/							
db82aac3-77d4-403f-a49e-0a527c1d6472					Casey H. Richart			https://creativecommons.org/licenses/by/4.0/							
44c3fb4e-dd4a-4a0a-a442-8a2e910b49df					LSchare (she/her)			https://creativecommons.org/licenses/by-nc/4.0/							
9252c5b8-7654-4bad-bf57-91d49d35b105					LSchare (she/her)			https://creativecommons.org/licenses/by-nc/4.0/							
b86977bb-8ae5-4ac0-b94d-aa5c411b2d50					LSchare (she/her)			https://creativecommons.org/licenses/by-nc/4.0/							
c0f1f401-527f-486c-b6a9-089dac6ab283					Casey H. Richart			https://creativecommons.org/licenses/by/4.0/							
11de2b47-a168-4191-afb2-570dc091ac73					LSchare (she/her)			https://creativecommons.org/licenses/by-nc/4.0/							
c1ce0d70-9817-43e2-abcc-b94f8642d215					Casey H. Richart			https://creativecommons.org/licenses/by/4.0/							
38547aa8-73b8-4fc0-a05b-f3939d4d058c					Casey H. Richart			https://creativecommons.org/licenses/by/4.0/							
11c3dd0f-036d-40dd-9697-e1d7f208d862					Casey H. Richart			https://creativecommons.org/licenses/by/4.0/							
485a1b0b-67f7-416d-b2a9-831be9a16862					Nancy Hamlett			https://creativecommons.org/licenses/by-nc/4.0/							
83964be9-4f6f-4696-8c26-21638fc6a6cd					LSchare (she/her)			https://creativecommons.org/licenses/by-nc/4.0/							
e185b66a-3b8d-47bf-b0e4-4c2a44dd5e20					Casey H. Richart			https://creativecommons.org/licenses/by/4.0/							
712127f8-55b2-4eab-a49c-1ee088f321bd					Casey H. Richart			https://creativecommons.org/licenses/by/4.0/							
cc3a3476-b4fc-4260-ac4c-4cc27abb6f07					LSchare (she/her)			https://creativecommons.org/licenses/by-nc/4.0/							
ad7ad4e5-6b55-47d4-8ee3-ae15000575f1					LSchare (she/her)			https://creativecommons.org/licenses/by-nc/4.0/							
56c97055-cbf5-444b-88aa-5bf421813705					LSchare (she/her)			https://creativecommons.org/licenses/by-nc/4.0/							
e1484208-d731-4c62-af9e-3dcb8f9f7801					Casey H. Richart			https://creativecommons.org/licenses/by/4.0/							
faf1f6fc-c8b1-4d9f-9659-146a239bf56f					LSchare (she/her)			https://creativecommons.org/licenses/by-nc/4.0/							
09c118e8-8441-42cf-a3b6-6381d803d922					Andrea Kreuzhage			https://creativecommons.org/licenses/by-nc/4.0/							
08450a6f-de23-488e-8090-531eac619af7					Sabina Lucke Lawrence			https://creativecommons.org/licenses/by-nc/4.0/							
ceeffcbb-ec56-45db-9c91-6f047fe6a67f					LSchare (she/her)			https://creativecommons.org/licenses/by-nc/4.0/							
6bfc9b6d-4375-4815-b478-9251292736e1					Casey H. Richart			https://creativecommons.org/licenses/by/4.0/							
0f54dda6-474e-45e5-992e-84e7afc8bfab					Casey H. Richart			https://creativecommons.org/licenses/by/4.0/							
7f98bcb7-f6a9-4d96-a7e7-69974039a2e9					LSchare (she/her)			https://creativecommons.org/licenses/by-nc/4.0/							
c6292943-ba68-4a80-a9dd-bcad5965b976								https://creativecommons.org/licenses/by-nc/4.0/							
fc26b16b-b6d7-42b5-afd6-45d084d242cd					Casey H. Richart			https://creativecommons.org/licenses/by/4.0/							
39e98ce7-f0cc-4145-be5c-cdfb7ccc9000					LSchare (she/her)			https://creativecommons.org/licenses/by-nc/4.0/							
be829ef0-e756-4326-8b45-9883edb29fe9					LSchare (she/her)			https://creativecommons.org/licenses/by-nc/4.0/							
9f0706ac-9f8d-4b27-bc78-2d03d7080dec					Andrea Kreuzhage			https://creativecommons.org/licenses/by-nc/4.0/							
58cca33a-08af-459f-9ef2-8491922716e9					Nancy Hamlett			https://creativecommons.org/licenses/by-nc/4.0/							
87bf4fe3-7231-43cf-986e-ddc14df64495					Casey H. Richart			https://creativecommons.org/licenses/by/4.0/							
82784a2d-76a5-4ed1-8893-74105d44d0ac					Casey H. Richart			https://creativecommons.org/licenses/by/4.0/							
1b5949a9-2a61-49d2-9c4b-490185d0e60b					LSchare (she/her)			https://creativecommons.org/licenses/by-nc/4.0/							
ffda2190-481d-4405-849d-4f2b62ad0a9b					Jenny Hazlehurst			https://creativecommons.org/licenses/by-nc/4.0/							
7d2e245b-cd73-4220-8d4b-cbf71e360892					LSchare (she/her)			https://creativecommons.org/licenses/by-nc/4.0/							
8aedd8f3-2ae1-485d-8248-7706f087a5de					Casey H. Richart			https://creativecommons.org/licenses/by/4.0/							
83c72a13-f681-4e7f-8c86-bc60a386dae9					LSchare (she/her)			https://creativecommons.org/licenses/by-nc/4.0/							
bac429b2-a65a-4a45-8b94-8ab4b2e4239f					Cedric Lee			https://creativecommons.org/licenses/by-nc/4.0/							
4a13319b-84c4-4b9e-a0b5-3ac4207062fd					Casey H. Richart			https://creativecommons.org/licenses/by/4.0/							
7b1a9760-1737-4ad2-aeb8-3215d49c284e					Casey H. Richart			https://creativecommons.org/licenses/by/4.0/							
3580b9a2-8ea6-4426-bf6e-17900ba69bc3					LSchare (she/her)			https://creativecommons.org/licenses/by-nc/4.0/							
0aee9d3d-02b6-48a6-aeb2-60e1749db82b					LSchare (she/her)			https://creativecommons.org/licenses/by-nc/4.0/							
80ae397b-3987-4c50-ac8b-cfe92d7cfdd9					LSchare (she/her)			https://creativecommons.org/licenses/by-nc/4.0/							
e6a28e40-560f-413d-a0fc-0fd50de7581a					Stephanie Calloway			https://creativecommons.org/licenses/by-nc/4.0/							
95819f26-0bd8-495a-b7b5-e20d9c5d03c4					Andrea Kreuzhage			https://creativecommons.org/licenses/by-nc/4.0/							
fd068199-16db-40f3-9c27-e5d7dfead030					Jenny Hazlehurst			https://creativecommons.org/licenses/by-nc/4.0/							
5ef1ff27-9a16-4ec5-b23e-810cbbc8f6e7					Andrea Kreuzhage			https://creativecommons.org/licenses/by-nc/4.0/							
814fb471-a991-45c1-89bf-1483a4ae1f5a					Stephanie Calloway			https://creativecommons.org/licenses/by-nc/4.0/							
28565d81-6818-43d6-a88a-9b6515e62503					LSchare (she/her)			https://creativecommons.org/licenses/by-nc/4.0/							
2d813ee3-2b9a-4eeb-a74b-7a0a469ca71b					Casey H. Richart			https://creativecommons.org/licenses/by/4.0/							
9b65ec2b-80e1-421d-9406-11d8910dbb10					Casey H. Richart			https://creativecommons.org/licenses/by/4.0/							
cde065f5-fead-4ca7-8da1-034d0038ce1d					LSchare (she/her)			https://creativecommons.org/licenses/by-nc/4.0/							
690b0918-129b-4fd4-8e93-aff406c3292c					LSchare (she/her)			https://creativecommons.org/licenses/by-nc/4.0/							
28f3ad28-6232-4625-9e73-63416606fd01					Casey H. Richart			https://creativecommons.org/licenses/by/4.0/							
e1999557-2c2e-4058-a29b-d01acc40c56b					Jenny Hazlehurst			https://creativecommons.org/licenses/by-nc/4.0/							
44fd7b8a-920d-496b-bf31-8499f986760f					LSchare (she/her)			https://creativecommons.org/licenses/by-nc/4.0/							
229ba81d-5684-4201-9c64-94325618f72c					Casey H. Richart			https://creativecommons.org/licenses/by/4.0/							
ac869613-b3fe-4f8a-87a5-babd4116026b					Casey H. Richart			https://creativecommons.org/licenses/by/4.0/							
ce5a3aa4-aa5a-4c0a-9801-a05226ea7d24					Casey H. Richart			https://creativecommons.org/licenses/by/4.0/							
56304206-0a30-453c-9c0b-2472b6fd699e					Stephanie Calloway			https://creativecommons.org/licenses/by-nc/4.0/							
f53ab6f0-04a7-42c8-8ab6-1951fc01deff					Sabina Lucke Lawrence			https://creativecommons.org/licenses/by-nc/4.0/							
54bb1052-34cb-42f5-a9c0-00468ef9b660					Casey H. Richart			https://creativecommons.org/licenses/by/4.0/							
d115d669-83be-4462-a36d-a5c5b7b38f94					LSchare (she/her)			https://creativecommons.org/licenses/by-nc/4.0/							
98e50bb3-fbd2-4c66-973a-a5a06cb0a6d4					LSchare (she/her)			https://creativecommons.org/licenses/by-nc/4.0/							
7ef06077-c134-4041-b42c-f08c7f2b9556					LSchare (she/her)			https://creativecommons.org/licenses/by-nc/4.0/							
025eb663-7286-4d11-8b43-bdf1b18d17f4					LSchare (she/her)			https://creativecommons.org/licenses/by-nc/4.0/							
ea9b4bf3-2e20-4e18-9bc3-60d0cc6cfc55					LSchare (she/her)			https://creativecommons.org/licenses/by-nc/4.0/							
cc156a5f-456d-4063-8a42-fd89fde28557					LSchare (she/her)			https://creativecommons.org/licenses/by-nc/4.0/							
1e6325c3-bc05-4e95-bc68-08edf44da4dd					Casey H. Richart			https://creativecommons.org/licenses/by/4.0/							
c0f01acb-a5b0-489b-8960-eee2f09c6c13					Casey H. Richart			https://creativecommons.org/licenses/by/4.0/							
b2e99bbd-cb91-48fa-823f-298d0c25ef95					LSchare (she/her)			https://creativecommons.org/licenses/by-nc/4.0/							
48adefc3-1295-4cb0-aa00-e4a154a51fe7					Casey H. Richart			https://creativecommons.org/licenses/by/4.0/							
49973806-0cde-4525-a59c-949dd84da299					Jenny Hazlehurst			https://creativecommons.org/licenses/by-nc/4.0/							
7795cada-39d5-4499-b7cf-f8e73099770f					LSchare (she/her)			https://creativecommons.org/licenses/by-nc/4.0/							
24e380be-57cb-4faa-a922-f98dcce6a4fd					LSchare (she/her)			https://creativecommons.org/licenses/by-nc/4.0/							
1d1ba341-f2ea-43bd-85e0-74c5d7a9b1a8					Andrea Kreuzhage			https://creativecommons.org/licenses/by-nc/4.0/							
ac0f417a-262e-4891-8571-eeabe3b68cfd					Andrea Kreuzhage			https://creativecommons.org/licenses/by-nc/4.0/							
7db3b7fd-960d-4bc2-aecf-4425db9effd9					LSchare (she/her)			https://creativecommons.org/licenses/by-nc/4.0/							
7df49b9d-b3bf-4857-9eba-1efb82ba7877								https://creativecommons.org/licenses/by-nc/4.0/							
0389e4ce-8ca8-47ed-b5f3-1d2d5607eb24					Casey H. Richart			https://creativecommons.org/licenses/by/4.0/							
bd47b2fa-9a67-4506-8e0a-6cd61b63dea5					Casey H. Richart			https://creativecommons.org/licenses/by/4.0/							
dfca2d33-930a-4349-badc-4030fbe5d0e2					Rosalind Helfand			https://creativecommons.org/licenses/by-nc/4.0/							
cf61bf80-cfc7-4bdb-89e8-ac2702491e45					Casey H. Richart			https://creativecommons.org/licenses/by/4.0/							
f9d79f07-0e00-4b29-98d8-312a5af4dde7					Casey H. Richart			https://creativecommons.org/licenses/by/4.0/							
16eaa8a9-db7a-4a27-971a-e30ec6f78485					Demi Eslava			https://creativecommons.org/licenses/by-nc/4.0/							
4c361a66-2766-46af-af78-477aee521665					LSchare (she/her)			https://creativecommons.org/licenses/by-nc/4.0/							
3d469a5b-f4c2-4c71-9e8f-5b46dff50069					Casey H. Richart			https://creativecommons.org/licenses/by/4.0/							
a1909b81-a6c3-4095-a893-925962146ab8					LSchare (she/her)			https://creativecommons.org/licenses/by-nc/4.0/							
a3329b1e-22bc-448a-a690-7413e5a1e0f9					Casey H. Richart			https://creativecommons.org/licenses/by/4.0/							
64d2a4b3-79d6-4c64-9a1d-0e181845c70f					LSchare (she/her)			https://creativecommons.org/licenses/by-nc/4.0/							
b181d681-4d6c-4a80-a50e-19fa252fae5b					Casey H. Richart			https://creativecommons.org/licenses/by/4.0/							
b0c489ff-7caa-49a3-97a2-b6a0cb90aae5					Casey H. Richart			https://creativecommons.org/licenses/by/4.0/							
46923c75-85f3-42e1-b246-d82113d18035					LSchare (she/her)			https://creativecommons.org/licenses/by-nc/4.0/							
72ded904-8c19-4d84-8ba5-c69c05dd7897					Casey H. Richart			https://creativecommons.org/licenses/by/4.0/							
86e6d133-30d8-467a-8faf-8e689231ac43					Demi Eslava			https://creativecommons.org/licenses/by-nc/4.0/							
5d02f1c6-41f5-41b3-9a7d-ec4c2557adcc					LSchare (she/her)			https://creativecommons.org/licenses/by-nc/4.0/							
dc34e1e1-878f-4540-8f68-e92c0ac24084					Casey H. Richart			https://creativecommons.org/licenses/by/4.0/							
ee2df267-606b-495e-9fd0-75ff9e063caa					LSchare (she/her)			https://creativecommons.org/licenses/by-nc/4.0/							
04654717-51fd-40f3-a108-50e041b67291					Casey H. Richart			https://creativecommons.org/licenses/by/4.0/							
5cc8a96d-586b-48ba-b847-3de2028188b9					Jenny Hazlehurst			https://creativecommons.org/licenses/by-nc/4.0/							
e9293a6a-76c3-4740-858e-7a1ac2ac9265					LSchare (she/her)			https://creativecommons.org/licenses/by-nc/4.0/							
f6625d3e-ad60-469e-bcda-ee5217a14839					LSchare (she/her)			https://creativecommons.org/licenses/by-nc/4.0/							
8d3d4155-bcaf-480c-a96f-af6a7719ea71					Casey H. Richart			https://creativecommons.org/licenses/by/4.0/							
415725c3-c9c6-4d96-ab17-d6328aa2cfb3					LSchare (she/her)			https://creativecommons.org/licenses/by-nc/4.0/							
6d79436d-259a-42a1-8951-9873626206f4					Jenny Hazlehurst			https://creativecommons.org/licenses/by-nc/4.0/							
d01313f4-82b9-43ed-b42c-c1b9d1d1c990					Andrea Kreuzhage			https://creativecommons.org/licenses/by-nc/4.0/							
bb2d6afa-315f-4662-981d-fbc74355dcab					LSchare (she/her)			https://creativecommons.org/licenses/by-nc/4.0/							
52796951-5132-420d-86ee-de1411c30fea					Casey H. Richart			https://creativecommons.org/licenses/by/4.0/							
3024358e-2b70-4151-818b-eede67c9e5cf					Casey H. Richart			https://creativecommons.org/licenses/by/4.0/							
515fb4b8-0548-4523-9bac-9caec9ab4290					Casey H. Richart			https://creativecommons.org/licenses/by/4.0/							
2c2ab599-de3b-4466-9d95-c04e710fc8fe					Casey H. Richart			https://creativecommons.org/licenses/by/4.0/							
e287540e-b22f-4391-b0be-698adc12e854					Andrea Kreuzhage			https://creativecommons.org/licenses/by-nc/4.0/							
99cc84d3-4c25-4a3f-84a4-860b8c34c101					LSchare (she/her)			https://creativecommons.org/licenses/by-nc/4.0/							
39aac55d-ca49-477f-bf5b-1ebe80ec254e					Casey H. Richart			https://creativecommons.org/licenses/by/4.0/							
86717c14-12c2-460a-ad0b-55964f06f86a					Casey H. Richart			https://creativecommons.org/licenses/by/4.0/							
ecb8cf71-b823-45c3-adfa-05c903c6d73e					Casey H. Richart			https://creativecommons.org/licenses/by/4.0/							
f4ee407d-ae1e-485e-bcbf-902883026aeb					LSchare (she/her)			https://creativecommons.org/licenses/by-nc/4.0/							
b79fcc4a-5ad4-4fb2-9ccb-7c4f06b6a098					LSchare (she/her)			https://creativecommons.org/licenses/by-nc/4.0/							
ae65686e-05c1-4dbb-9529-7c74d1ad928f					LSchare (she/her)			https://creativecommons.org/licenses/by-nc/4.0/							
d10554fe-3131-421c-be4c-b78eb00270a6					LSchare (she/her)			https://creativecommons.org/licenses/by-nc/4.0/							
7d5cbd4b-5106-4d81-966a-88ede5720d83					David Kaposi			https://creativecommons.org/licenses/by-nc/4.0/							
cf534ee4-6437-402a-a028-bf0d84c52061					David Kaposi			https://creativecommons.org/licenses/by-nc/4.0/							
2010a705-ec76-4f22-ba72-f43f8e3580d0					Casey H. Richart			https://creativecommons.org/licenses/by/4.0/							
c9612df0-4db7-421c-97ec-35140dea3441					LSchare (she/her)			https://creativecommons.org/licenses/by-nc/4.0/							
7324fd58-562b-4402-9033-8c5b4f6a9e8f					LSchare (she/her)			https://creativecommons.org/licenses/by-nc/4.0/							
2bc1d4a0-4db5-425a-9d5d-8908cf4ebe0b					LSchare (she/her)			https://creativecommons.org/licenses/by-nc/4.0/							
b562e7b7-e318-44b5-b555-1eefed568873					LSchare (she/her)			https://creativecommons.org/licenses/by-nc/4.0/							
256ceb38-b882-4543-ae0e-b176099bd3df					Casey H. Richart			https://creativecommons.org/licenses/by/4.0/							
edc47f93-c74d-4ab6-9042-138c7cee3d68					Rosalind Helfand			https://creativecommons.org/licenses/by-nc/4.0/							
bda81de7-9a6b-413b-9f2a-89607d30ee15								https://creativecommons.org/licenses/by-nc/4.0/							
08ca98ba-8cd3-4def-bef1-4d11d92ad10e					Stephanie Calloway			https://creativecommons.org/licenses/by-nc/4.0/							
57c7d971-501e-48e5-a6e4-69992b97c2a9					LSchare (she/her)			https://creativecommons.org/licenses/by-nc/4.0/							
da6c543c-42f5-4ef2-93b5-7fb56e06f7c1					LSchare (she/her)			https://creativecommons.org/licenses/by-nc/4.0/							
1e20e489-a476-44a3-b734-c3942a9f4890								https://creativecommons.org/licenses/by-nc/4.0/							
ac45bddc-86d3-46db-a477-43376de703bb					Casey H. Richart			https://creativecommons.org/licenses/by/4.0/							
3899d66d-8dbe-40e0-b906-e28b02b5ceb1					LSchare (she/her)			https://creativecommons.org/licenses/by-nc/4.0/							
e15780ba-c3d2-4431-b1d6-7b0e244afa4e					Casey H. Richart			https://creativecommons.org/licenses/by/4.0/							
0b674cc0-c72d-4dc2-805a-b470b46294ae					LSchare (she/her)			https://creativecommons.org/licenses/by-nc/4.0/							
eeadeba9-9c5c-479e-a18f-2b80f89a8292					LSchare (she/her)			https://creativecommons.org/licenses/by-nc/4.0/							
a1c5ea62-edfc-4b93-a768-44289e1fadb4					Casey H. Richart			https://creativecommons.org/licenses/by/4.0/							
a0f73ce5-ba8e-4ab3-ac01-1bc77d06dd93					LSchare (she/her)			https://creativecommons.org/licenses/by-nc/4.0/							
61268074-be18-4455-bc9a-56e71cfe58b2					Katherine Hadary			https://creativecommons.org/licenses/by-nc/4.0/							
36612b75-f1ae-4ff8-9f08-b8d4afd8615e					Casey H. Richart			https://creativecommons.org/licenses/by/4.0/							
c56fd62d-2c29-4092-bebc-6d1d4407b861					Kathleen Nguyen										
d576c07d-bb2f-4977-aa06-f66b04dd2694					Casey H. Richart			https://creativecommons.org/licenses/by/4.0/							
556478c2-fa76-4ba6-b1e9-90ffa26f2d3c					Casey H. Richart			https://creativecommons.org/licenses/by/4.0/							
076601ae-8030-42ac-9623-61d8bf0a7210					LSchare (she/her)			https://creativecommons.org/licenses/by-nc/4.0/							
c3bfe488-de98-4c9c-b52a-cd53db6cec13					LSchare (she/her)			https://creativecommons.org/licenses/by-nc/4.0/							
c55531b4-0f55-49f0-8e2f-c5e14f67e7ef					Casey H. Richart			https://creativecommons.org/licenses/by/4.0/							
55f52094-681a-41e7-b408-9b7243de1b8c					Cedric Lee			https://creativecommons.org/licenses/by-nc/4.0/							
525bf2bd-4564-4993-83fa-65eac6cb2529					LSchare (she/her)			https://creativecommons.org/licenses/by-nc/4.0/							
43e92f71-b810-4049-8ab5-c1433e64c4cc					LSchare (she/her)			https://creativecommons.org/licenses/by-nc/4.0/							
bd2ebe92-2711-476a-8916-2bcc49bb6384					LSchare (she/her)			https://creativecommons.org/licenses/by-nc/4.0/							
ef81c3c8-a2f5-4a31-b975-e4769b45619e					Casey H. Richart			https://creativecommons.org/licenses/by/4.0/							
7e4f8b2d-f181-43ae-a4a5-45ac1a203b66					Casey H. Richart			https://creativecommons.org/licenses/by/4.0/							
b6278be3-9325-46a9-b869-7b3c441a93b3					Casey H. Richart			https://creativecommons.org/licenses/by/4.0/							
43521dc5-3008-4afb-a6cf-1820da4388a5					LSchare (she/her)			https://creativecommons.org/licenses/by-nc/4.0/							
0a10c753-ae00-4e40-a621-0e6c827f5524					Casey H. Richart			https://creativecommons.org/licenses/by/4.0/							
d60da94b-8e18-4cc1-b7c1-598959fa65ff					Casey H. Richart			https://creativecommons.org/licenses/by/4.0/							
7e5d49ad-c174-41ff-a133-9644c5df5313					Casey H. Richart			https://creativecommons.org/licenses/by/4.0/							
ba53a044-9ef7-4691-9b6c-faac40b68760					Casey H. Richart			https://creativecommons.org/licenses/by/4.0/							
6c493ed9-7142-4aaf-95a0-287988f7126b					Casey H. Richart			https://creativecommons.org/licenses/by/4.0/							
e15585fd-a849-45ad-9303-6edc4946851e					Dkt7sc										
1429a20a-0c70-43d8-8681-33014c8f1df5								https://creativecommons.org/licenses/by-nc/4.0/							
9705542e-3950-4be2-8166-cf7aee8826b5					LSchare (she/her)			https://creativecommons.org/licenses/by-nc/4.0/							
2320a6cb-868f-4a53-b7cf-360d4806877c					LSchare (she/her)			https://creativecommons.org/licenses/by-nc/4.0/							
dbe4f993-ce93-4197-afbc-fa65268fb550					LSchare (she/her)			https://creativecommons.org/licenses/by-nc/4.0/							
6c77cfff-5afd-491a-a52c-607590245750					Casey H. Richart			https://creativecommons.org/licenses/by/4.0/							
71d02b1c-38a6-466c-8965-7cbaf9626205					LSchare (she/her)			https://creativecommons.org/licenses/by-nc/4.0/							
3bc54af2-c787-493c-854c-1c1f37f72c71					Dkt7sc										
e0f095ac-2b97-41f3-9eec-216f80d88dd0								https://creativecommons.org/licenses/by-nc/4.0/							
bc160ab3-a24d-4bbc-87ef-204312a2c5a3					Casey H. Richart			https://creativecommons.org/licenses/by/4.0/							
66500e82-be3d-4f82-8df2-2fe4b370d890					Casey H. Richart			https://creativecommons.org/licenses/by/4.0/							
114485c0-96c4-4844-9ec2-b57d7a5dc9d2					Casey H. Richart			https://creativecommons.org/licenses/by/4.0/							
8abab3c0-2f2a-41e4-8d1c-cacfc2215ffe					Sabina Lucke Lawrence			https://creativecommons.org/licenses/by-nc/4.0/							
505d8983-acb2-476c-abc5-cd3e5ed64954					LSchare (she/her)			https://creativecommons.org/licenses/by-nc/4.0/							
ea38e6aa-9146-4bc3-bef7-cfe9665ad6f6					LSchare (she/her)			https://creativecommons.org/licenses/by-nc/4.0/							
1f76402d-e7e4-4a4a-b7d7-106d31a98d97					LSchare (she/her)			https://creativecommons.org/licenses/by-nc/4.0/							
c949d709-fffd-49e1-bac8-e535d4819c8a					Stephanie Calloway			https://creativecommons.org/licenses/by-nc/4.0/							
8de7c293-1bb6-4810-b450-ab2fd9da1668					Casey H. Richart			https://creativecommons.org/licenses/by/4.0/							
9a6d693e-3943-412a-a07c-1f70013ee2fa					Casey H. Richart			https://creativecommons.org/licenses/by/4.0/							
dbf1bed7-9df6-4b18-bc1a-e5e9e810f3ba					Casey H. Richart			https://creativecommons.org/licenses/by/4.0/							
13860354-dfb4-472e-85fa-c3f14e9e63d7					Casey H. Richart			https://creativecommons.org/licenses/by/4.0/							
9919bdc0-39d0-4087-9db4-0acd59d2e910					LSchare (she/her)			https://creativecommons.org/licenses/by-nc/4.0/							
056139f6-3009-424a-8940-390a6a10145e					LSchare (she/her)			https://creativecommons.org/licenses/by-nc/4.0/							
46e53f47-8740-42a7-bee5-8ed77645a775					LSchare (she/her)			https://creativecommons.org/licenses/by-nc/4.0/							
997877b3-6191-41fc-9ce6-6e814b7ad1aa					Sula Vanderplank			https://creativecommons.org/licenses/by/4.0/							
58b0a203-016b-4e6e-93ea-f5fc133eb5a3					Sabina Lucke Lawrence			https://creativecommons.org/licenses/by-nc/4.0/							
4e587c62-5749-4437-b9d7-73981067ff18					The Hog Potato										
31d161fa-bcb7-4353-ad03-916acd5db10e					Casey H. Richart			https://creativecommons.org/licenses/by/4.0/							
a8a4bec1-cb8d-499e-bf26-cd256703d5c3					LSchare (she/her)			https://creativecommons.org/licenses/by-nc/4.0/							
b21fa692-7fe5-416a-80ba-38ddff8dac6c					Katherine Hadary			https://creativecommons.org/licenses/by-nc/4.0/							
49e2ced3-b249-4dd5-89e1-944bebd0c761					Andrea Kreuzhage			https://creativecommons.org/licenses/by-nc/4.0/							
27b47c6d-c773-4fc9-9740-7bf8c3be3394					Andrea Kreuzhage			https://creativecommons.org/licenses/by-nc/4.0/							
415206af-9752-4c94-bcea-292dd4f43d71					LSchare (she/her)			https://creativecommons.org/licenses/by-nc/4.0/							
52a4488d-c8ea-42c1-8b17-65575f11d35e					LSchare (she/her)			https://creativecommons.org/licenses/by-nc/4.0/							
ec2bcb96-1cf7-494e-9fd2-a3534172b1a4					LSchare (she/her)			https://creativecommons.org/licenses/by-nc/4.0/							
e3037def-be71-4e2a-88fc-4366759f63d8					LSchare (she/her)			https://creativecommons.org/licenses/by-nc/4.0/							
8bbe30c0-aca5-4b07-90a3-914af14712f2					LSchare (she/her)			https://creativecommons.org/licenses/by-nc/4.0/							
886377c9-d731-4408-8c6d-8ee854e2493f					Casey H. Richart			https://creativecommons.org/licenses/by/4.0/							
e137642a-fcc8-4284-9b10-f1a2833cc5cb					Casey H. Richart			https://creativecommons.org/licenses/by/4.0/							
35a3d316-cbe5-417f-aeb1-1f8e8cf25e49					Jenny Hazlehurst			https://creativecommons.org/licenses/by-nc/4.0/							
90597805-a025-492a-902f-b07d1a721593					Casey H. Richart			https://creativecommons.org/licenses/by/4.0/							
2599c3da-9c8c-46ac-8d25-b89c5b11273d					LSchare (she/her)			https://creativecommons.org/licenses/by-nc/4.0/							
df0fa3fc-351b-472c-ad1b-141c65444b40					Andrea Kreuzhage			https://creativecommons.org/licenses/by-nc/4.0/							
66592ee9-749c-42cf-8af2-8fbd5b3981cd					Andrea Kreuzhage			https://creativecommons.org/licenses/by-nc/4.0/							
4be8493e-3f7d-46fa-8d2e-aa8166083730					LSchare (she/her)			https://creativecommons.org/licenses/by-nc/4.0/							
8f964005-9524-4269-986c-64c42b37a636					LSchare (she/her)			https://creativecommons.org/licenses/by-nc/4.0/							
9e03c5d9-7c90-42bf-8425-c41995bb0526					LSchare (she/her)			https://creativecommons.org/licenses/by-nc/4.0/							
f2425a55-d90d-48fa-af5e-65bcaa6157db					Casey H. Richart			https://creativecommons.org/licenses/by/4.0/							
568f5366-9644-4382-865e-262ea6db3e43					Andrea Kreuzhage			https://creativecommons.org/licenses/by-nc/4.0/							
afe4ea84-c2fc-4457-9b5a-a7c2d0c5fa76					Casey H. Richart			https://creativecommons.org/licenses/by/4.0/							
473c93ba-379f-40a3-b0ad-6a220f9134e4					LSchare (she/her)			https://creativecommons.org/licenses/by-nc/4.0/							
d474ee14-fa73-4918-ae4f-92a1c4f1d29c					LSchare (she/her)			https://creativecommons.org/licenses/by-nc/4.0/							
3df14d37-645a-492b-9548-51f17acc222a					LSchare (she/her)			https://creativecommons.org/licenses/by-nc/4.0/							
e512210e-5789-4f61-abc9-377dc772b451					LSchare (she/her)			https://creativecommons.org/licenses/by-nc/4.0/							
5ab548a8-1408-4224-8e9b-15e24f4f2b7b					LSchare (she/her)			https://creativecommons.org/licenses/by-nc/4.0/							
76261aff-7487-46bd-a37c-293e4c4eb81e					LSchare (she/her)			https://creativecommons.org/licenses/by-nc/4.0/							
8a2a0e21-1825-4762-99ec-f12485c084f6					Casey H. Richart			https://creativecommons.org/licenses/by/4.0/							
6a933697-113c-4515-93e3-21dd2007f6ad					LSchare (she/her)			https://creativecommons.org/licenses/by-nc/4.0/							
30244ff5-b47b-4090-b685-00f03be51839					LSchare (she/her)			https://creativecommons.org/licenses/by-nc/4.0/							
89d57477-562f-4cb5-ada5-b5f85f6276f2					LSchare (she/her)			https://creativecommons.org/licenses/by-nc/4.0/							
ffc8a6a6-7353-4741-ad27-84b65ef0b8a6					LSchare (she/her)			https://creativecommons.org/licenses/by-nc/4.0/							
0e8c7dff-a1ea-4bbf-9264-8d17e0e5e022					Casey H. Richart			https://creativecommons.org/licenses/by/4.0/							
9873270b-663c-4d0d-a7cb-3eda4512fd19					Stephanie Calloway			https://creativecommons.org/licenses/by-nc/4.0/							
737c3c66-6ba3-4015-844b-82b77736530d					LSchare (she/her)			https://creativecommons.org/licenses/by-nc/4.0/							
85c6d0eb-7263-4046-b223-b6d80f2809f2					Casey H. Richart			https://creativecommons.org/licenses/by/4.0/							
c19fa8f0-af04-4ce3-a6f6-fa464df87130					Casey H. Richart			https://creativecommons.org/licenses/by/4.0/							
086a1f34-2d75-4c86-b20f-1ae242d32d04					Katherine Hadary			https://creativecommons.org/licenses/by-nc/4.0/							
fa3d06e1-2ef7-4639-80eb-b361d02b0611					Casey H. Richart			https://creativecommons.org/licenses/by/4.0/							
071df112-9521-4343-8beb-4060e6670bfb					Andrea Kreuzhage			https://creativecommons.org/licenses/by-nc/4.0/							
0adf2997-bcc7-487f-97d9-d77af6a41b16					Jenny Hazlehurst			https://creativecommons.org/licenses/by-nc/4.0/							
6d6f133c-d568-4ee1-81f6-ba6d4e5d9cb0					Dkt7sc										
6c9de9d7-691b-4059-8d0f-f4b22eb69151					Sabina Lucke Lawrence			https://creativecommons.org/licenses/by-nc/4.0/							
2cbe3c7d-6753-4ad9-a50c-a0af8680e62f					Dkt7sc										
fabc4bdd-c01a-41c4-87d6-ca95cc84d14c					LSchare (she/her)			https://creativecommons.org/licenses/by-nc/4.0/							
e8076011-68fe-4ef4-8ea3-d5df2e795ad5					LSchare (she/her)			https://creativecommons.org/licenses/by-nc/4.0/							
712c0bb1-df7a-41d4-9384-10a77f16b45c					Demi Eslava			https://creativecommons.org/licenses/by-nc/4.0/							
ce121158-c9a1-4fc3-8921-9e567b3533ad					LSchare (she/her)			https://creativecommons.org/licenses/by-nc/4.0/							
42541b3c-1f98-47ff-b099-5cdd6f7427de					LSchare (she/her)			https://creativecommons.org/licenses/by-nc/4.0/							
7498dd01-7368-4bd4-87a0-f3128667d9be					Andrea Kreuzhage			https://creativecommons.org/licenses/by-nc/4.0/							
5e0dd637-9830-4241-8095-54b7f7af5872					Sabina Lucke Lawrence			https://creativecommons.org/licenses/by-nc/4.0/							
8ba94ccc-7d9a-4250-a198-e4320f0e86bf					Casey H. Richart			https://creativecommons.org/licenses/by/4.0/							
554fba6d-e6d4-47b5-b7fb-73827951e8fe					LSchare (she/her)			https://creativecommons.org/licenses/by-nc/4.0/							
c7b09a60-cf74-4943-8bdc-023f67b8f812					Katherine Hadary			https://creativecommons.org/licenses/by-nc/4.0/							
26fcd46c-841e-4145-bab4-8a47f5c47e23					Sabina Lucke Lawrence			https://creativecommons.org/licenses/by-nc/4.0/							
f7e08af4-32be-4d54-8083-202fbb115c56					Andrea Kreuzhage			https://creativecommons.org/licenses/by-nc/4.0/							
440a7ba9-2a8d-45d3-ac53-b189e1626125					LSchare (she/her)			https://creativecommons.org/licenses/by-nc/4.0/							
f4bdec8e-0b06-446a-a7b9-f635bc84dd35					LSchare (she/her)			https://creativecommons.org/licenses/by-nc/4.0/							
cb2d5fc8-e369-414e-b3f7-fad381aea837					LSchare (she/her)			https://creativecommons.org/licenses/by-nc/4.0/							
168e4947-9e2e-441f-9a49-2d6934378e00					LSchare (she/her)			https://creativecommons.org/licenses/by-nc/4.0/							
fee4aab9-a522-40a8-93b3-b635c7334423					Casey H. Richart			https://creativecommons.org/licenses/by/4.0/							
e93374a9-c2dc-4ed5-b388-ecd5d2a4a92d					Casey H. Richart			https://creativecommons.org/licenses/by/4.0/							
d64711b0-0b23-48e2-86da-abd1eae6abc2					Casey H. Richart			https://creativecommons.org/licenses/by/4.0/							
3e033bf5-8098-48b4-90c4-e23b036ab8b5					Cedric Lee			https://creativecommons.org/licenses/by-nc/4.0/							
d4e36bc5-43be-4f20-b770-a284c07e69c8					Sabina Lucke Lawrence			https://creativecommons.org/licenses/by-nc/4.0/							
fd3d0679-2405-4371-8467-c84da5b6ca02					LSchare (she/her)			https://creativecommons.org/licenses/by-nc/4.0/							
9df86820-a491-428c-a8cc-761945655511					Nancy Hamlett			https://creativecommons.org/licenses/by-nc/4.0/							
9c7b8605-cfde-41e6-98a8-0a60ceabf6b2					LSchare (she/her)			https://creativecommons.org/licenses/by-nc/4.0/							
2448ff14-5476-4460-9043-f03154a1e529					LSchare (she/her)			https://creativecommons.org/licenses/by-nc/4.0/							
ff944402-2e08-4582-826a-b769e59955fc					Andrea Kreuzhage			https://creativecommons.org/licenses/by-nc/4.0/							
1b4e3356-005d-4212-bab1-0f76fc8da8cd					Casey H. Richart			https://creativecommons.org/licenses/by/4.0/							
b80bd177-07e8-4b0c-adf0-f00e36c605d7					LSchare (she/her)			https://creativecommons.org/licenses/by-nc/4.0/							
6af10125-27fa-4208-a03e-df7d3a88841f					Andrea Kreuzhage			https://creativecommons.org/licenses/by-nc/4.0/							
81be23d3-59ed-460e-a63c-c59a2787a74b					LSchare (she/her)			https://creativecommons.org/licenses/by-nc/4.0/							
8e9d600a-cbfe-4a92-b38d-84ed4f579819					Casey H. Richart			https://creativecommons.org/licenses/by/4.0/							
179a26bf-ad06-4298-95ea-3e546f1d4354					Casey H. Richart			https://creativecommons.org/licenses/by/4.0/							
272bbb3d-9190-4592-bd13-07ab47963f75					LSchare (she/her)			https://creativecommons.org/licenses/by-nc/4.0/							
27e14c34-c2d0-4be7-98ba-bedbbed9b76e					LSchare (she/her)			https://creativecommons.org/licenses/by-nc/4.0/							
ed810432-37aa-48f1-8554-59732e3a3dcc					Casey H. Richart			https://creativecommons.org/licenses/by/4.0/							
f73cae08-fe89-4483-a8f0-d6cdf6fbbb79					Andrea Kreuzhage			https://creativecommons.org/licenses/by-nc/4.0/							
7e547a60-6b8a-435d-a274-d6351b3d7e69					LSchare (she/her)			https://creativecommons.org/licenses/by-nc/4.0/							
de6ef4cf-a663-4438-921e-0c7d6ab44ff9					LSchare (she/her)			https://creativecommons.org/licenses/by-nc/4.0/							
a4ffdd14-59a8-4e3c-a22c-bd9c21e4a621					Casey H. Richart			https://creativecommons.org/licenses/by/4.0/							
b666a9a3-9caf-4a2e-bb17-1540a8a66014					Casey H. Richart			https://creativecommons.org/licenses/by/4.0/							
2dd82667-b6a1-4205-8fdf-5f9160a7f32c					Casey H. Richart			https://creativecommons.org/licenses/by/4.0/							
d6d851e7-aa22-460e-9af7-ace8177cdbb4					Casey H. Richart			https://creativecommons.org/licenses/by/4.0/							
97e69626-8a61-4411-812c-6d7e3e6b0074					Casey H. Richart			https://creativecommons.org/licenses/by/4.0/							
ba6e170a-3a78-491b-9839-a5b4004f0933					LSchare (she/her)			https://creativecommons.org/licenses/by-nc/4.0/							
e3c71a49-24a3-4797-8211-5c09c1d1cc1e								https://creativecommons.org/licenses/by-nc/4.0/							
8c616dca-f3a5-4f15-9e37-47f0a172aacb					LSchare (she/her)			https://creativecommons.org/licenses/by-nc/4.0/							
9edec5bc-4b9c-4f74-8adf-444a28298c31					LSchare (she/her)			https://creativecommons.org/licenses/by-nc/4.0/							
92871650-ca87-4cc6-a700-cd903d02f935					Casey H. Richart			https://creativecommons.org/licenses/by/4.0/							
bc577935-1d0a-4fa3-ae5e-185089666b2b					Casey H. Richart			https://creativecommons.org/licenses/by/4.0/							
bc721a61-3950-494f-90ad-4bc864bbe1b7					LSchare (she/her)			https://creativecommons.org/licenses/by-nc/4.0/							
f34e7377-1e4a-47a9-818d-fff038ec0532					Casey H. Richart			https://creativecommons.org/licenses/by/4.0/							
6010e4fd-9aa3-4436-959d-a30cf416bc55					LSchare (she/her)			https://creativecommons.org/licenses/by-nc/4.0/							
6b2ac232-6fb3-4432-baba-0d8954a9c52f					LSchare (she/her)			https://creativecommons.org/licenses/by-nc/4.0/							
04e08b6b-2882-4098-8b26-7c03859b4dd2					Casey H. Richart			https://creativecommons.org/licenses/by/4.0/							
30206aa9-503b-40d3-9f76-f6100467859e					Nancy Hamlett			https://creativecommons.org/licenses/by-nc/4.0/							
4c908285-459f-4441-b651-722606b3055a								https://creativecommons.org/licenses/by-nc/4.0/							
c7a546b4-5085-49d7-ac5e-63f183467824					Jenny Hazlehurst			https://creativecommons.org/licenses/by-nc/4.0/							
1f964860-76ab-41d1-a5ce-89920781f7e3					LSchare (she/her)			https://creativecommons.org/licenses/by-nc/4.0/							
9e827006-5e19-4b68-828f-861e1d956fd2					LSchare (she/her)			https://creativecommons.org/licenses/by-nc/4.0/							
3df77e9c-951c-496f-9f9a-4d87ca8418c9					LSchare (she/her)			https://creativecommons.org/licenses/by-nc/4.0/							
d314c8fd-3f5f-46b1-996a-c9b97e7375ad					LSchare (she/her)			https://creativecommons.org/licenses/by-nc/4.0/							
382d7083-98d4-4423-abca-7dcf32605285					Casey H. Richart			https://creativecommons.org/licenses/by/4.0/							
1e9d83c9-3d9b-4069-a05f-564a0278886f					Casey H. Richart			https://creativecommons.org/licenses/by/4.0/							
006689cb-77b5-40b1-8d29-dac1ce4cb2b2					Casey H. Richart			https://creativecommons.org/licenses/by/4.0/							
d93870c2-fd3f-4d11-8c39-b4c3782bc062					Andrea Kreuzhage			https://creativecommons.org/licenses/by-nc/4.0/							
483cae24-155c-4420-8fa8-79f839f7e3e0					LSchare (she/her)			https://creativecommons.org/licenses/by-nc/4.0/							
3741d5a9-c1a9-419e-bed0-ad5df640646c					Casey H. Richart			https://creativecommons.org/licenses/by/4.0/							
ac62c7d6-3e7a-4d97-885a-833404e81909					Casey H. Richart			https://creativecommons.org/licenses/by/4.0/							
deb5d089-999e-455e-a2ce-fba6048db01f					LSchare (she/her)			https://creativecommons.org/licenses/by-nc/4.0/							
d455ecd7-12a1-4056-9978-c3d0b700466a					LSchare (she/her)			https://creativecommons.org/licenses/by-nc/4.0/							
db160e06-80ab-44b0-aef0-d6e46df48146					Jenny Hazlehurst			https://creativecommons.org/licenses/by-nc/4.0/							
ae78a91f-ae2d-4d48-b0e7-b6305c821f4d					LSchare (she/her)			https://creativecommons.org/licenses/by-nc/4.0/							
8b3b07f7-cdf6-4665-b806-39acee376b47					LSchare (she/her)			https://creativecommons.org/licenses/by-nc/4.0/							
9ecac86b-b615-488c-a473-f68d107ce9e0					LSchare (she/her)			https://creativecommons.org/licenses/by-nc/4.0/							
fb3d9f34-8549-482e-ad91-c3255d1d5d0e					Casey H. Richart			https://creativecommons.org/licenses/by/4.0/							
bd1eccb1-3268-4083-8965-baf9fbdfa302					Casey H. Richart			https://creativecommons.org/licenses/by/4.0/							
e2bf5f99-05c0-45ec-a26d-c1e826a3807c					Dkt7sc										
3c3c3483-52aa-486c-b5cb-da7807abe05c					LSchare (she/her)			https://creativecommons.org/licenses/by-nc/4.0/							
8eba7dca-e4bc-4931-887c-2f469e1525c4					Jenny Hazlehurst			https://creativecommons.org/licenses/by-nc/4.0/							
8a53fc65-9569-4eea-9dc8-62c3b71beeb6					Casey H. Richart			https://creativecommons.org/licenses/by/4.0/							
b0cf8c05-1d48-4f12-a697-6b24f32422ae					Casey H. Richart			https://creativecommons.org/licenses/by/4.0/							
d4cee8fe-05a9-497b-9df2-bea774108540					Casey H. Richart			https://creativecommons.org/licenses/by/4.0/							
29351ac0-3dcb-40c8-b7be-39aa21b823e7					LSchare (she/her)			https://creativecommons.org/licenses/by-nc/4.0/							
c781b743-7d4f-4b27-b390-5038b39b5f3a					LSchare (she/her)			https://creativecommons.org/licenses/by-nc/4.0/							
51e3eecd-9ccc-4934-b98a-76ee1200e5a1					LSchare (she/her)			https://creativecommons.org/licenses/by-nc/4.0/							
4d10585b-3882-42ba-a5e2-ab2c3cf68f7e					Casey H. Richart			https://creativecommons.org/licenses/by/4.0/							
8a3c0813-1664-4211-ba7f-9ddc8c783b7a					Casey H. Richart			https://creativecommons.org/licenses/by/4.0/							
1aeb5f3a-5011-48ae-ac87-433981bd79ad					Casey H. Richart			https://creativecommons.org/licenses/by/4.0/							
7b1d5628-752a-488a-93be-649975f6f9c3					Casey H. Richart			https://creativecommons.org/licenses/by/4.0/							
4fb1a030-b5ce-420f-bcf7-b8de8e99e523					The Hog Potato										
65fd7d16-ae08-4a23-a165-9bf4bb8367e8					LSchare (she/her)			https://creativecommons.org/licenses/by-nc/4.0/							
48afa86a-4140-49e9-bdc4-c8331bd48214					LSchare (she/her)			https://creativecommons.org/licenses/by-nc/4.0/							
d44421f3-dd6d-4d95-93db-7ef9e2bd95d2					Sabina Lucke Lawrence			https://creativecommons.org/licenses/by-nc/4.0/							
acec083e-a2bc-4d64-8d74-b637f64fd07b					LSchare (she/her)			https://creativecommons.org/licenses/by-nc/4.0/							
9d0b7d7b-30be-40a6-8c7b-b27a19e6cc9c					Casey H. Richart			https://creativecommons.org/licenses/by/4.0/							
0b4d1e83-d2c4-4a72-94f3-46f08d622471					Casey H. Richart			https://creativecommons.org/licenses/by/4.0/							
5d99b70d-7fca-4cc8-8516-6ad80eda970a					Cedric Lee			https://creativecommons.org/licenses/by-nc/4.0/							
f35cc5f8-49d5-4f17-b592-8117dd4c4ed7					LSchare (she/her)			https://creativecommons.org/licenses/by-nc/4.0/							
a4a15f20-411e-48e8-9c3e-67713d99fbb2					Casey H. Richart			https://creativecommons.org/licenses/by/4.0/							
cabe1fa4-f6bf-458d-bb96-da0eebe5510c					Jenny Hazlehurst			https://creativecommons.org/licenses/by-nc/4.0/							
f5a95c0e-bcd0-45d7-a139-a8ac2b09ac20					Andrea Kreuzhage			https://creativecommons.org/licenses/by-nc/4.0/							
0fe551d6-b16c-498e-ac84-2fd9e1eb8211					LSchare (she/her)			https://creativecommons.org/licenses/by-nc/4.0/							
14c6c5c4-07cf-4693-bf06-4306d180d254					Casey H. Richart			https://creativecommons.org/licenses/by/4.0/							
23ed1885-f07f-493c-ba05-39732d2d3b0b					Katherine Hadary			https://creativecommons.org/licenses/by-nc/4.0/							
f6685ef5-8538-47d7-af09-053147e9f039					LSchare (she/her)			https://creativecommons.org/licenses/by-nc/4.0/							
43f271e2-1919-4b05-98e2-56059be6beec								https://creativecommons.org/licenses/by-nc/4.0/							
55de90aa-71bf-48d9-9326-edd692ddb678					LSchare (she/her)			https://creativecommons.org/licenses/by-nc/4.0/							
20f0c81e-5223-475a-99b2-a1131765bd13					LSchare (she/her)			https://creativecommons.org/licenses/by-nc/4.0/							
e9ebaf49-e452-4802-a0f9-1fae90ae69f6					Casey H. Richart			https://creativecommons.org/licenses/by/4.0/							
422ddcf5-8b3f-4cfe-8bcc-6626dd55b2c8					Jenny Hazlehurst			https://creativecommons.org/licenses/by-nc/4.0/							
37f9b0bd-87a9-4f5e-a361-a2a101276f7c					LSchare (she/her)			https://creativecommons.org/licenses/by-nc/4.0/							
8457a9de-eb45-49bf-a4c6-b8961fb2eb0f					LSchare (she/her)			https://creativecommons.org/licenses/by-nc/4.0/							
bda2105c-1cb5-4830-ac80-26270d30328f					Casey H. Richart			https://creativecommons.org/licenses/by/4.0/							
194039d9-3605-41c2-9fe1-db53a5be1826					Casey H. Richart			https://creativecommons.org/licenses/by/4.0/							
00016d90-abad-4c51-9be8-b9550309a775					Casey H. Richart			https://creativecommons.org/licenses/by/4.0/							
ac99c651-102e-4d30-a7cd-9f81c6aef30a					LSchare (she/her)			https://creativecommons.org/licenses/by-nc/4.0/							
9cffe596-ec17-4c7e-bf40-8eae13525df5					LSchare (she/her)			https://creativecommons.org/licenses/by-nc/4.0/							
9b0498a2-42a2-4080-a9ca-f574c0e8cbb4					Casey H. Richart			https://creativecommons.org/licenses/by/4.0/							
718b0ead-7a97-4987-bb69-a3e543b03357					Casey H. Richart			https://creativecommons.org/licenses/by/4.0/							
01fd4e85-5ece-4d38-af95-c95fe429a58d					Casey H. Richart			https://creativecommons.org/licenses/by/4.0/							
546be40d-e845-4784-81be-d13da6a9624d					Dkt7sc										
fa74e67c-32c5-48e7-b372-603d8aec9615					Casey H. Richart			https://creativecommons.org/licenses/by/4.0/							
84e3e65e-98dc-432f-825f-ca892e66eb75					LSchare (she/her)			https://creativecommons.org/licenses/by-nc/4.0/							
794bddc8-9eb4-44c3-aca3-8ebe6e6a5c00					LSchare (she/her)			https://creativecommons.org/licenses/by-nc/4.0/							
ef1d481b-b456-4646-8709-abee8424614f					LSchare (she/her)			https://creativecommons.org/licenses/by-nc/4.0/							
d5b4bfbb-5763-4fc1-8d35-467dfa30729d					Jenny Hazlehurst			https://creativecommons.org/licenses/by-nc/4.0/							
6157bef4-ae0f-41bc-a2f4-793e342188ec					Casey H. Richart			https://creativecommons.org/licenses/by/4.0/							
664c27c6-9f0c-4801-b171-f91ccc7ce86a					LSchare (she/her)			https://creativecommons.org/licenses/by-nc/4.0/							
b24b657b-e118-4109-ae0a-9008678f6f51					Katherine Hadary			https://creativecommons.org/licenses/by-nc/4.0/							
159f43fb-49ac-4b81-a5f9-df2477e89900					LSchare (she/her)			https://creativecommons.org/licenses/by-nc/4.0/							
6128d894-b854-4fad-a1b1-76c68b621143					Casey H. Richart			https://creativecommons.org/licenses/by/4.0/							
1ca1c2ef-7fb8-482a-a9ea-2739d6f38476					LSchare (she/her)			https://creativecommons.org/licenses/by-nc/4.0/							
d17b2428-e2f9-45be-a04a-2f809e591a6e					Jenny Hazlehurst			https://creativecommons.org/licenses/by-nc/4.0/							
d56f845e-422b-4175-8a6c-a9e784d56952					Casey H. Richart			https://creativecommons.org/licenses/by/4.0/							
fcf28eff-e56f-4c2b-9240-4a533679793b					LSchare (she/her)			https://creativecommons.org/licenses/by-nc/4.0/							
d01de504-28ac-4a38-8463-8ca2557aae75					Jenny Hazlehurst			https://creativecommons.org/licenses/by-nc/4.0/							
f309bfa1-190c-4f07-96bc-2a0b21e55bbc					Casey H. Richart			https://creativecommons.org/licenses/by/4.0/							
e55b6ad4-4aef-47b0-9af5-ad27ece7f69e					Sabina Lucke Lawrence			https://creativecommons.org/licenses/by-nc/4.0/							
3cde1a33-9e3f-40ab-8b24-f4e49a65a191					Casey H. Richart			https://creativecommons.org/licenses/by/4.0/							
fcdda2e0-f0c9-4be3-95f0-f32e44d5e1ee					LSchare (she/her)			https://creativecommons.org/licenses/by-nc/4.0/							
c6908d48-75b9-49e8-af88-3540a703d2dd					LSchare (she/her)			https://creativecommons.org/licenses/by-nc/4.0/							
79d19751-300c-43c1-bcb3-4e88ca98af6c					Casey H. Richart			https://creativecommons.org/licenses/by/4.0/							
24534de9-167a-4c85-81ed-d9a66434ef27					LSchare (she/her)			https://creativecommons.org/licenses/by-nc/4.0/							
907e17a2-528c-4da3-8150-789b5d539200					Andrea Kreuzhage			https://creativecommons.org/licenses/by-nc/4.0/							
b72b852f-2786-47e6-913d-b4292779b9ce					Casey H. Richart			https://creativecommons.org/licenses/by/4.0/							
44a61101-bab0-4b84-ab89-60d8dc61c195					David Kaposi			https://creativecommons.org/licenses/by-nc/4.0/							
677a1572-9476-4f8c-a352-de1d9a3d474f					Dkt7sc										
e7d0bf02-a1b3-4c5c-ad74-1946fd6a7e1e					LSchare (she/her)			https://creativecommons.org/licenses/by-nc/4.0/							
a703335d-969c-4957-965a-d9e8f34bd95f					Casey H. Richart			https://creativecommons.org/licenses/by/4.0/							
a36e2da5-a818-4d65-be9c-ba82e29b688d					LSchare (she/her)			https://creativecommons.org/licenses/by-nc/4.0/							
c5e1b186-c943-4168-bd85-62d7c9fef425					Demi Eslava			https://creativecommons.org/licenses/by-nc/4.0/							
8dccf242-b6cd-41ca-a25f-38bc99b4e28d					Casey H. Richart			https://creativecommons.org/licenses/by/4.0/							
43c557f1-9cea-48e5-a5c6-a1d435ad4035					LSchare (she/her)			https://creativecommons.org/licenses/by-nc/4.0/							
fbdb351f-b764-461a-904e-b03807f7b3ad					LSchare (she/her)			https://creativecommons.org/licenses/by-nc/4.0/							
712ab62e-0598-4db9-b801-0094e1e39093					LSchare (she/her)			https://creativecommons.org/licenses/by-nc/4.0/							
15a2f29a-8e61-4575-ac62-3bb43679661c					Casey H. Richart			https://creativecommons.org/licenses/by/4.0/							
7a8c697d-c087-41af-b489-15195dfda54d					LSchare (she/her)			https://creativecommons.org/licenses/by-nc/4.0/							
5b942bc2-2d77-4434-a097-c061fe98ee31					LSchare (she/her)			https://creativecommons.org/licenses/by-nc/4.0/							
07f1caa9-bdf4-45ad-8d58-70bcd85bc315					Katherine Hadary			https://creativecommons.org/licenses/by-nc/4.0/							
208bc134-404c-4299-86b3-77210be4cd27					LSchare (she/her)			https://creativecommons.org/licenses/by-nc/4.0/							
10f5f7d3-f779-4e0e-9dbb-5712296be054					LSchare (she/her)			https://creativecommons.org/licenses/by-nc/4.0/							
a45a7c3c-61c5-4e1b-918e-bc03d7d9a92a					David Kaposi			https://creativecommons.org/licenses/by-nc/4.0/							
1b17a309-6a78-40af-84f9-2388d7fa20bd					Sabina Lucke Lawrence			https://creativecommons.org/licenses/by-nc/4.0/							
f8d3fa17-9625-4e81-9d00-6489858b1cb8					LSchare (she/her)			https://creativecommons.org/licenses/by-nc/4.0/							
eafd95d9-76f7-4921-9bd4-755d2ae55dee					Casey H. Richart			https://creativecommons.org/licenses/by/4.0/							
6ca2c66e-527e-4f8f-b37e-5b753773d11b					Jenny Hazlehurst			https://creativecommons.org/licenses/by-nc/4.0/							
137392a6-5279-4c52-b871-9a507feb11b3					Casey H. Richart			https://creativecommons.org/licenses/by/4.0/							
64334270-c145-4dc0-aea2-bc0ef5833867					Cedric Lee			https://creativecommons.org/licenses/by-nc/4.0/							
d99eb724-1954-4cbc-98c1-7aff1b40b09b					Cedric Lee			https://creativecommons.org/licenses/by-nc/4.0/							
c780cf63-3f64-404f-995f-0543eb3821c3					Dkt7sc										
cb9ef8bb-3a0c-42b4-a1c2-86c4a0ce1f05					Casey H. Richart			https://creativecommons.org/licenses/by/4.0/							
6d9040eb-2ea2-4972-a66b-209ff12ceae8					Nancy Hamlett			https://creativecommons.org/licenses/by-nc/4.0/							
58e0a64d-6430-4094-967f-e83ac5b3a655					Casey H. Richart			https://creativecommons.org/licenses/by/4.0/							
a9059ca9-ab86-48d4-8fa8-07e13b9e3bdb					Casey H. Richart			https://creativecommons.org/licenses/by/4.0/							
18f5de32-03c4-4982-9e67-f46569d3c024					Casey H. Richart			https://creativecommons.org/licenses/by/4.0/							
0b9909ad-1c9a-4ae1-a479-73df31f0519a					LSchare (she/her)			https://creativecommons.org/licenses/by-nc/4.0/							
36f6b9c3-051f-44d0-b27a-f153f4d50d24					LSchare (she/her)			https://creativecommons.org/licenses/by-nc/4.0/							
9c53358f-6092-4ad2-bcd1-e9e2e04fe4c2					LSchare (she/her)			https://creativecommons.org/licenses/by-nc/4.0/							
8c0d3597-567d-4292-8943-f2bede4f50a8					LSchare (she/her)			https://creativecommons.org/licenses/by-nc/4.0/							
bb63cae3-baab-4cc4-9135-4c9d5517b600					LSchare (she/her)			https://creativecommons.org/licenses/by-nc/4.0/							
20d3172d-72e9-42f1-8814-cdd3c909b58f					LSchare (she/her)			https://creativecommons.org/licenses/by-nc/4.0/							
f5812170-2872-4782-ada1-6b11fad1272b					LSchare (she/her)			https://creativecommons.org/licenses/by-nc/4.0/							
ba9e40bf-eb46-4043-a3cb-495f693706d8					LSchare (she/her)			https://creativecommons.org/licenses/by-nc/4.0/							
fb1fa09e-bbac-4cdc-821d-5ed3885ff78b					Andrea Kreuzhage			https://creativecommons.org/licenses/by-nc/4.0/							
cbcb1ff4-146e-4dd1-ab13-3b0efe3cf70e					Cedric Lee			https://creativecommons.org/licenses/by-nc/4.0/							
5007c7b3-459a-418b-920d-ab34c1a4e45b					Casey H. Richart			https://creativecommons.org/licenses/by/4.0/							
88e2c6bf-0af8-412d-9dad-e660a9521dc6					LSchare (she/her)			https://creativecommons.org/licenses/by-nc/4.0/							
7f5db737-ab02-413b-ba36-2f85435fe710					Casey H. Richart			https://creativecommons.org/licenses/by/4.0/							
862ac2c2-60c9-4980-9432-90f9f2faef5d					Sabina Lucke Lawrence			https://creativecommons.org/licenses/by-nc/4.0/							
75c10fa4-0c6e-4a8f-a0ce-1f0c73bad47c					LSchare (she/her)			https://creativecommons.org/licenses/by-nc/4.0/							
e589918c-5f5a-451c-8e1a-2be282f9a465					LSchare (she/her)			https://creativecommons.org/licenses/by-nc/4.0/							
acb09107-faf9-42a9-8e2b-d2cb998ca012					LSchare (she/her)			https://creativecommons.org/licenses/by-nc/4.0/							
7668162a-aa01-4b9b-8b1f-232e92c3c5be					LSchare (she/her)			https://creativecommons.org/licenses/by-nc/4.0/							
ea063e95-60ca-41b1-8ccc-3fbe233db6af					LSchare (she/her)			https://creativecommons.org/licenses/by-nc/4.0/							
2576f99b-d203-419a-bdb4-d22cc87d50fd					Casey H. Richart			https://creativecommons.org/licenses/by/4.0/							
03805753-348b-4863-9848-00b1fb969872					Casey H. Richart			https://creativecommons.org/licenses/by/4.0/							
9b9c610f-5da9-449f-a381-4af6b84854fd					LSchare (she/her)			https://creativecommons.org/licenses/by-nc/4.0/							
1c3d01db-9394-4928-aad8-ff9bf024853e					Casey H. Richart			https://creativecommons.org/licenses/by/4.0/							
43573cff-e39e-467c-a1cf-97a27845cd30					Jenny Hazlehurst			https://creativecommons.org/licenses/by-nc/4.0/							
979ce223-81cd-4a28-9f95-321b1eb100e0					Andrea Kreuzhage			https://creativecommons.org/licenses/by-nc/4.0/							
49c152a0-93b6-4bf5-be5a-39193c29aea1					Cedric Lee			https://creativecommons.org/licenses/by-nc/4.0/							
4b097764-5c64-4a1b-a5c3-76dabbd8ab70					Casey H. Richart			https://creativecommons.org/licenses/by/4.0/							
8d3d67e8-9569-4518-a6f4-bce3159794ce					Casey H. Richart			https://creativecommons.org/licenses/by/4.0/							
29f3ef5b-422f-400d-85fe-c1851a9f5bf0					Demi Eslava			https://creativecommons.org/licenses/by-nc/4.0/							
3a7d2385-a62e-4f48-823f-7e5e15963cba					LSchare (she/her)			https://creativecommons.org/licenses/by-nc/4.0/							
23dcd1fb-63d7-4c40-817e-53139c865bfa					LSchare (she/her)			https://creativecommons.org/licenses/by-nc/4.0/							
f6705562-b642-4e30-9d83-0c6f37f026f6					Casey H. Richart			https://creativecommons.org/licenses/by/4.0/							
b9c22a45-224c-440c-bd4d-e99a7cb49ee0					Cedric Lee			https://creativecommons.org/licenses/by-nc/4.0/							
7c59ca54-fbd5-4027-b095-156a5431a410					LSchare (she/her)			https://creativecommons.org/licenses/by-nc/4.0/							
ac6b8d22-7176-4500-b86c-3f6b0d8c0339					Jenny Hazlehurst			https://creativecommons.org/licenses/by-nc/4.0/							
8454f98a-7e93-4a26-8dca-22f77ff8eadc					Sabina Lucke Lawrence			https://creativecommons.org/licenses/by-nc/4.0/							
b8cb07f2-64f6-439b-aa53-3f785dce7239					Casey H. Richart			https://creativecommons.org/licenses/by/4.0/							
ed684ebe-e932-4b24-a531-78e98a9b4c90					Casey H. Richart			https://creativecommons.org/licenses/by/4.0/							
613c7f0b-a1b8-4cee-a13d-f26992155b46					LSchare (she/her)			https://creativecommons.org/licenses/by-nc/4.0/							
d10953c9-a64f-4fc9-8ada-e9abbf9c7df3					LSchare (she/her)			https://creativecommons.org/licenses/by-nc/4.0/							
c63d9783-014f-4da2-a062-f09f0153ac6a					Casey H. Richart			https://creativecommons.org/licenses/by/4.0/							
5c194c63-d268-42fd-94da-b6f316d8fea9					Casey H. Richart			https://creativecommons.org/licenses/by/4.0/							
acb575ac-c71b-411c-bdb0-c07239168560					Sabina Lucke Lawrence			https://creativecommons.org/licenses/by-nc/4.0/							
68977fff-374e-4000-8808-0f5bf001e78c					Casey H. Richart			https://creativecommons.org/licenses/by/4.0/							
1ae03f1c-e037-435c-a2c7-b412d09f7571					LSchare (she/her)			https://creativecommons.org/licenses/by-nc/4.0/							
484a775c-e31c-4d7f-912a-a286156aff2a					LSchare (she/her)			https://creativecommons.org/licenses/by-nc/4.0/							
8c31bd07-3f3f-42fc-b934-6777069d8c68					Jenny Hazlehurst			https://creativecommons.org/licenses/by-nc/4.0/							
5bb02a5d-bc5f-4ccd-b65a-dabdd912bed7					LSchare (she/her)			https://creativecommons.org/licenses/by-nc/4.0/							
5f13be1e-2ca6-467c-95e4-2de85cc45abe					Stephanie Calloway			https://creativecommons.org/licenses/by-nc/4.0/							
8ba3b29a-b09a-447a-bcbe-45cf02134b86					Nancy Hamlett			https://creativecommons.org/licenses/by-nc/4.0/							
04c55381-9569-447b-8169-1a36f9e19637					LSchare (she/her)			https://creativecommons.org/licenses/by-nc/4.0/							
a587e424-b385-413d-be25-5e3ac22e9037					LSchare (she/her)			https://creativecommons.org/licenses/by-nc/4.0/							
a796d44f-fcad-446b-b03e-098e27528700					Casey H. Richart			https://creativecommons.org/licenses/by/4.0/							
60e8e849-6ca2-4f07-a791-a1c302f0e476					LSchare (she/her)			https://creativecommons.org/licenses/by-nc/4.0/							
7a13d0a3-3aed-4fdb-a5e0-6d13c757360a					LSchare (she/her)			https://creativecommons.org/licenses/by-nc/4.0/							
e60e653d-e546-4d76-b1d5-394de3cf9b02					Casey H. Richart			https://creativecommons.org/licenses/by/4.0/							
24734673-12c7-4542-a2eb-b0c14521456c					Casey H. Richart			https://creativecommons.org/licenses/by/4.0/							
062cb57c-844c-4e24-b735-956cd1f58406					LSchare (she/her)			https://creativecommons.org/licenses/by-nc/4.0/							
738561c2-f0c6-4951-8df3-bb609bc23a72					LSchare (she/her)			https://creativecommons.org/licenses/by-nc/4.0/							
91ee513a-65a7-4c83-852c-a205aaa9e3ba					Sula Vanderplank			https://creativecommons.org/licenses/by/4.0/							
d69f91df-c272-47b7-a91d-d47db129578a					Rosalind Helfand			https://creativecommons.org/licenses/by-nc/4.0/							
38587a0e-8251-4d83-b2f5-8f6abb7e37ce					Casey H. Richart			https://creativecommons.org/licenses/by/4.0/							
a167addc-a078-4e14-ac4e-e87570e79d9d					Rosalind Helfand			https://creativecommons.org/licenses/by-nc/4.0/							
ef8ddb4a-7be7-46f3-8993-19e070c98d56					Casey H. Richart			https://creativecommons.org/licenses/by/4.0/							
d52016f9-aea0-4e1b-89c7-fa884f993e9a					LSchare (she/her)			https://creativecommons.org/licenses/by-nc/4.0/							
9869ab5c-5b17-4e77-8a16-146057dbcea7					LSchare (she/her)			https://creativecommons.org/licenses/by-nc/4.0/							
ee4d9e5d-26e8-4b84-99ce-2bcd203ff6c7					LSchare (she/her)			https://creativecommons.org/licenses/by-nc/4.0/							
9e2b9e27-2c54-4af6-b30d-1f1c0d261b0b					LSchare (she/her)			https://creativecommons.org/licenses/by-nc/4.0/							
2f7a7d14-4f84-488f-bd05-cf58e8330a8b					LSchare (she/her)			https://creativecommons.org/licenses/by-nc/4.0/							
b039130a-5b2a-449a-83b8-4ccc37f54a7c					Cedric Lee			https://creativecommons.org/licenses/by-nc/4.0/							
860dd996-4a55-44ce-9cab-7f440eb4f7a4					Casey H. Richart			https://creativecommons.org/licenses/by/4.0/							
791edc2f-39b0-43ff-86d8-1ece49f91b56					Casey H. Richart			https://creativecommons.org/licenses/by/4.0/							
41a162d9-e871-4be0-b866-2fb352d1b5c7					Jenny Hazlehurst			https://creativecommons.org/licenses/by-nc/4.0/							
9818880e-65d7-4702-ab75-2e1dc95cafb9					Cedric Lee			https://creativecommons.org/licenses/by-nc/4.0/							
74c70e27-3d76-4644-8f6c-607179f2fd93					LSchare (she/her)			https://creativecommons.org/licenses/by-nc/4.0/							
fb1b04c1-6f50-4805-8b44-ed06aa7b98ef					Casey H. Richart			https://creativecommons.org/licenses/by/4.0/							
0abf045e-25bb-48fa-ab73-1fca26d5d979					Katherine Hadary			https://creativecommons.org/licenses/by-nc/4.0/							
5e26b152-b763-4846-ba7e-35a52d51321b					Demi Eslava			https://creativecommons.org/licenses/by-nc/4.0/							
3222248e-c93d-4b1d-8b77-65aaa7475428					Andrea Kreuzhage			https://creativecommons.org/licenses/by-nc/4.0/							
8e7cff26-3810-4831-87e2-1a870f35effc					Cedric Lee			https://creativecommons.org/licenses/by-nc/4.0/							
a520605e-366b-4b77-90b7-aaa81a7e38df					Sabina Lucke Lawrence			https://creativecommons.org/licenses/by-nc/4.0/							
fff5146f-50e4-416a-acf4-1cfa479aa7c5					Casey H. Richart			https://creativecommons.org/licenses/by/4.0/							
031b32c7-a32c-4161-9418-012bd3a8e86f					LSchare (she/her)			https://creativecommons.org/licenses/by-nc/4.0/							
6e5ba24b-9e23-4fe9-9bfd-65526901ccb7					LSchare (she/her)			https://creativecommons.org/licenses/by-nc/4.0/							
88e97590-294c-4bb5-91bb-8def67d76a3d					Casey H. Richart			https://creativecommons.org/licenses/by/4.0/							
143884b9-34fa-43d1-b5eb-342b7cce4122					LSchare (she/her)			https://creativecommons.org/licenses/by-nc/4.0/							
f3cd12d9-2e52-4e93-b81f-1bca53577e65					LSchare (she/her)			https://creativecommons.org/licenses/by-nc/4.0/							
7887c3d8-d499-474b-ad01-98f8f5655a43					Casey H. Richart			https://creativecommons.org/licenses/by/4.0/							
df766fb4-ae29-4632-b457-b77e7af86082					LSchare (she/her)			https://creativecommons.org/licenses/by-nc/4.0/							
ccd5bd3d-7292-4741-ab7b-56a28afb1dd6					LSchare (she/her)			https://creativecommons.org/licenses/by-nc/4.0/							
ad3dd9bd-0bc3-4edd-b061-8f5e549518bf					Casey H. Richart			https://creativecommons.org/licenses/by/4.0/							
a48682fc-6963-4dc9-8c2c-603021094d0e					LSchare (she/her)			https://creativecommons.org/licenses/by-nc/4.0/							
830f44b2-f97c-404f-b639-a5b2ab67d3f9					Casey H. Richart			https://creativecommons.org/licenses/by/4.0/							
c832382d-76cd-4df6-9f87-68d94d174bdf					LSchare (she/her)			https://creativecommons.org/licenses/by-nc/4.0/							
a2d61a14-b6f8-43bb-b043-2c294ff0e8fa					LSchare (she/her)			https://creativecommons.org/licenses/by-nc/4.0/							
34025042-3e5f-4d2c-a239-0f7f79881986					LSchare (she/her)			https://creativecommons.org/licenses/by-nc/4.0/							
3c1f52a3-1cff-4d19-bd2a-1358f2407b32					Dkt7sc										
52cdf50b-b95f-4df5-99b1-78f187cda6c7					LSchare (she/her)			https://creativecommons.org/licenses/by-nc/4.0/							
0e0bb3fc-d1d0-412e-80c6-733fb0802545					Casey H. Richart			https://creativecommons.org/licenses/by/4.0/							
62269456-529b-4919-8fd7-1f31eb112bad					LSchare (she/her)			https://creativecommons.org/licenses/by-nc/4.0/							
347e3dfd-f1c2-48d5-95e7-660549e65a1d					LSchare (she/her)			https://creativecommons.org/licenses/by-nc/4.0/							
4b4ce3bf-56c5-4ec5-b59d-4c05aa78327c					Casey H. Richart			https://creativecommons.org/licenses/by/4.0/							
cc47227f-f98d-4fcc-b58b-7780ca75e271					Katherine Hadary			https://creativecommons.org/licenses/by-nc/4.0/							
fb61ec3c-6519-4199-b0b5-a1fba741ffe9					Dkt7sc										
e4c9921e-e07c-45ac-bc83-6b4a653e0f19					Rosalind Helfand			https://creativecommons.org/licenses/by-nc/4.0/							
548e82db-f5c0-4a8f-8037-1daf2131765f					LSchare (she/her)			https://creativecommons.org/licenses/by-nc/4.0/							
d365c906-700a-433c-b5a2-b1b9b2d081e7					LSchare (she/her)			https://creativecommons.org/licenses/by-nc/4.0/							
d32afc4d-e24d-4999-8044-699e675057a1					LSchare (she/her)			https://creativecommons.org/licenses/by-nc/4.0/							
21ee49fb-3ce5-48bf-83ec-ee74d32f1d14					Casey H. Richart			https://creativecommons.org/licenses/by/4.0/							
4767e3da-6e77-4ed5-98db-a338f4bbf0f5					Casey H. Richart			https://creativecommons.org/licenses/by/4.0/							
298a8d2c-77ed-46a3-975c-76ef3516a714					LSchare (she/her)			https://creativecommons.org/licenses/by-nc/4.0/							
be82b74b-9d71-4149-a7a0-4cffbdf704b9					LSchare (she/her)			https://creativecommons.org/licenses/by-nc/4.0/							
4ec2c4a0-2727-4d2b-8668-7a2f9f0c1fa8					LSchare (she/her)			https://creativecommons.org/licenses/by-nc/4.0/							
8860599a-6dd6-4d72-afd2-4ee9bcbce710					Sabina Lucke Lawrence			https://creativecommons.org/licenses/by-nc/4.0/							
f9aef64f-01ce-4367-93e3-b5e5bffed35f					LSchare (she/her)			https://creativecommons.org/licenses/by-nc/4.0/							
b8d78783-af81-4df0-9303-3c48d14d2fa9					LSchare (she/her)			https://creativecommons.org/licenses/by-nc/4.0/							
b0cd1296-fa51-4ff6-8347-a2b538adf9b8					LSchare (she/her)			https://creativecommons.org/licenses/by-nc/4.0/							
35886042-2fdd-410b-8c54-19f6a24454be					LSchare (she/her)			https://creativecommons.org/licenses/by-nc/4.0/							
1dd711cd-4084-45eb-a319-5631ef7cf393					LSchare (she/her)			https://creativecommons.org/licenses/by-nc/4.0/							
3ca1ab1c-5268-41c8-8494-d7699f7bc5f2					Jenny Hazlehurst			https://creativecommons.org/licenses/by-nc/4.0/							
8028b5a1-8520-47a4-832b-c145b6fd3c0c					LSchare (she/her)			https://creativecommons.org/licenses/by-nc/4.0/							
8195dfb1-fdd7-4fc4-98f2-99c555f06bba					LSchare (she/her)			https://creativecommons.org/licenses/by-nc/4.0/							
bd5c8e6e-3a7a-4b73-b6fa-b9b6daea0f12					Cedric Lee			https://creativecommons.org/licenses/by-nc/4.0/							
654fd7c7-0744-413d-a8e0-00d85e3f1766					LSchare (she/her)			https://creativecommons.org/licenses/by-nc/4.0/							
b2e73749-60cf-473d-8796-c01a00254975					LSchare (she/her)			https://creativecommons.org/licenses/by-nc/4.0/							
0b11e17d-b089-4bcf-8256-84fcfa48214e					Casey H. Richart			https://creativecommons.org/licenses/by/4.0/							
84875770-9e10-478d-8ca0-a67d636203ba					LSchare (she/her)			https://creativecommons.org/licenses/by-nc/4.0/							
003e3016-88ee-4b45-9c5c-232ddc7fc132					LSchare (she/her)			https://creativecommons.org/licenses/by-nc/4.0/							
1da98cdd-482e-46e4-8841-7c2f212d0396					Sabina Lucke Lawrence			https://creativecommons.org/licenses/by-nc/4.0/							
74571177-2d69-4ef0-9a7e-bc19305ca710					LSchare (she/her)			https://creativecommons.org/licenses/by-nc/4.0/							
5cec322b-9f94-4b3c-ae43-a253c44ddb33					Sabina Lucke Lawrence			https://creativecommons.org/licenses/by-nc/4.0/							
eade7e6c-c2cf-401d-b217-0bda49b45f2b					Casey H. Richart			https://creativecommons.org/licenses/by/4.0/							
a81c79f4-49b5-4bec-9391-c5dfbb761b36					LSchare (she/her)			https://creativecommons.org/licenses/by-nc/4.0/							
d642be52-0382-40b8-9708-ddb1e6c97ab4					LSchare (she/her)			https://creativecommons.org/licenses/by-nc/4.0/							
cd986b9f-e7b4-4d52-9ee8-d8dc65d5b80c					Casey H. Richart			https://creativecommons.org/licenses/by/4.0/							
1d689e2d-37d5-4ffa-b878-eb7963cfdf7a					LSchare (she/her)			https://creativecommons.org/licenses/by-nc/4.0/							
d07e072d-1db5-4258-9962-403c6145aff7					Casey H. Richart			https://creativecommons.org/licenses/by/4.0/							
ac03ff09-85ef-420c-bd67-95bee1309e85					Andrea Kreuzhage			https://creativecommons.org/licenses/by-nc/4.0/							
6a253abf-d137-4a5b-8966-2c159a901bd6					Casey H. Richart			https://creativecommons.org/licenses/by/4.0/							
bb9e724c-e2f3-494b-92b2-745663ecfba5					Kathleen Nguyen										
44ad3ee9-a153-47d3-a625-8ea35c36f56c					Andrea Kreuzhage			https://creativecommons.org/licenses/by-nc/4.0/							
bbb6ee13-87e1-49ae-bacb-770c3df09c21					LSchare (she/her)			https://creativecommons.org/licenses/by-nc/4.0/							
b09c8302-5ca6-4831-ad47-7b42ece22960					LSchare (she/her)			https://creativecommons.org/licenses/by-nc/4.0/							
15b9b99e-4749-4c90-b817-a04f6289b131					Casey H. Richart			https://creativecommons.org/licenses/by/4.0/							
d3ebff5d-4c66-4e84-bb5b-391d0e49cbc9					LSchare (she/her)			https://creativecommons.org/licenses/by-nc/4.0/							
0e6be3f1-98d3-4e0a-beea-fefdd2de78e3					Katherine Hadary			https://creativecommons.org/licenses/by-nc/4.0/							
4c028672-c939-48b6-9797-b91536f1b3e6					LSchare (she/her)			https://creativecommons.org/licenses/by-nc/4.0/							
37a6a3a2-a63a-4be7-a35b-d969fe3474a6					Casey H. Richart			https://creativecommons.org/licenses/by/4.0/							
a955c5aa-4444-48c7-bff7-06e5500cc4ef					LSchare (she/her)			https://creativecommons.org/licenses/by-nc/4.0/							
00db11b6-8975-4f0f-a7f9-4a478fd38365								https://creativecommons.org/licenses/by-nc/4.0/							
5cb2f073-f1ee-4c3c-9815-35d7ffd45753					LSchare (she/her)			https://creativecommons.org/licenses/by-nc/4.0/							
9773c72d-2e44-4fc7-8780-327238cf6b0f					LSchare (she/her)			https://creativecommons.org/licenses/by-nc/4.0/							
d676d9e5-4f2d-4b38-9120-47877f9e6537					LSchare (she/her)			https://creativecommons.org/licenses/by-nc/4.0/							
fc5191ca-48e3-4e8c-912c-5d298a5b6f21					LSchare (she/her)			https://creativecommons.org/licenses/by-nc/4.0/							
0bf1d35b-1b5d-4c38-8f41-0dc8a10b2216					LSchare (she/her)			https://creativecommons.org/licenses/by-nc/4.0/							
958208f5-0cb6-4aef-bf33-58a670fd74d7					Katherine Hadary			https://creativecommons.org/licenses/by-nc/4.0/							
12f41b43-e104-4829-ba72-d0abc232a934					Casey H. Richart			https://creativecommons.org/licenses/by/4.0/							
d0ea5e1f-bb8d-4fdc-b5fc-ea823818a641					Andrea Kreuzhage			https://creativecommons.org/licenses/by-nc/4.0/							
e36e5d66-56c0-4ce9-a304-f14da397744c					Casey H. Richart			https://creativecommons.org/licenses/by/4.0/							
b233de2c-d683-473c-82c8-52a153279203					Rosalind Helfand			https://creativecommons.org/licenses/by-nc/4.0/							
b0e3c90f-59aa-448f-bfae-479ff8c47b1e					The Hog Potato										
3d5e732f-0846-4307-9447-38a8c13a9358					Casey H. Richart			https://creativecommons.org/licenses/by/4.0/							
5e60a7de-614a-454f-8795-79f45cc98e92					Andrea Kreuzhage			https://creativecommons.org/licenses/by-nc/4.0/							
6e7ec4b7-87aa-45d8-b3ce-e76d710f9e34					LSchare (she/her)			https://creativecommons.org/licenses/by-nc/4.0/							
391abe39-2ec4-4c23-b93b-cfbe23d4b94b					LSchare (she/her)			https://creativecommons.org/licenses/by-nc/4.0/							
6eb0cc98-6eb1-4db7-bb31-0772905de0e5					Katherine Hadary			https://creativecommons.org/licenses/by-nc/4.0/							
58ef2aad-ea15-4c86-965c-10643832da08					Casey H. Richart			https://creativecommons.org/licenses/by/4.0/							
892a3056-063b-46f7-9ecf-5507eed339c5					Casey H. Richart			https://creativecommons.org/licenses/by/4.0/							
ff9c21fd-19d3-4761-803b-a23d80638bcb					Dkt7sc										
21bd8284-71e6-4679-a699-48b1dd330641					Casey H. Richart			https://creativecommons.org/licenses/by/4.0/							
10b41cbe-5d95-48d4-b585-a739b049a03f					LSchare (she/her)			https://creativecommons.org/licenses/by-nc/4.0/							
474b02c1-0c5d-49ea-bddc-509f4da7e4e9					LSchare (she/her)			https://creativecommons.org/licenses/by-nc/4.0/							
9614797f-f96e-4648-a4b6-4278f1d0345b					LSchare (she/her)			https://creativecommons.org/licenses/by-nc/4.0/							
19bc1cc4-c0c4-4a51-a1ac-f5ad4c64f380					LSchare (she/her)			https://creativecommons.org/licenses/by-nc/4.0/							
476b5838-f5b4-4d52-b59e-41968de04ad4					David Kaposi			https://creativecommons.org/licenses/by-nc/4.0/							
f87c5aa2-a885-4268-88d8-dcf3b274a8ed					LSchare (she/her)			https://creativecommons.org/licenses/by-nc/4.0/							
930af215-0f2d-45eb-a56c-05fba35d6737					LSchare (she/her)			https://creativecommons.org/licenses/by-nc/4.0/							
bac84c4f-95b3-4d18-a183-e70958ad2aa3								https://creativecommons.org/licenses/by-nc/4.0/							
73f9db34-a72d-41f8-ad66-9cbfdc57c0c1					LSchare (she/her)			https://creativecommons.org/licenses/by-nc/4.0/							
063301d0-6ca2-464b-86c9-63a5efc7201d					David Kaposi			https://creativecommons.org/licenses/by-nc/4.0/							
2969626c-ef9f-4d79-8801-c6a547d0f069					LSchare (she/her)			https://creativecommons.org/licenses/by-nc/4.0/							
77fae22a-3976-43eb-b355-7eb836c5fb8f					LSchare (she/her)			https://creativecommons.org/licenses/by-nc/4.0/							
868d40c1-d67b-4631-937f-8f66b9cbd515					Casey H. Richart			https://creativecommons.org/licenses/by/4.0/							
5e56b564-82f8-4b6f-8514-f40de56aaaae					Casey H. Richart			https://creativecommons.org/licenses/by/4.0/							
3bcb2050-472c-49cc-ae00-c5e8900a69d5					Sabina Lucke Lawrence			https://creativecommons.org/licenses/by-nc/4.0/							
8370d2da-f68d-42f7-9d5f-f7bb6863aa36					LSchare (she/her)			https://creativecommons.org/licenses/by-nc/4.0/							
8e9fb4de-e473-48aa-a88a-c6bc5aa98e44					LSchare (she/her)			https://creativecommons.org/licenses/by-nc/4.0/							
abf0b590-fba4-4c61-90d5-92c7d4043895					LSchare (she/her)			https://creativecommons.org/licenses/by-nc/4.0/							
f264cff8-7517-436c-8412-65bdcf67b864					LSchare (she/her)			https://creativecommons.org/licenses/by-nc/4.0/							
bc781eaf-9393-41d2-8dff-38e4863331b5					Casey H. Richart			https://creativecommons.org/licenses/by/4.0/							
3722fe21-17de-43eb-a25b-4ef8b25bd93c					LSchare (she/her)			https://creativecommons.org/licenses/by-nc/4.0/							
0e2e69fc-3226-4669-85ab-8bbcdaac1ce3					Casey H. Richart			https://creativecommons.org/licenses/by/4.0/							
9b1479c4-33d1-4215-b68e-d562ca251283					Casey H. Richart			https://creativecommons.org/licenses/by/4.0/							
82b21c0d-f0ef-45bb-ac24-1c31b4e01905					LSchare (she/her)			https://creativecommons.org/licenses/by-nc/4.0/							
1ea832f3-42a8-4b42-9c70-2d76ebe705e6					Casey H. Richart			https://creativecommons.org/licenses/by/4.0/							
d0f2f633-4363-4f35-9466-518b1eaade35					Casey H. Richart			https://creativecommons.org/licenses/by/4.0/							
f5eb86b7-4631-4350-b255-18d3239bff3d					LSchare (she/her)			https://creativecommons.org/licenses/by-nc/4.0/							
f8f4868e-ce6b-4f4d-8473-9e4da5ae80d6					LSchare (she/her)			https://creativecommons.org/licenses/by-nc/4.0/							
63dbcdfd-0f8a-4b3a-8b3c-4010d76d0ea5					LSchare (she/her)			https://creativecommons.org/licenses/by-nc/4.0/							
2d8331d8-2d87-4abe-aa25-853088ffeebb					LSchare (she/her)			https://creativecommons.org/licenses/by-nc/4.0/							
32bb2172-22a4-4787-aba4-71a82ada797a					Andrea Kreuzhage			https://creativecommons.org/licenses/by-nc/4.0/							
97fda352-b3f4-431a-9ba4-74d5c3c11419					LSchare (she/her)			https://creativecommons.org/licenses/by-nc/4.0/							
9bd3e478-dddf-4d93-9934-b58b710d2d9f					Casey H. Richart			https://creativecommons.org/licenses/by/4.0/							
190df0a5-0125-4e7b-9f79-b8af0d21eeaa					Jenny Hazlehurst			https://creativecommons.org/licenses/by-nc/4.0/							
a1a90c1c-336e-4df4-b0e8-c640bcaccc58					LSchare (she/her)			https://creativecommons.org/licenses/by-nc/4.0/							
3e899188-cd3d-43ac-a930-7be9ed81bbad					LSchare (she/her)			https://creativecommons.org/licenses/by-nc/4.0/							
cf44e9d7-3f0e-45fc-ae79-4c1bc2b85910					Casey H. Richart			https://creativecommons.org/licenses/by/4.0/							
b164eecc-37a6-487b-a4bc-f43304945d97					Casey H. Richart			https://creativecommons.org/licenses/by/4.0/							
50808bb1-a370-43f1-a668-37f8659a53af					Casey H. Richart			https://creativecommons.org/licenses/by/4.0/							
92c3e753-e2ad-4136-8748-f25654dc4825					Jenny Hazlehurst			https://creativecommons.org/licenses/by-nc/4.0/							
2ec64b56-a8a2-47a6-b13b-051713d1ce43					Casey H. Richart			https://creativecommons.org/licenses/by/4.0/							
151d6848-39f4-4a09-a17d-448971bf4f19					Stephanie Calloway			https://creativecommons.org/licenses/by-nc/4.0/							
f9e7ff2c-a51f-4874-b28d-a2285f329d81					LSchare (she/her)			https://creativecommons.org/licenses/by-nc/4.0/							
d40dc617-61b5-4776-8057-80664a378bf1					LSchare (she/her)			https://creativecommons.org/licenses/by-nc/4.0/							
65109055-a1eb-4475-a794-f07c47b09584					LSchare (she/her)			https://creativecommons.org/licenses/by-nc/4.0/							
a1445043-3463-4abf-9c6c-68718d6b5ec7					Casey H. Richart			https://creativecommons.org/licenses/by/4.0/							
b39ae400-721f-41d7-9e1f-0f216cd549b0					Jenny Hazlehurst			https://creativecommons.org/licenses/by-nc/4.0/							
722dcb38-0f0b-4a08-8ea2-00551069ea45					LSchare (she/her)			https://creativecommons.org/licenses/by-nc/4.0/							
070367d2-c944-4e29-9d7c-0325694c1635					Casey H. Richart			https://creativecommons.org/licenses/by/4.0/							
7312024a-3d98-49e6-b287-cb714e940873					Casey H. Richart			https://creativecommons.org/licenses/by/4.0/							
c2620ab3-ebbf-4987-b54b-f2363bb93ff2					Andrea Kreuzhage			https://creativecommons.org/licenses/by-nc/4.0/							
c0d30640-8259-42c4-a27d-15c81b0dfdad					LSchare (she/her)			https://creativecommons.org/licenses/by-nc/4.0/							
b2e145ea-e3bb-45d1-8814-7a61626b886b					Sabina Lucke Lawrence			https://creativecommons.org/licenses/by-nc/4.0/							
78df2552-0ad9-425d-9816-905dd3fffff6					LSchare (she/her)			https://creativecommons.org/licenses/by-nc/4.0/							
890a1700-0a5b-4863-964e-d2246ec20590					Casey H. Richart			https://creativecommons.org/licenses/by/4.0/							
77463538-06b9-411e-a9d1-afa338fb7c8c					LSchare (she/her)			https://creativecommons.org/licenses/by-nc/4.0/							
cb83bee9-9df1-4f4b-b477-d6014b8994bb					Casey H. Richart			https://creativecommons.org/licenses/by/4.0/							
9761be76-eadf-4d45-9379-ca0c990760f3					Casey H. Richart			https://creativecommons.org/licenses/by/4.0/							
7eb980a0-f18b-429f-be29-104ab76d7c05					LSchare (she/her)			https://creativecommons.org/licenses/by-nc/4.0/							
da3dc235-a637-4f99-8faf-0280526dd505					Andrea Kreuzhage			https://creativecommons.org/licenses/by-nc/4.0/							
d3ac4ab5-afae-4945-aa5d-f159577c33f8					Casey H. Richart			https://creativecommons.org/licenses/by/4.0/							
8da3dba8-03d1-4735-b2eb-5f64ab9ab462					LSchare (she/her)			https://creativecommons.org/licenses/by-nc/4.0/							
9d112fef-bbaf-4043-becb-5c2c6e4cf6e0					Casey H. Richart			https://creativecommons.org/licenses/by/4.0/							
23b8b7b4-0ec3-4773-a2ed-57dfe20639b1					Casey H. Richart			https://creativecommons.org/licenses/by/4.0/							
5784aba3-9ab1-450c-8e62-b85a56d20532					LSchare (she/her)			https://creativecommons.org/licenses/by-nc/4.0/							
7776a966-9a5e-4dd5-9378-50042566f277					Jenny Hazlehurst			https://creativecommons.org/licenses/by-nc/4.0/							
0e543e18-008d-44cc-84a5-5f1cc80b27d5					Andrea Kreuzhage			https://creativecommons.org/licenses/by-nc/4.0/							
4eb3fff9-4139-4494-a6c6-5bc4e5e9bb95					LSchare (she/her)			https://creativecommons.org/licenses/by-nc/4.0/							
af8e02ea-78ae-4eeb-9194-72212b6c4e67					Casey H. Richart			https://creativecommons.org/licenses/by/4.0/							
90129a94-d02e-40c8-9ab7-fc255c921b55								https://creativecommons.org/licenses/by-nc/4.0/							
f102e6f0-4869-4100-952a-cf8800adc790					LSchare (she/her)			https://creativecommons.org/licenses/by-nc/4.0/							
74099824-c372-41cf-a3f1-da8ed715742f					Jenny Hazlehurst			https://creativecommons.org/licenses/by-nc/4.0/							
2ffdb000-27b7-449e-bed8-f6606549f98f					LSchare (she/her)			https://creativecommons.org/licenses/by-nc/4.0/							
80d10301-43f9-4ea5-b160-37040b2791c1					Casey H. Richart			https://creativecommons.org/licenses/by/4.0/							
7264cde4-f0a2-4d40-afaf-c42356a5b14c					Casey H. Richart			https://creativecommons.org/licenses/by/4.0/							
46c493dc-37a3-4b07-b66d-edb7d30e968b					Casey H. Richart			https://creativecommons.org/licenses/by/4.0/							
6ab2b0ae-7307-4ec1-a363-5a6cb8c66620					Rosalind Helfand			https://creativecommons.org/licenses/by-nc/4.0/							
1e2a9c3b-dc45-434b-90da-134bf0f03c23					Jenny Hazlehurst			https://creativecommons.org/licenses/by-nc/4.0/							
eb2ce729-7bf6-4277-beaf-8ec5b1c7defd					Casey H. Richart			https://creativecommons.org/licenses/by/4.0/							
88060031-ae17-43dd-8600-6b4ec620b74c					Sula Vanderplank			https://creativecommons.org/licenses/by/4.0/							
ebb91c04-a0d5-4067-b8a3-bd9936039d49					LSchare (she/her)			https://creativecommons.org/licenses/by-nc/4.0/							
a3666ddc-57c5-47e7-8018-465feb2648d3					LSchare (she/her)			https://creativecommons.org/licenses/by-nc/4.0/							
491f8fc4-8402-4530-82fb-30202d1c8e5c					Casey H. Richart			https://creativecommons.org/licenses/by/4.0/							
94ff6f5a-abf5-4b6c-8005-6e135c6319f5					Andrea Kreuzhage			https://creativecommons.org/licenses/by-nc/4.0/							
31244286-1a39-48f2-871e-6c8da014d46a					LSchare (she/her)			https://creativecommons.org/licenses/by-nc/4.0/							
9186a6b2-c218-453d-bc3f-acce36612d37					LSchare (she/her)			https://creativecommons.org/licenses/by-nc/4.0/							
3e9047e5-9c02-4923-bf64-9a43a8952fc7					Nancy Hamlett			https://creativecommons.org/licenses/by-nc/4.0/							
2bcb9318-7a50-430c-a8aa-eff446ac52f4					Cedric Lee			https://creativecommons.org/licenses/by-nc/4.0/							
7ccb87a7-f17c-44f9-8845-99932de393fe					LSchare (she/her)			https://creativecommons.org/licenses/by-nc/4.0/							
18b659a9-d6d8-491e-bfa6-acc50878a927					Sabina Lucke Lawrence			https://creativecommons.org/licenses/by-nc/4.0/							
3b941c1e-77d2-46da-8455-3e54fcb4e654					LSchare (she/her)			https://creativecommons.org/licenses/by-nc/4.0/							
1e6d93ac-be62-4f5f-8d3c-daec0f6fd69c					LSchare (she/her)			https://creativecommons.org/licenses/by-nc/4.0/							
434d82c1-3b6c-4636-a5af-a0101835a5ac					Cedric Lee			https://creativecommons.org/licenses/by-nc/4.0/							
