survey_id	event_id	site_count	site_nesting_description	verbatim_site_descriptions	verbatim_site_names	geospatial_scope_area_value	geospatial_scope_area_unit	total_area_sampled_value	total_area_sampled_unit	reported_extreme_conditions	reported_weather	event_duration_value	event_duration_unit	taxon_completeness_reported	taxon_completeness_protocols	is_absence_reported	absent_taxa	has_non_target_taxa	non_target_taxa	are_non_target_taxa_fully_reported	has_non_target_organisms	verbatim_target_scope	identified_by	identified_by_id	identification_references	compilation_types	compilation_source_types	inventory_types	protocol_names	protocol_descriptions	protocol_references	is_abundance_reported	is_abundance_cap_reported	abundance_cap	is_vegetation_cover_reported	is_least_specific_target_category_quantity_inclusive	has_vouchers	voucher_institutions	has_material_samples	material_sample_types	sample_size_value	sample_size_unit	sampling_performed_by	sampling_performed_by_id	is_sampling_effort_reported	sampling_effort_protocol	sampling_effort_protocol_id	sampling_effort_value	sampling_effort_unit	information_withheld	data_generalizations	feedback_url
BROKE_WEST_RMT_001_RMT1	BROKE_WEST_RMT_001_RMT1	1	sampling station		RMT_001									not reported		false		false		true	false					survey only		restricted search taxonomic inventory process	target trawls on acoustically detected aggregations		Kawaguchi S., Nicol S., Virtue P., Davenport S., Casper R., Swadling K., Hosie G.W., 2010. Krill demography and large scale distribution in the Western Indian Ocean sector of the Southern Ocean (CCAMLR Division 58.4.2) in Austral summer of 2006. Deep-Sea Research II 57 (9–10), 934–947.	false	false		false	true	false		false				Anton Van de Putte	https://orcid.org/0000-0003-1336-5554	true	RMT setup is described in Baker, A. de C., M. R. Clarke, and M. J. Harris. ""The NIO combination net (RMT 1+ 8) and further developments of rectangular midwater trawls."" Journal of the Marine Biological Association of the United Kingdom 53.1 (1973): 167-184. | Towing speed is 4.5 km/h as stated in samplingEffortValue and samplingEffortUnit.		4.5	km/h			
BROKE_WEST_RMT_001_RMT8	BROKE_WEST_RMT_001_RMT8	1	sampling station		RMT_001									not reported		false		false		true	false					survey only		restricted search taxonomic inventory process	target trawls on acoustically detected aggregations		Kawaguchi S., Nicol S., Virtue P., Davenport S., Casper R., Swadling K., Hosie G.W., 2010. Krill demography and large scale distribution in the Western Indian Ocean sector of the Southern Ocean (CCAMLR Division 58.4.2) in Austral summer of 2006. Deep-Sea Research II 57 (9–10), 934–947.	false	false		false	true	false		false		17389.23	m3	Anton Van de Putte	https://orcid.org/0000-0003-1336-5554	true	RMT setup is described in Baker, A. de C., M. R. Clarke, and M. J. Harris. ""The NIO combination net (RMT 1+ 8) and further developments of rectangular midwater trawls."" Journal of the Marine Biological Association of the United Kingdom 53.1 (1973): 167-184. | Towing speed is 4.5 km/h as stated in samplingEffortValue and samplingEffortUnit.		4.5	km/h			
BROKE_WEST_RMT_002_RMT1	BROKE_WEST_RMT_002_RMT1	1	sampling station		RMT_002									not reported		false		false		true	false					survey only		restricted search taxonomic inventory process	target trawls on acoustically detected aggregations		Kawaguchi S., Nicol S., Virtue P., Davenport S., Casper R., Swadling K., Hosie G.W., 2010. Krill demography and large scale distribution in the Western Indian Ocean sector of the Southern Ocean (CCAMLR Division 58.4.2) in Austral summer of 2006. Deep-Sea Research II 57 (9–10), 934–947.	false	false		false	true	false		false				Anton Van de Putte	https://orcid.org/0000-0003-1336-5554	true	RMT setup is described in Baker, A. de C., M. R. Clarke, and M. J. Harris. ""The NIO combination net (RMT 1+ 8) and further developments of rectangular midwater trawls."" Journal of the Marine Biological Association of the United Kingdom 53.1 (1973): 167-184. | Towing speed is 4.5 km/h as stated in samplingEffortValue and samplingEffortUnit.		4.5	km/h			
BROKE_WEST_RMT_002_RMT8	BROKE_WEST_RMT_002_RMT8	1	sampling station		RMT_002									not reported		false		false		true	false					survey only		restricted search taxonomic inventory process	target trawls on acoustically detected aggregations		Kawaguchi S., Nicol S., Virtue P., Davenport S., Casper R., Swadling K., Hosie G.W., 2010. Krill demography and large scale distribution in the Western Indian Ocean sector of the Southern Ocean (CCAMLR Division 58.4.2) in Austral summer of 2006. Deep-Sea Research II 57 (9–10), 934–947.	false	false		false	true	false		false		16962.74	m3	Anton Van de Putte	https://orcid.org/0000-0003-1336-5554	true	RMT setup is described in Baker, A. de C., M. R. Clarke, and M. J. Harris. ""The NIO combination net (RMT 1+ 8) and further developments of rectangular midwater trawls."" Journal of the Marine Biological Association of the United Kingdom 53.1 (1973): 167-184. | Towing speed is 4.5 km/h as stated in samplingEffortValue and samplingEffortUnit.		4.5	km/h			
BROKE_WEST_RMT_003_RMT1	BROKE_WEST_RMT_003_RMT1	1	sampling station		RMT_003									not reported		false		false		true	false					survey only		restricted search taxonomic inventory process	target trawls on acoustically detected aggregations		Kawaguchi S., Nicol S., Virtue P., Davenport S., Casper R., Swadling K., Hosie G.W., 2010. Krill demography and large scale distribution in the Western Indian Ocean sector of the Southern Ocean (CCAMLR Division 58.4.2) in Austral summer of 2006. Deep-Sea Research II 57 (9–10), 934–947.	false	false		false	true	false		false				Anton Van de Putte	https://orcid.org/0000-0003-1336-5554	true	RMT setup is described in Baker, A. de C., M. R. Clarke, and M. J. Harris. ""The NIO combination net (RMT 1+ 8) and further developments of rectangular midwater trawls."" Journal of the Marine Biological Association of the United Kingdom 53.1 (1973): 167-184. | Towing speed is 4.5 km/h as stated in samplingEffortValue and samplingEffortUnit.		4.5	km/h			
BROKE_WEST_RMT_003_RMT8	BROKE_WEST_RMT_003_RMT8	1	sampling station		RMT_003									not reported		false		false		true	false					survey only		restricted search taxonomic inventory process	target trawls on acoustically detected aggregations		Kawaguchi S., Nicol S., Virtue P., Davenport S., Casper R., Swadling K., Hosie G.W., 2010. Krill demography and large scale distribution in the Western Indian Ocean sector of the Southern Ocean (CCAMLR Division 58.4.2) in Austral summer of 2006. Deep-Sea Research II 57 (9–10), 934–947.	false	false		false	true	false		false		14839.03	m3	Anton Van de Putte	https://orcid.org/0000-0003-1336-5554	true	RMT setup is described in Baker, A. de C., M. R. Clarke, and M. J. Harris. ""The NIO combination net (RMT 1+ 8) and further developments of rectangular midwater trawls."" Journal of the Marine Biological Association of the United Kingdom 53.1 (1973): 167-184. | Towing speed is 4.5 km/h as stated in samplingEffortValue and samplingEffortUnit.		4.5	km/h			
BROKE_WEST_RMT_004_RMT1	BROKE_WEST_RMT_004_RMT1	1	sampling station		RMT_004									not reported		false		false		true	false					survey only		restricted search taxonomic inventory process	Pre-planned routine hauls with standard double oblique tow		Kawaguchi S., Nicol S., Virtue P., Davenport S., Casper R., Swadling K., Hosie G.W., 2010. Krill demography and large scale distribution in the Western Indian Ocean sector of the Southern Ocean (CCAMLR Division 58.4.2) in Austral summer of 2006. Deep-Sea Research II 57 (9–10), 934–947.	false	false		false	true	false		false				Anton Van de Putte	https://orcid.org/0000-0003-1336-5554	true	RMT setup is described in Baker, A. de C., M. R. Clarke, and M. J. Harris. ""The NIO combination net (RMT 1+ 8) and further developments of rectangular midwater trawls."" Journal of the Marine Biological Association of the United Kingdom 53.1 (1973): 167-184. | Towing speed is 4.5 km/h as stated in samplingEffortValue and samplingEffortUnit.		4.5	km/h			
BROKE_WEST_RMT_004_RMT8	BROKE_WEST_RMT_004_RMT8	1	sampling station		RMT_004									not reported		false		false		true	false					survey only		restricted search taxonomic inventory process	Pre-planned routine hauls with standard double oblique tow		Kawaguchi S., Nicol S., Virtue P., Davenport S., Casper R., Swadling K., Hosie G.W., 2010. Krill demography and large scale distribution in the Western Indian Ocean sector of the Southern Ocean (CCAMLR Division 58.4.2) in Austral summer of 2006. Deep-Sea Research II 57 (9–10), 934–947.	false	false		false	true	false		false		37624.59	m3	Anton Van de Putte	https://orcid.org/0000-0003-1336-5554	true	RMT setup is described in Baker, A. de C., M. R. Clarke, and M. J. Harris. ""The NIO combination net (RMT 1+ 8) and further developments of rectangular midwater trawls."" Journal of the Marine Biological Association of the United Kingdom 53.1 (1973): 167-184. | Towing speed is 4.5 km/h as stated in samplingEffortValue and samplingEffortUnit.		4.5	km/h			
BROKE_WEST_RMT_005_RMT1	BROKE_WEST_RMT_005_RMT1	1	sampling station		RMT_005									not reported		false		false		true	false					survey only		restricted search taxonomic inventory process	Pre-planned routine hauls with standard double oblique tow		Kawaguchi S., Nicol S., Virtue P., Davenport S., Casper R., Swadling K., Hosie G.W., 2010. Krill demography and large scale distribution in the Western Indian Ocean sector of the Southern Ocean (CCAMLR Division 58.4.2) in Austral summer of 2006. Deep-Sea Research II 57 (9–10), 934–947.	false	false		false	true	false		false				Anton Van de Putte	https://orcid.org/0000-0003-1336-5554	true	RMT setup is described in Baker, A. de C., M. R. Clarke, and M. J. Harris. ""The NIO combination net (RMT 1+ 8) and further developments of rectangular midwater trawls."" Journal of the Marine Biological Association of the United Kingdom 53.1 (1973): 167-184. | Towing speed is 4.5 km/h as stated in samplingEffortValue and samplingEffortUnit.		4.5	km/h			
BROKE_WEST_RMT_005_RMT8	BROKE_WEST_RMT_005_RMT8	1	sampling station		RMT_005									not reported		false		false		true	false					survey only		restricted search taxonomic inventory process	Pre-planned routine hauls with standard double oblique tow		Kawaguchi S., Nicol S., Virtue P., Davenport S., Casper R., Swadling K., Hosie G.W., 2010. Krill demography and large scale distribution in the Western Indian Ocean sector of the Southern Ocean (CCAMLR Division 58.4.2) in Austral summer of 2006. Deep-Sea Research II 57 (9–10), 934–947.	false	false		false	true	false		false		41717.26	m3	Anton Van de Putte	https://orcid.org/0000-0003-1336-5554	true	RMT setup is described in Baker, A. de C., M. R. Clarke, and M. J. Harris. ""The NIO combination net (RMT 1+ 8) and further developments of rectangular midwater trawls."" Journal of the Marine Biological Association of the United Kingdom 53.1 (1973): 167-184. | Towing speed is 4.5 km/h as stated in samplingEffortValue and samplingEffortUnit.		4.5	km/h			
BROKE_WEST_RMT_006_RMT1	BROKE_WEST_RMT_006_RMT1	1	sampling station		RMT_006									not reported		false		false		true	false					survey only		restricted search taxonomic inventory process	target trawls on acoustically detected aggregations		Kawaguchi S., Nicol S., Virtue P., Davenport S., Casper R., Swadling K., Hosie G.W., 2010. Krill demography and large scale distribution in the Western Indian Ocean sector of the Southern Ocean (CCAMLR Division 58.4.2) in Austral summer of 2006. Deep-Sea Research II 57 (9–10), 934–947.	false	false		false	true	false		false				Anton Van de Putte	https://orcid.org/0000-0003-1336-5554	true	RMT setup is described in Baker, A. de C., M. R. Clarke, and M. J. Harris. ""The NIO combination net (RMT 1+ 8) and further developments of rectangular midwater trawls."" Journal of the Marine Biological Association of the United Kingdom 53.1 (1973): 167-184. | Towing speed is 4.5 km/h as stated in samplingEffortValue and samplingEffortUnit.		4.5	km/h			
BROKE_WEST_RMT_006_RMT8	BROKE_WEST_RMT_006_RMT8	1	sampling station		RMT_006									not reported		false		false		true	false					survey only		restricted search taxonomic inventory process	target trawls on acoustically detected aggregations		Kawaguchi S., Nicol S., Virtue P., Davenport S., Casper R., Swadling K., Hosie G.W., 2010. Krill demography and large scale distribution in the Western Indian Ocean sector of the Southern Ocean (CCAMLR Division 58.4.2) in Austral summer of 2006. Deep-Sea Research II 57 (9–10), 934–947.	false	false		false	true	false		false		17732.57	m3	Anton Van de Putte	https://orcid.org/0000-0003-1336-5554	true	RMT setup is described in Baker, A. de C., M. R. Clarke, and M. J. Harris. ""The NIO combination net (RMT 1+ 8) and further developments of rectangular midwater trawls."" Journal of the Marine Biological Association of the United Kingdom 53.1 (1973): 167-184. | Towing speed is 4.5 km/h as stated in samplingEffortValue and samplingEffortUnit.		4.5	km/h			
BROKE_WEST_RMT_007_RMT1	BROKE_WEST_RMT_007_RMT1	1	sampling station		RMT_007									not reported		false		false		true	false					survey only		restricted search taxonomic inventory process	Pre-planned routine hauls with standard double oblique tow		Kawaguchi S., Nicol S., Virtue P., Davenport S., Casper R., Swadling K., Hosie G.W., 2010. Krill demography and large scale distribution in the Western Indian Ocean sector of the Southern Ocean (CCAMLR Division 58.4.2) in Austral summer of 2006. Deep-Sea Research II 57 (9–10), 934–947.	false	false		false	true	false		false				Anton Van de Putte	https://orcid.org/0000-0003-1336-5554	true	RMT setup is described in Baker, A. de C., M. R. Clarke, and M. J. Harris. ""The NIO combination net (RMT 1+ 8) and further developments of rectangular midwater trawls."" Journal of the Marine Biological Association of the United Kingdom 53.1 (1973): 167-184. | Towing speed is 4.5 km/h as stated in samplingEffortValue and samplingEffortUnit.		4.5	km/h			
BROKE_WEST_RMT_007_RMT8	BROKE_WEST_RMT_007_RMT8	1	sampling station		RMT_007									not reported		false		false		true	false					survey only		restricted search taxonomic inventory process	Pre-planned routine hauls with standard double oblique tow		Kawaguchi S., Nicol S., Virtue P., Davenport S., Casper R., Swadling K., Hosie G.W., 2010. Krill demography and large scale distribution in the Western Indian Ocean sector of the Southern Ocean (CCAMLR Division 58.4.2) in Austral summer of 2006. Deep-Sea Research II 57 (9–10), 934–947.	false	false		false	true	false		false		53120.18	m3	Anton Van de Putte	https://orcid.org/0000-0003-1336-5554	true	RMT setup is described in Baker, A. de C., M. R. Clarke, and M. J. Harris. ""The NIO combination net (RMT 1+ 8) and further developments of rectangular midwater trawls."" Journal of the Marine Biological Association of the United Kingdom 53.1 (1973): 167-184. | Towing speed is 4.5 km/h as stated in samplingEffortValue and samplingEffortUnit.		4.5	km/h			
BROKE_WEST_RMT_008_RMT1	BROKE_WEST_RMT_008_RMT1	1	sampling station		RMT_008									not reported		false		false		true	false					survey only		restricted search taxonomic inventory process	Pre-planned routine hauls with standard double oblique tow		Kawaguchi S., Nicol S., Virtue P., Davenport S., Casper R., Swadling K., Hosie G.W., 2010. Krill demography and large scale distribution in the Western Indian Ocean sector of the Southern Ocean (CCAMLR Division 58.4.2) in Austral summer of 2006. Deep-Sea Research II 57 (9–10), 934–947.	false	false		false	true	false		false				Anton Van de Putte	https://orcid.org/0000-0003-1336-5554	true	RMT setup is described in Baker, A. de C., M. R. Clarke, and M. J. Harris. ""The NIO combination net (RMT 1+ 8) and further developments of rectangular midwater trawls."" Journal of the Marine Biological Association of the United Kingdom 53.1 (1973): 167-184. | Towing speed is 4.5 km/h as stated in samplingEffortValue and samplingEffortUnit.		4.5	km/h			
BROKE_WEST_RMT_008_RMT8	BROKE_WEST_RMT_008_RMT8	1	sampling station		RMT_008									not reported		false		false		true	false					survey only		restricted search taxonomic inventory process	Pre-planned routine hauls with standard double oblique tow		Kawaguchi S., Nicol S., Virtue P., Davenport S., Casper R., Swadling K., Hosie G.W., 2010. Krill demography and large scale distribution in the Western Indian Ocean sector of the Southern Ocean (CCAMLR Division 58.4.2) in Austral summer of 2006. Deep-Sea Research II 57 (9–10), 934–947.	false	false		false	true	false		false		42344.26	m3	Anton Van de Putte	https://orcid.org/0000-0003-1336-5554	true	RMT setup is described in Baker, A. de C., M. R. Clarke, and M. J. Harris. ""The NIO combination net (RMT 1+ 8) and further developments of rectangular midwater trawls."" Journal of the Marine Biological Association of the United Kingdom 53.1 (1973): 167-184. | Towing speed is 4.5 km/h as stated in samplingEffortValue and samplingEffortUnit.		4.5	km/h			
BROKE_WEST_RMT_009_RMT1	BROKE_WEST_RMT_009_RMT1	1	sampling station		RMT_009									not reported		false		false		true	false					survey only		restricted search taxonomic inventory process	target trawls on acoustically detected aggregations		Kawaguchi S., Nicol S., Virtue P., Davenport S., Casper R., Swadling K., Hosie G.W., 2010. Krill demography and large scale distribution in the Western Indian Ocean sector of the Southern Ocean (CCAMLR Division 58.4.2) in Austral summer of 2006. Deep-Sea Research II 57 (9–10), 934–947.	false	false		false	true	false		false				Anton Van de Putte	https://orcid.org/0000-0003-1336-5554	true	RMT setup is described in Baker, A. de C., M. R. Clarke, and M. J. Harris. ""The NIO combination net (RMT 1+ 8) and further developments of rectangular midwater trawls."" Journal of the Marine Biological Association of the United Kingdom 53.1 (1973): 167-184. | Towing speed is 4.5 km/h as stated in samplingEffortValue and samplingEffortUnit.		4.5	km/h			
BROKE_WEST_RMT_009_RMT8	BROKE_WEST_RMT_009_RMT8	1	sampling station		RMT_009									not reported		false		false		true	false					survey only		restricted search taxonomic inventory process	target trawls on acoustically detected aggregations		Kawaguchi S., Nicol S., Virtue P., Davenport S., Casper R., Swadling K., Hosie G.W., 2010. Krill demography and large scale distribution in the Western Indian Ocean sector of the Southern Ocean (CCAMLR Division 58.4.2) in Austral summer of 2006. Deep-Sea Research II 57 (9–10), 934–947.	false	false		false	true	false		false		13815.18	m3	Anton Van de Putte	https://orcid.org/0000-0003-1336-5554	true	RMT setup is described in Baker, A. de C., M. R. Clarke, and M. J. Harris. ""The NIO combination net (RMT 1+ 8) and further developments of rectangular midwater trawls."" Journal of the Marine Biological Association of the United Kingdom 53.1 (1973): 167-184. | Towing speed is 4.5 km/h as stated in samplingEffortValue and samplingEffortUnit.		4.5	km/h			
BROKE_WEST_RMT_010_RMT1	BROKE_WEST_RMT_010_RMT1	1	sampling station		RMT_010									not reported		false		false		true	false					survey only		restricted search taxonomic inventory process	Pre-planned routine hauls with standard double oblique tow		Kawaguchi S., Nicol S., Virtue P., Davenport S., Casper R., Swadling K., Hosie G.W., 2010. Krill demography and large scale distribution in the Western Indian Ocean sector of the Southern Ocean (CCAMLR Division 58.4.2) in Austral summer of 2006. Deep-Sea Research II 57 (9–10), 934–947.	false	false		false	true	false		false				Anton Van de Putte	https://orcid.org/0000-0003-1336-5554	true	RMT setup is described in Baker, A. de C., M. R. Clarke, and M. J. Harris. ""The NIO combination net (RMT 1+ 8) and further developments of rectangular midwater trawls."" Journal of the Marine Biological Association of the United Kingdom 53.1 (1973): 167-184. | Towing speed is 4.5 km/h as stated in samplingEffortValue and samplingEffortUnit.		4.5	km/h			
BROKE_WEST_RMT_010_RMT8	BROKE_WEST_RMT_010_RMT8	1	sampling station		RMT_010									not reported		false		false		true	false					survey only		restricted search taxonomic inventory process	Pre-planned routine hauls with standard double oblique tow		Kawaguchi S., Nicol S., Virtue P., Davenport S., Casper R., Swadling K., Hosie G.W., 2010. Krill demography and large scale distribution in the Western Indian Ocean sector of the Southern Ocean (CCAMLR Division 58.4.2) in Austral summer of 2006. Deep-Sea Research II 57 (9–10), 934–947.	false	false		false	true	false		false		35601.26	m3	Anton Van de Putte	https://orcid.org/0000-0003-1336-5554	true	RMT setup is described in Baker, A. de C., M. R. Clarke, and M. J. Harris. ""The NIO combination net (RMT 1+ 8) and further developments of rectangular midwater trawls."" Journal of the Marine Biological Association of the United Kingdom 53.1 (1973): 167-184. | Towing speed is 4.5 km/h as stated in samplingEffortValue and samplingEffortUnit.		4.5	km/h			
BROKE_WEST_RMT_011_RMT1	BROKE_WEST_RMT_011_RMT1	1	sampling station		RMT_011									not reported		false		false		true	false					survey only		restricted search taxonomic inventory process	Pre-planned routine hauls with standard double oblique tow		Kawaguchi S., Nicol S., Virtue P., Davenport S., Casper R., Swadling K., Hosie G.W., 2010. Krill demography and large scale distribution in the Western Indian Ocean sector of the Southern Ocean (CCAMLR Division 58.4.2) in Austral summer of 2006. Deep-Sea Research II 57 (9–10), 934–947.	false	false		false	true	false		false				Anton Van de Putte	https://orcid.org/0000-0003-1336-5554	true	RMT setup is described in Baker, A. de C., M. R. Clarke, and M. J. Harris. ""The NIO combination net (RMT 1+ 8) and further developments of rectangular midwater trawls."" Journal of the Marine Biological Association of the United Kingdom 53.1 (1973): 167-184. | Towing speed is 4.5 km/h as stated in samplingEffortValue and samplingEffortUnit.		4.5	km/h			
BROKE_WEST_RMT_011_RMT8	BROKE_WEST_RMT_011_RMT8	1	sampling station		RMT_011									not reported		false		false		true	false					survey only		restricted search taxonomic inventory process	Pre-planned routine hauls with standard double oblique tow		Kawaguchi S., Nicol S., Virtue P., Davenport S., Casper R., Swadling K., Hosie G.W., 2010. Krill demography and large scale distribution in the Western Indian Ocean sector of the Southern Ocean (CCAMLR Division 58.4.2) in Austral summer of 2006. Deep-Sea Research II 57 (9–10), 934–947.	false	false		false	true	false		false		43118.45	m3	Anton Van de Putte	https://orcid.org/0000-0003-1336-5554	true	RMT setup is described in Baker, A. de C., M. R. Clarke, and M. J. Harris. ""The NIO combination net (RMT 1+ 8) and further developments of rectangular midwater trawls."" Journal of the Marine Biological Association of the United Kingdom 53.1 (1973): 167-184. | Towing speed is 4.5 km/h as stated in samplingEffortValue and samplingEffortUnit.		4.5	km/h			
BROKE_WEST_RMT_012_RMT1	BROKE_WEST_RMT_012_RMT1	1	sampling station		RMT_012									not reported		false		false		true	false					survey only		restricted search taxonomic inventory process	target trawls on acoustically detected aggregations		Kawaguchi S., Nicol S., Virtue P., Davenport S., Casper R., Swadling K., Hosie G.W., 2010. Krill demography and large scale distribution in the Western Indian Ocean sector of the Southern Ocean (CCAMLR Division 58.4.2) in Austral summer of 2006. Deep-Sea Research II 57 (9–10), 934–947.	false	false		false	true	false		false				Anton Van de Putte	https://orcid.org/0000-0003-1336-5554	true	RMT setup is described in Baker, A. de C., M. R. Clarke, and M. J. Harris. ""The NIO combination net (RMT 1+ 8) and further developments of rectangular midwater trawls."" Journal of the Marine Biological Association of the United Kingdom 53.1 (1973): 167-184. | Towing speed is 4.5 km/h as stated in samplingEffortValue and samplingEffortUnit.		4.5	km/h			
BROKE_WEST_RMT_012_RMT8	BROKE_WEST_RMT_012_RMT8	1	sampling station		RMT_012									not reported		false		false		true	false					survey only		restricted search taxonomic inventory process	target trawls on acoustically detected aggregations		Kawaguchi S., Nicol S., Virtue P., Davenport S., Casper R., Swadling K., Hosie G.W., 2010. Krill demography and large scale distribution in the Western Indian Ocean sector of the Southern Ocean (CCAMLR Division 58.4.2) in Austral summer of 2006. Deep-Sea Research II 57 (9–10), 934–947.	false	false		false	true	false		false		7421.39	m3	Anton Van de Putte	https://orcid.org/0000-0003-1336-5554	true	RMT setup is described in Baker, A. de C., M. R. Clarke, and M. J. Harris. ""The NIO combination net (RMT 1+ 8) and further developments of rectangular midwater trawls."" Journal of the Marine Biological Association of the United Kingdom 53.1 (1973): 167-184. | Towing speed is 4.5 km/h as stated in samplingEffortValue and samplingEffortUnit.		4.5	km/h			
BROKE_WEST_RMT_013_RMT1	BROKE_WEST_RMT_013_RMT1	1	sampling station		RMT_013									not reported		false		false		true	false					survey only		restricted search taxonomic inventory process	target trawls on acoustically detected aggregations		Kawaguchi S., Nicol S., Virtue P., Davenport S., Casper R., Swadling K., Hosie G.W., 2010. Krill demography and large scale distribution in the Western Indian Ocean sector of the Southern Ocean (CCAMLR Division 58.4.2) in Austral summer of 2006. Deep-Sea Research II 57 (9–10), 934–947.	false	false		false	true	false		false				Anton Van de Putte	https://orcid.org/0000-0003-1336-5554	true	RMT setup is described in Baker, A. de C., M. R. Clarke, and M. J. Harris. ""The NIO combination net (RMT 1+ 8) and further developments of rectangular midwater trawls."" Journal of the Marine Biological Association of the United Kingdom 53.1 (1973): 167-184. | Towing speed is 4.5 km/h as stated in samplingEffortValue and samplingEffortUnit.		4.5	km/h			
BROKE_WEST_RMT_013_RMT8	BROKE_WEST_RMT_013_RMT8	1	sampling station		RMT_013									not reported		false		false		true	false					survey only		restricted search taxonomic inventory process	target trawls on acoustically detected aggregations		Kawaguchi S., Nicol S., Virtue P., Davenport S., Casper R., Swadling K., Hosie G.W., 2010. Krill demography and large scale distribution in the Western Indian Ocean sector of the Southern Ocean (CCAMLR Division 58.4.2) in Austral summer of 2006. Deep-Sea Research II 57 (9–10), 934–947.	false	false		false	true	false		false		5507.61	m3	Anton Van de Putte	https://orcid.org/0000-0003-1336-5554	true	RMT setup is described in Baker, A. de C., M. R. Clarke, and M. J. Harris. ""The NIO combination net (RMT 1+ 8) and further developments of rectangular midwater trawls."" Journal of the Marine Biological Association of the United Kingdom 53.1 (1973): 167-184. | Towing speed is 4.5 km/h as stated in samplingEffortValue and samplingEffortUnit.		4.5	km/h			
BROKE_WEST_RMT_014_RMT1	BROKE_WEST_RMT_014_RMT1	1	sampling station		RMT_014									not reported		false		false		true	false					survey only		restricted search taxonomic inventory process	target trawls on acoustically detected aggregations		Kawaguchi S., Nicol S., Virtue P., Davenport S., Casper R., Swadling K., Hosie G.W., 2010. Krill demography and large scale distribution in the Western Indian Ocean sector of the Southern Ocean (CCAMLR Division 58.4.2) in Austral summer of 2006. Deep-Sea Research II 57 (9–10), 934–947.	false	false		false	true	false		false				Anton Van de Putte	https://orcid.org/0000-0003-1336-5554	true	RMT setup is described in Baker, A. de C., M. R. Clarke, and M. J. Harris. ""The NIO combination net (RMT 1+ 8) and further developments of rectangular midwater trawls."" Journal of the Marine Biological Association of the United Kingdom 53.1 (1973): 167-184. | Towing speed is 4.5 km/h as stated in samplingEffortValue and samplingEffortUnit.		4.5	km/h			
BROKE_WEST_RMT_014_RMT8	BROKE_WEST_RMT_014_RMT8	1	sampling station		RMT_014									not reported		false		false		true	false					survey only		restricted search taxonomic inventory process	target trawls on acoustically detected aggregations		Kawaguchi S., Nicol S., Virtue P., Davenport S., Casper R., Swadling K., Hosie G.W., 2010. Krill demography and large scale distribution in the Western Indian Ocean sector of the Southern Ocean (CCAMLR Division 58.4.2) in Austral summer of 2006. Deep-Sea Research II 57 (9–10), 934–947.	false	false		false	true	false		false		7285.69	m3	Anton Van de Putte	https://orcid.org/0000-0003-1336-5554	true	RMT setup is described in Baker, A. de C., M. R. Clarke, and M. J. Harris. ""The NIO combination net (RMT 1+ 8) and further developments of rectangular midwater trawls."" Journal of the Marine Biological Association of the United Kingdom 53.1 (1973): 167-184. | Towing speed is 4.5 km/h as stated in samplingEffortValue and samplingEffortUnit.		4.5	km/h			
BROKE_WEST_RMT_015_RMT1	BROKE_WEST_RMT_015_RMT1	1	sampling station		RMT_015									not reported		false		false		true	false					survey only		restricted search taxonomic inventory process	target trawls on acoustically detected aggregations		Kawaguchi S., Nicol S., Virtue P., Davenport S., Casper R., Swadling K., Hosie G.W., 2010. Krill demography and large scale distribution in the Western Indian Ocean sector of the Southern Ocean (CCAMLR Division 58.4.2) in Austral summer of 2006. Deep-Sea Research II 57 (9–10), 934–947.	false	false		false	true	false		false				Anton Van de Putte	https://orcid.org/0000-0003-1336-5554	true	RMT setup is described in Baker, A. de C., M. R. Clarke, and M. J. Harris. ""The NIO combination net (RMT 1+ 8) and further developments of rectangular midwater trawls."" Journal of the Marine Biological Association of the United Kingdom 53.1 (1973): 167-184. | Towing speed is 4.5 km/h as stated in samplingEffortValue and samplingEffortUnit.		4.5	km/h			
BROKE_WEST_RMT_015_RMT8	BROKE_WEST_RMT_015_RMT8	1	sampling station		RMT_015									not reported		false		false		true	false					survey only		restricted search taxonomic inventory process	target trawls on acoustically detected aggregations		Kawaguchi S., Nicol S., Virtue P., Davenport S., Casper R., Swadling K., Hosie G.W., 2010. Krill demography and large scale distribution in the Western Indian Ocean sector of the Southern Ocean (CCAMLR Division 58.4.2) in Austral summer of 2006. Deep-Sea Research II 57 (9–10), 934–947.	false	false		false	true	false		false		15164.44	m3	Anton Van de Putte	https://orcid.org/0000-0003-1336-5554	true	RMT setup is described in Baker, A. de C., M. R. Clarke, and M. J. Harris. ""The NIO combination net (RMT 1+ 8) and further developments of rectangular midwater trawls."" Journal of the Marine Biological Association of the United Kingdom 53.1 (1973): 167-184. | Towing speed is 4.5 km/h as stated in samplingEffortValue and samplingEffortUnit.		4.5	km/h			
BROKE_WEST_RMT_016_RMT1	BROKE_WEST_RMT_016_RMT1	1	sampling station		RMT_016									not reported		false		false		true	false					survey only		restricted search taxonomic inventory process	target trawls on acoustically detected aggregations		Kawaguchi S., Nicol S., Virtue P., Davenport S., Casper R., Swadling K., Hosie G.W., 2010. Krill demography and large scale distribution in the Western Indian Ocean sector of the Southern Ocean (CCAMLR Division 58.4.2) in Austral summer of 2006. Deep-Sea Research II 57 (9–10), 934–947.	false	false		false	true	false		false				Anton Van de Putte	https://orcid.org/0000-0003-1336-5554	true	RMT setup is described in Baker, A. de C., M. R. Clarke, and M. J. Harris. ""The NIO combination net (RMT 1+ 8) and further developments of rectangular midwater trawls."" Journal of the Marine Biological Association of the United Kingdom 53.1 (1973): 167-184. | Towing speed is 4.5 km/h as stated in samplingEffortValue and samplingEffortUnit.		4.5	km/h			
BROKE_WEST_RMT_016_RMT8	BROKE_WEST_RMT_016_RMT8	1	sampling station		RMT_016									not reported		false		false		true	false					survey only		restricted search taxonomic inventory process	target trawls on acoustically detected aggregations		Kawaguchi S., Nicol S., Virtue P., Davenport S., Casper R., Swadling K., Hosie G.W., 2010. Krill demography and large scale distribution in the Western Indian Ocean sector of the Southern Ocean (CCAMLR Division 58.4.2) in Austral summer of 2006. Deep-Sea Research II 57 (9–10), 934–947.	false	false		false	true	false		false		16115.1	m3	Anton Van de Putte	https://orcid.org/0000-0003-1336-5554	true	RMT setup is described in Baker, A. de C., M. R. Clarke, and M. J. Harris. ""The NIO combination net (RMT 1+ 8) and further developments of rectangular midwater trawls."" Journal of the Marine Biological Association of the United Kingdom 53.1 (1973): 167-184. | Towing speed is 4.5 km/h as stated in samplingEffortValue and samplingEffortUnit.		4.5	km/h			
BROKE_WEST_RMT_017_RMT1	BROKE_WEST_RMT_017_RMT1	1	sampling station		RMT_017									not reported		false		false		true	false					survey only		restricted search taxonomic inventory process	Pre-planned routine hauls with standard double oblique tow		Kawaguchi S., Nicol S., Virtue P., Davenport S., Casper R., Swadling K., Hosie G.W., 2010. Krill demography and large scale distribution in the Western Indian Ocean sector of the Southern Ocean (CCAMLR Division 58.4.2) in Austral summer of 2006. Deep-Sea Research II 57 (9–10), 934–947.	false	false		false	true	false		false				Anton Van de Putte	https://orcid.org/0000-0003-1336-5554	true	RMT setup is described in Baker, A. de C., M. R. Clarke, and M. J. Harris. ""The NIO combination net (RMT 1+ 8) and further developments of rectangular midwater trawls."" Journal of the Marine Biological Association of the United Kingdom 53.1 (1973): 167-184. | Towing speed is 4.5 km/h as stated in samplingEffortValue and samplingEffortUnit.		4.5	km/h			
BROKE_WEST_RMT_017_RMT8	BROKE_WEST_RMT_017_RMT8	1	sampling station		RMT_017									not reported		false		false		true	false					survey only		restricted search taxonomic inventory process	Pre-planned routine hauls with standard double oblique tow		Kawaguchi S., Nicol S., Virtue P., Davenport S., Casper R., Swadling K., Hosie G.W., 2010. Krill demography and large scale distribution in the Western Indian Ocean sector of the Southern Ocean (CCAMLR Division 58.4.2) in Austral summer of 2006. Deep-Sea Research II 57 (9–10), 934–947.	false	false		false	true	false		false		30320.42	m3	Anton Van de Putte	https://orcid.org/0000-0003-1336-5554	true	RMT setup is described in Baker, A. de C., M. R. Clarke, and M. J. Harris. ""The NIO combination net (RMT 1+ 8) and further developments of rectangular midwater trawls."" Journal of the Marine Biological Association of the United Kingdom 53.1 (1973): 167-184. | Towing speed is 4.5 km/h as stated in samplingEffortValue and samplingEffortUnit.		4.5	km/h			
BROKE_WEST_RMT_018_RMT1	BROKE_WEST_RMT_018_RMT1	1	sampling station		RMT_018									not reported		false		false		true	false					survey only		restricted search taxonomic inventory process	Pre-planned routine hauls with standard double oblique tow		Kawaguchi S., Nicol S., Virtue P., Davenport S., Casper R., Swadling K., Hosie G.W., 2010. Krill demography and large scale distribution in the Western Indian Ocean sector of the Southern Ocean (CCAMLR Division 58.4.2) in Austral summer of 2006. Deep-Sea Research II 57 (9–10), 934–947.	false	false		false	true	false		false				Anton Van de Putte	https://orcid.org/0000-0003-1336-5554	true	RMT setup is described in Baker, A. de C., M. R. Clarke, and M. J. Harris. ""The NIO combination net (RMT 1+ 8) and further developments of rectangular midwater trawls."" Journal of the Marine Biological Association of the United Kingdom 53.1 (1973): 167-184. | Towing speed is 4.5 km/h as stated in samplingEffortValue and samplingEffortUnit.		4.5	km/h			
BROKE_WEST_RMT_018_RMT8	BROKE_WEST_RMT_018_RMT8	1	sampling station		RMT_018									not reported		false		false		true	false					survey only		restricted search taxonomic inventory process	Pre-planned routine hauls with standard double oblique tow		Kawaguchi S., Nicol S., Virtue P., Davenport S., Casper R., Swadling K., Hosie G.W., 2010. Krill demography and large scale distribution in the Western Indian Ocean sector of the Southern Ocean (CCAMLR Division 58.4.2) in Austral summer of 2006. Deep-Sea Research II 57 (9–10), 934–947.	false	false		false	true	false		false		44665.95	m3	Anton Van de Putte	https://orcid.org/0000-0003-1336-5554	true	RMT setup is described in Baker, A. de C., M. R. Clarke, and M. J. Harris. ""The NIO combination net (RMT 1+ 8) and further developments of rectangular midwater trawls."" Journal of the Marine Biological Association of the United Kingdom 53.1 (1973): 167-184. | Towing speed is 4.5 km/h as stated in samplingEffortValue and samplingEffortUnit.		4.5	km/h			
BROKE_WEST_RMT_019_RMT1	BROKE_WEST_RMT_019_RMT1	1	sampling station		RMT_019									not reported		false		false		true	false					survey only		restricted search taxonomic inventory process	Pre-planned routine hauls with standard double oblique tow		Kawaguchi S., Nicol S., Virtue P., Davenport S., Casper R., Swadling K., Hosie G.W., 2010. Krill demography and large scale distribution in the Western Indian Ocean sector of the Southern Ocean (CCAMLR Division 58.4.2) in Austral summer of 2006. Deep-Sea Research II 57 (9–10), 934–947.	false	false		false	true	false		false				Anton Van de Putte	https://orcid.org/0000-0003-1336-5554	true	RMT setup is described in Baker, A. de C., M. R. Clarke, and M. J. Harris. ""The NIO combination net (RMT 1+ 8) and further developments of rectangular midwater trawls."" Journal of the Marine Biological Association of the United Kingdom 53.1 (1973): 167-184. | Towing speed is 4.5 km/h as stated in samplingEffortValue and samplingEffortUnit.		4.5	km/h			
BROKE_WEST_RMT_019_RMT8	BROKE_WEST_RMT_019_RMT8	1	sampling station		RMT_019									not reported		false		false		true	false					survey only		restricted search taxonomic inventory process	Pre-planned routine hauls with standard double oblique tow		Kawaguchi S., Nicol S., Virtue P., Davenport S., Casper R., Swadling K., Hosie G.W., 2010. Krill demography and large scale distribution in the Western Indian Ocean sector of the Southern Ocean (CCAMLR Division 58.4.2) in Austral summer of 2006. Deep-Sea Research II 57 (9–10), 934–947.	false	false		false	true	false		false		37855.9	m3	Anton Van de Putte	https://orcid.org/0000-0003-1336-5554	true	RMT setup is described in Baker, A. de C., M. R. Clarke, and M. J. Harris. ""The NIO combination net (RMT 1+ 8) and further developments of rectangular midwater trawls."" Journal of the Marine Biological Association of the United Kingdom 53.1 (1973): 167-184. | Towing speed is 4.5 km/h as stated in samplingEffortValue and samplingEffortUnit.		4.5	km/h			
BROKE_WEST_RMT_020_RMT1	BROKE_WEST_RMT_020_RMT1	1	sampling station		RMT_020									not reported		false		false		true	false					survey only		restricted search taxonomic inventory process	Pre-planned routine hauls with standard double oblique tow		Kawaguchi S., Nicol S., Virtue P., Davenport S., Casper R., Swadling K., Hosie G.W., 2010. Krill demography and large scale distribution in the Western Indian Ocean sector of the Southern Ocean (CCAMLR Division 58.4.2) in Austral summer of 2006. Deep-Sea Research II 57 (9–10), 934–947.	false	false		false	true	false		false				Anton Van de Putte	https://orcid.org/0000-0003-1336-5554	true	RMT setup is described in Baker, A. de C., M. R. Clarke, and M. J. Harris. ""The NIO combination net (RMT 1+ 8) and further developments of rectangular midwater trawls."" Journal of the Marine Biological Association of the United Kingdom 53.1 (1973): 167-184. | Towing speed is 4.5 km/h as stated in samplingEffortValue and samplingEffortUnit.		4.5	km/h			
BROKE_WEST_RMT_020_RMT8	BROKE_WEST_RMT_020_RMT8	1	sampling station		RMT_020									not reported		false		false		true	false					survey only		restricted search taxonomic inventory process	Pre-planned routine hauls with standard double oblique tow		Kawaguchi S., Nicol S., Virtue P., Davenport S., Casper R., Swadling K., Hosie G.W., 2010. Krill demography and large scale distribution in the Western Indian Ocean sector of the Southern Ocean (CCAMLR Division 58.4.2) in Austral summer of 2006. Deep-Sea Research II 57 (9–10), 934–947.	false	false		false	true	false		false		40775.86	m3	Anton Van de Putte	https://orcid.org/0000-0003-1336-5554	true	RMT setup is described in Baker, A. de C., M. R. Clarke, and M. J. Harris. ""The NIO combination net (RMT 1+ 8) and further developments of rectangular midwater trawls."" Journal of the Marine Biological Association of the United Kingdom 53.1 (1973): 167-184. | Towing speed is 4.5 km/h as stated in samplingEffortValue and samplingEffortUnit.		4.5	km/h			
BROKE_WEST_RMT_021_RMT1	BROKE_WEST_RMT_021_RMT1	1	sampling station		RMT_021									not reported		false		false		true	false					survey only		restricted search taxonomic inventory process	target trawls on acoustically detected aggregations		Kawaguchi S., Nicol S., Virtue P., Davenport S., Casper R., Swadling K., Hosie G.W., 2010. Krill demography and large scale distribution in the Western Indian Ocean sector of the Southern Ocean (CCAMLR Division 58.4.2) in Austral summer of 2006. Deep-Sea Research II 57 (9–10), 934–947.	false	false		false	true	false		false				Anton Van de Putte	https://orcid.org/0000-0003-1336-5554	true	RMT setup is described in Baker, A. de C., M. R. Clarke, and M. J. Harris. ""The NIO combination net (RMT 1+ 8) and further developments of rectangular midwater trawls."" Journal of the Marine Biological Association of the United Kingdom 53.1 (1973): 167-184. | Towing speed is 4.5 km/h as stated in samplingEffortValue and samplingEffortUnit.		4.5	km/h			
BROKE_WEST_RMT_021_RMT8	BROKE_WEST_RMT_021_RMT8	1	sampling station		RMT_021									not reported		false		false		true	false					survey only		restricted search taxonomic inventory process	target trawls on acoustically detected aggregations		Kawaguchi S., Nicol S., Virtue P., Davenport S., Casper R., Swadling K., Hosie G.W., 2010. Krill demography and large scale distribution in the Western Indian Ocean sector of the Southern Ocean (CCAMLR Division 58.4.2) in Austral summer of 2006. Deep-Sea Research II 57 (9–10), 934–947.	false	false		false	true	false		false		19900.69	m3	Anton Van de Putte	https://orcid.org/0000-0003-1336-5554	true	RMT setup is described in Baker, A. de C., M. R. Clarke, and M. J. Harris. ""The NIO combination net (RMT 1+ 8) and further developments of rectangular midwater trawls."" Journal of the Marine Biological Association of the United Kingdom 53.1 (1973): 167-184. | Towing speed is 4.5 km/h as stated in samplingEffortValue and samplingEffortUnit.		4.5	km/h			
BROKE_WEST_RMT_022_RMT1	BROKE_WEST_RMT_022_RMT1	1	sampling station		RMT_022									not reported		false		false		true	false					survey only		restricted search taxonomic inventory process	target trawls on acoustically detected aggregations		Kawaguchi S., Nicol S., Virtue P., Davenport S., Casper R., Swadling K., Hosie G.W., 2010. Krill demography and large scale distribution in the Western Indian Ocean sector of the Southern Ocean (CCAMLR Division 58.4.2) in Austral summer of 2006. Deep-Sea Research II 57 (9–10), 934–947.	false	false		false	true	false		false				Anton Van de Putte	https://orcid.org/0000-0003-1336-5554	true	RMT setup is described in Baker, A. de C., M. R. Clarke, and M. J. Harris. ""The NIO combination net (RMT 1+ 8) and further developments of rectangular midwater trawls."" Journal of the Marine Biological Association of the United Kingdom 53.1 (1973): 167-184. | Towing speed is 4.5 km/h as stated in samplingEffortValue and samplingEffortUnit.		4.5	km/h			
BROKE_WEST_RMT_022_RMT8	BROKE_WEST_RMT_022_RMT8	1	sampling station		RMT_022									not reported		false		false		true	false					survey only		restricted search taxonomic inventory process	target trawls on acoustically detected aggregations		Kawaguchi S., Nicol S., Virtue P., Davenport S., Casper R., Swadling K., Hosie G.W., 2010. Krill demography and large scale distribution in the Western Indian Ocean sector of the Southern Ocean (CCAMLR Division 58.4.2) in Austral summer of 2006. Deep-Sea Research II 57 (9–10), 934–947.	false	false		false	true	false		false		26567.05	m3	Anton Van de Putte	https://orcid.org/0000-0003-1336-5554	true	RMT setup is described in Baker, A. de C., M. R. Clarke, and M. J. Harris. ""The NIO combination net (RMT 1+ 8) and further developments of rectangular midwater trawls."" Journal of the Marine Biological Association of the United Kingdom 53.1 (1973): 167-184. | Towing speed is 4.5 km/h as stated in samplingEffortValue and samplingEffortUnit.		4.5	km/h			
BROKE_WEST_RMT_023_RMT1	BROKE_WEST_RMT_023_RMT1	1	sampling station		RMT_023									not reported		false		false		true	false					survey only		restricted search taxonomic inventory process	target trawls on acoustically detected aggregations		Kawaguchi S., Nicol S., Virtue P., Davenport S., Casper R., Swadling K., Hosie G.W., 2010. Krill demography and large scale distribution in the Western Indian Ocean sector of the Southern Ocean (CCAMLR Division 58.4.2) in Austral summer of 2006. Deep-Sea Research II 57 (9–10), 934–947.	false	false		false	true	false		false				Anton Van de Putte	https://orcid.org/0000-0003-1336-5554	true	RMT setup is described in Baker, A. de C., M. R. Clarke, and M. J. Harris. ""The NIO combination net (RMT 1+ 8) and further developments of rectangular midwater trawls."" Journal of the Marine Biological Association of the United Kingdom 53.1 (1973): 167-184. | Towing speed is 4.5 km/h as stated in samplingEffortValue and samplingEffortUnit.		4.5	km/h			
BROKE_WEST_RMT_023_RMT8	BROKE_WEST_RMT_023_RMT8	1	sampling station		RMT_023									not reported		false		false		true	false					survey only		restricted search taxonomic inventory process	target trawls on acoustically detected aggregations		Kawaguchi S., Nicol S., Virtue P., Davenport S., Casper R., Swadling K., Hosie G.W., 2010. Krill demography and large scale distribution in the Western Indian Ocean sector of the Southern Ocean (CCAMLR Division 58.4.2) in Austral summer of 2006. Deep-Sea Research II 57 (9–10), 934–947.	false	false		false	true	false		false		9403.45	m3	Anton Van de Putte	https://orcid.org/0000-0003-1336-5554	true	RMT setup is described in Baker, A. de C., M. R. Clarke, and M. J. Harris. ""The NIO combination net (RMT 1+ 8) and further developments of rectangular midwater trawls."" Journal of the Marine Biological Association of the United Kingdom 53.1 (1973): 167-184. | Towing speed is 4.5 km/h as stated in samplingEffortValue and samplingEffortUnit.		4.5	km/h			
BROKE_WEST_RMT_024_RMT1	BROKE_WEST_RMT_024_RMT1	1	sampling station		RMT_024									not reported		false		false		true	false					survey only		restricted search taxonomic inventory process	target trawls on acoustically detected aggregations		Kawaguchi S., Nicol S., Virtue P., Davenport S., Casper R., Swadling K., Hosie G.W., 2010. Krill demography and large scale distribution in the Western Indian Ocean sector of the Southern Ocean (CCAMLR Division 58.4.2) in Austral summer of 2006. Deep-Sea Research II 57 (9–10), 934–947.	false	false		false	true	false		false				Anton Van de Putte	https://orcid.org/0000-0003-1336-5554	true	RMT setup is described in Baker, A. de C., M. R. Clarke, and M. J. Harris. ""The NIO combination net (RMT 1+ 8) and further developments of rectangular midwater trawls."" Journal of the Marine Biological Association of the United Kingdom 53.1 (1973): 167-184. | Towing speed is 4.5 km/h as stated in samplingEffortValue and samplingEffortUnit.		4.5	km/h			
BROKE_WEST_RMT_024_RMT8	BROKE_WEST_RMT_024_RMT8	1	sampling station		RMT_024									not reported		false		false		true	false					survey only		restricted search taxonomic inventory process	target trawls on acoustically detected aggregations		Kawaguchi S., Nicol S., Virtue P., Davenport S., Casper R., Swadling K., Hosie G.W., 2010. Krill demography and large scale distribution in the Western Indian Ocean sector of the Southern Ocean (CCAMLR Division 58.4.2) in Austral summer of 2006. Deep-Sea Research II 57 (9–10), 934–947.	false	false		false	true	false		false		11893.21	m3	Anton Van de Putte	https://orcid.org/0000-0003-1336-5554	true	RMT setup is described in Baker, A. de C., M. R. Clarke, and M. J. Harris. ""The NIO combination net (RMT 1+ 8) and further developments of rectangular midwater trawls."" Journal of the Marine Biological Association of the United Kingdom 53.1 (1973): 167-184. | Towing speed is 4.5 km/h as stated in samplingEffortValue and samplingEffortUnit.		4.5	km/h			
BROKE_WEST_RMT_025_RMT1	BROKE_WEST_RMT_025_RMT1	1	sampling station		RMT_025									not reported		false		false		true	false					survey only		restricted search taxonomic inventory process	target trawls on acoustically detected aggregations		Kawaguchi S., Nicol S., Virtue P., Davenport S., Casper R., Swadling K., Hosie G.W., 2010. Krill demography and large scale distribution in the Western Indian Ocean sector of the Southern Ocean (CCAMLR Division 58.4.2) in Austral summer of 2006. Deep-Sea Research II 57 (9–10), 934–947.	false	false		false	true	false		false				Anton Van de Putte	https://orcid.org/0000-0003-1336-5554	true	RMT setup is described in Baker, A. de C., M. R. Clarke, and M. J. Harris. ""The NIO combination net (RMT 1+ 8) and further developments of rectangular midwater trawls."" Journal of the Marine Biological Association of the United Kingdom 53.1 (1973): 167-184. | Towing speed is 4.5 km/h as stated in samplingEffortValue and samplingEffortUnit.		4.5	km/h			
BROKE_WEST_RMT_025_RMT8	BROKE_WEST_RMT_025_RMT8	1	sampling station		RMT_025									not reported		false		false		true	false					survey only		restricted search taxonomic inventory process	target trawls on acoustically detected aggregations		Kawaguchi S., Nicol S., Virtue P., Davenport S., Casper R., Swadling K., Hosie G.W., 2010. Krill demography and large scale distribution in the Western Indian Ocean sector of the Southern Ocean (CCAMLR Division 58.4.2) in Austral summer of 2006. Deep-Sea Research II 57 (9–10), 934–947.	false	false		false	true	false		false		10259.38	m3	Anton Van de Putte	https://orcid.org/0000-0003-1336-5554	true	RMT setup is described in Baker, A. de C., M. R. Clarke, and M. J. Harris. ""The NIO combination net (RMT 1+ 8) and further developments of rectangular midwater trawls."" Journal of the Marine Biological Association of the United Kingdom 53.1 (1973): 167-184. | Towing speed is 4.5 km/h as stated in samplingEffortValue and samplingEffortUnit.		4.5	km/h			
BROKE_WEST_RMT_026_RMT1	BROKE_WEST_RMT_026_RMT1	1	sampling station		RMT_026									not reported		false		false		true	false					survey only		restricted search taxonomic inventory process	target trawls on acoustically detected aggregations		Kawaguchi S., Nicol S., Virtue P., Davenport S., Casper R., Swadling K., Hosie G.W., 2010. Krill demography and large scale distribution in the Western Indian Ocean sector of the Southern Ocean (CCAMLR Division 58.4.2) in Austral summer of 2006. Deep-Sea Research II 57 (9–10), 934–947.	false	false		false	true	false		false				Anton Van de Putte	https://orcid.org/0000-0003-1336-5554	true	RMT setup is described in Baker, A. de C., M. R. Clarke, and M. J. Harris. ""The NIO combination net (RMT 1+ 8) and further developments of rectangular midwater trawls."" Journal of the Marine Biological Association of the United Kingdom 53.1 (1973): 167-184. | Towing speed is 4.5 km/h as stated in samplingEffortValue and samplingEffortUnit.		4.5	km/h			
BROKE_WEST_RMT_026_RMT8	BROKE_WEST_RMT_026_RMT8	1	sampling station		RMT_026									not reported		false		false		true	false					survey only		restricted search taxonomic inventory process	target trawls on acoustically detected aggregations		Kawaguchi S., Nicol S., Virtue P., Davenport S., Casper R., Swadling K., Hosie G.W., 2010. Krill demography and large scale distribution in the Western Indian Ocean sector of the Southern Ocean (CCAMLR Division 58.4.2) in Austral summer of 2006. Deep-Sea Research II 57 (9–10), 934–947.	false	false		false	true	false		false		10888.25	m3	Anton Van de Putte	https://orcid.org/0000-0003-1336-5554	true	RMT setup is described in Baker, A. de C., M. R. Clarke, and M. J. Harris. ""The NIO combination net (RMT 1+ 8) and further developments of rectangular midwater trawls."" Journal of the Marine Biological Association of the United Kingdom 53.1 (1973): 167-184. | Towing speed is 4.5 km/h as stated in samplingEffortValue and samplingEffortUnit.		4.5	km/h			
BROKE_WEST_RMT_027_RMT1	BROKE_WEST_RMT_027_RMT1	1	sampling station		RMT_027									not reported		false		false		true	false					survey only		restricted search taxonomic inventory process	target trawls on acoustically detected aggregations		Kawaguchi S., Nicol S., Virtue P., Davenport S., Casper R., Swadling K., Hosie G.W., 2010. Krill demography and large scale distribution in the Western Indian Ocean sector of the Southern Ocean (CCAMLR Division 58.4.2) in Austral summer of 2006. Deep-Sea Research II 57 (9–10), 934–947.	false	false		false	true	false		false				Anton Van de Putte	https://orcid.org/0000-0003-1336-5554	true	RMT setup is described in Baker, A. de C., M. R. Clarke, and M. J. Harris. ""The NIO combination net (RMT 1+ 8) and further developments of rectangular midwater trawls."" Journal of the Marine Biological Association of the United Kingdom 53.1 (1973): 167-184. | Towing speed is 4.5 km/h as stated in samplingEffortValue and samplingEffortUnit.		4.5	km/h			
BROKE_WEST_RMT_027_RMT8	BROKE_WEST_RMT_027_RMT8	1	sampling station		RMT_027									not reported		false		false		true	false					survey only		restricted search taxonomic inventory process	target trawls on acoustically detected aggregations		Kawaguchi S., Nicol S., Virtue P., Davenport S., Casper R., Swadling K., Hosie G.W., 2010. Krill demography and large scale distribution in the Western Indian Ocean sector of the Southern Ocean (CCAMLR Division 58.4.2) in Austral summer of 2006. Deep-Sea Research II 57 (9–10), 934–947.	false	false		false	true	false		false		11008.43	m3	Anton Van de Putte	https://orcid.org/0000-0003-1336-5554	true	RMT setup is described in Baker, A. de C., M. R. Clarke, and M. J. Harris. ""The NIO combination net (RMT 1+ 8) and further developments of rectangular midwater trawls."" Journal of the Marine Biological Association of the United Kingdom 53.1 (1973): 167-184. | Towing speed is 4.5 km/h as stated in samplingEffortValue and samplingEffortUnit.		4.5	km/h			
BROKE_WEST_RMT_028_RMT1	BROKE_WEST_RMT_028_RMT1	1	sampling station		RMT_028									not reported		false		false		true	false					survey only		restricted search taxonomic inventory process	target trawls on acoustically detected aggregations		Kawaguchi S., Nicol S., Virtue P., Davenport S., Casper R., Swadling K., Hosie G.W., 2010. Krill demography and large scale distribution in the Western Indian Ocean sector of the Southern Ocean (CCAMLR Division 58.4.2) in Austral summer of 2006. Deep-Sea Research II 57 (9–10), 934–947.	false	false		false	true	false		false				Anton Van de Putte	https://orcid.org/0000-0003-1336-5554	true	RMT setup is described in Baker, A. de C., M. R. Clarke, and M. J. Harris. ""The NIO combination net (RMT 1+ 8) and further developments of rectangular midwater trawls."" Journal of the Marine Biological Association of the United Kingdom 53.1 (1973): 167-184. | Towing speed is 4.5 km/h as stated in samplingEffortValue and samplingEffortUnit.		4.5	km/h			
BROKE_WEST_RMT_028_RMT8	BROKE_WEST_RMT_028_RMT8	1	sampling station		RMT_028									not reported		false		false		true	false					survey only		restricted search taxonomic inventory process	target trawls on acoustically detected aggregations		Kawaguchi S., Nicol S., Virtue P., Davenport S., Casper R., Swadling K., Hosie G.W., 2010. Krill demography and large scale distribution in the Western Indian Ocean sector of the Southern Ocean (CCAMLR Division 58.4.2) in Austral summer of 2006. Deep-Sea Research II 57 (9–10), 934–947.	false	false		false	true	false		false		12154.47	m3	Anton Van de Putte	https://orcid.org/0000-0003-1336-5554	true	RMT setup is described in Baker, A. de C., M. R. Clarke, and M. J. Harris. ""The NIO combination net (RMT 1+ 8) and further developments of rectangular midwater trawls."" Journal of the Marine Biological Association of the United Kingdom 53.1 (1973): 167-184. | Towing speed is 4.5 km/h as stated in samplingEffortValue and samplingEffortUnit.		4.5	km/h			
BROKE_WEST_RMT_029_RMT1	BROKE_WEST_RMT_029_RMT1	1	sampling station		RMT_029									not reported		false		false		true	false					survey only		restricted search taxonomic inventory process	target trawls on acoustically detected aggregations		Kawaguchi S., Nicol S., Virtue P., Davenport S., Casper R., Swadling K., Hosie G.W., 2010. Krill demography and large scale distribution in the Western Indian Ocean sector of the Southern Ocean (CCAMLR Division 58.4.2) in Austral summer of 2006. Deep-Sea Research II 57 (9–10), 934–947.	false	false		false	true	false		false				Anton Van de Putte	https://orcid.org/0000-0003-1336-5554	true	RMT setup is described in Baker, A. de C., M. R. Clarke, and M. J. Harris. ""The NIO combination net (RMT 1+ 8) and further developments of rectangular midwater trawls."" Journal of the Marine Biological Association of the United Kingdom 53.1 (1973): 167-184. | Towing speed is 4.5 km/h as stated in samplingEffortValue and samplingEffortUnit.		4.5	km/h			
BROKE_WEST_RMT_029_RMT8	BROKE_WEST_RMT_029_RMT8	1	sampling station		RMT_029									not reported		false		false		true	false					survey only		restricted search taxonomic inventory process	target trawls on acoustically detected aggregations		Kawaguchi S., Nicol S., Virtue P., Davenport S., Casper R., Swadling K., Hosie G.W., 2010. Krill demography and large scale distribution in the Western Indian Ocean sector of the Southern Ocean (CCAMLR Division 58.4.2) in Austral summer of 2006. Deep-Sea Research II 57 (9–10), 934–947.	false	false		false	true	false		false		15127.55	m3	Anton Van de Putte	https://orcid.org/0000-0003-1336-5554	true	RMT setup is described in Baker, A. de C., M. R. Clarke, and M. J. Harris. ""The NIO combination net (RMT 1+ 8) and further developments of rectangular midwater trawls."" Journal of the Marine Biological Association of the United Kingdom 53.1 (1973): 167-184. | Towing speed is 4.5 km/h as stated in samplingEffortValue and samplingEffortUnit.		4.5	km/h			
BROKE_WEST_RMT_030_RMT1	BROKE_WEST_RMT_030_RMT1	1	sampling station		RMT_030									not reported		false		false		true	false					survey only		restricted search taxonomic inventory process	target trawls on acoustically detected aggregations		Kawaguchi S., Nicol S., Virtue P., Davenport S., Casper R., Swadling K., Hosie G.W., 2010. Krill demography and large scale distribution in the Western Indian Ocean sector of the Southern Ocean (CCAMLR Division 58.4.2) in Austral summer of 2006. Deep-Sea Research II 57 (9–10), 934–947.	false	false		false	true	false		false				Anton Van de Putte	https://orcid.org/0000-0003-1336-5554	true	RMT setup is described in Baker, A. de C., M. R. Clarke, and M. J. Harris. ""The NIO combination net (RMT 1+ 8) and further developments of rectangular midwater trawls."" Journal of the Marine Biological Association of the United Kingdom 53.1 (1973): 167-184. | Towing speed is 4.5 km/h as stated in samplingEffortValue and samplingEffortUnit.		4.5	km/h			
BROKE_WEST_RMT_030_RMT8	BROKE_WEST_RMT_030_RMT8	1	sampling station		RMT_030									not reported		false		false		true	false					survey only		restricted search taxonomic inventory process	target trawls on acoustically detected aggregations		Kawaguchi S., Nicol S., Virtue P., Davenport S., Casper R., Swadling K., Hosie G.W., 2010. Krill demography and large scale distribution in the Western Indian Ocean sector of the Southern Ocean (CCAMLR Division 58.4.2) in Austral summer of 2006. Deep-Sea Research II 57 (9–10), 934–947.	false	false		false	true	false		false		11607.57	m3	Anton Van de Putte	https://orcid.org/0000-0003-1336-5554	true	RMT setup is described in Baker, A. de C., M. R. Clarke, and M. J. Harris. ""The NIO combination net (RMT 1+ 8) and further developments of rectangular midwater trawls."" Journal of the Marine Biological Association of the United Kingdom 53.1 (1973): 167-184. | Towing speed is 4.5 km/h as stated in samplingEffortValue and samplingEffortUnit.		4.5	km/h			
BROKE_WEST_RMT_031_RMT1	BROKE_WEST_RMT_031_RMT1	1	sampling station		RMT_031									not reported		false		false		true	false					survey only		restricted search taxonomic inventory process	Pre-planned routine hauls with standard double oblique tow		Kawaguchi S., Nicol S., Virtue P., Davenport S., Casper R., Swadling K., Hosie G.W., 2010. Krill demography and large scale distribution in the Western Indian Ocean sector of the Southern Ocean (CCAMLR Division 58.4.2) in Austral summer of 2006. Deep-Sea Research II 57 (9–10), 934–947.	false	false		false	true	false		false				Anton Van de Putte	https://orcid.org/0000-0003-1336-5554	true	RMT setup is described in Baker, A. de C., M. R. Clarke, and M. J. Harris. ""The NIO combination net (RMT 1+ 8) and further developments of rectangular midwater trawls."" Journal of the Marine Biological Association of the United Kingdom 53.1 (1973): 167-184. | Towing speed is 4.5 km/h as stated in samplingEffortValue and samplingEffortUnit.		4.5	km/h			
BROKE_WEST_RMT_031_RMT8	BROKE_WEST_RMT_031_RMT8	1	sampling station		RMT_031									not reported		false		false		true	false					survey only		restricted search taxonomic inventory process	Pre-planned routine hauls with standard double oblique tow		Kawaguchi S., Nicol S., Virtue P., Davenport S., Casper R., Swadling K., Hosie G.W., 2010. Krill demography and large scale distribution in the Western Indian Ocean sector of the Southern Ocean (CCAMLR Division 58.4.2) in Austral summer of 2006. Deep-Sea Research II 57 (9–10), 934–947.	false	false		false	true	false		false		50949.14	m3	Anton Van de Putte	https://orcid.org/0000-0003-1336-5554	true	RMT setup is described in Baker, A. de C., M. R. Clarke, and M. J. Harris. ""The NIO combination net (RMT 1+ 8) and further developments of rectangular midwater trawls."" Journal of the Marine Biological Association of the United Kingdom 53.1 (1973): 167-184. | Towing speed is 4.5 km/h as stated in samplingEffortValue and samplingEffortUnit.		4.5	km/h			
BROKE_WEST_RMT_032_RMT1	BROKE_WEST_RMT_032_RMT1	1	sampling station		RMT_032									not reported		false		false		true	false					survey only		restricted search taxonomic inventory process	target trawls on acoustically detected aggregations		Kawaguchi S., Nicol S., Virtue P., Davenport S., Casper R., Swadling K., Hosie G.W., 2010. Krill demography and large scale distribution in the Western Indian Ocean sector of the Southern Ocean (CCAMLR Division 58.4.2) in Austral summer of 2006. Deep-Sea Research II 57 (9–10), 934–947.	false	false		false	true	false		false				Anton Van de Putte	https://orcid.org/0000-0003-1336-5554	true	RMT setup is described in Baker, A. de C., M. R. Clarke, and M. J. Harris. ""The NIO combination net (RMT 1+ 8) and further developments of rectangular midwater trawls."" Journal of the Marine Biological Association of the United Kingdom 53.1 (1973): 167-184. | Towing speed is 4.5 km/h as stated in samplingEffortValue and samplingEffortUnit.		4.5	km/h			
BROKE_WEST_RMT_032_RMT8	BROKE_WEST_RMT_032_RMT8	1	sampling station		RMT_032									not reported		false		false		true	false					survey only		restricted search taxonomic inventory process	target trawls on acoustically detected aggregations		Kawaguchi S., Nicol S., Virtue P., Davenport S., Casper R., Swadling K., Hosie G.W., 2010. Krill demography and large scale distribution in the Western Indian Ocean sector of the Southern Ocean (CCAMLR Division 58.4.2) in Austral summer of 2006. Deep-Sea Research II 57 (9–10), 934–947.	false	false		false	true	false		false		10107.09	m3	Anton Van de Putte	https://orcid.org/0000-0003-1336-5554	true	RMT setup is described in Baker, A. de C., M. R. Clarke, and M. J. Harris. ""The NIO combination net (RMT 1+ 8) and further developments of rectangular midwater trawls."" Journal of the Marine Biological Association of the United Kingdom 53.1 (1973): 167-184. | Towing speed is 4.5 km/h as stated in samplingEffortValue and samplingEffortUnit.		4.5	km/h			
BROKE_WEST_RMT_033_RMT1	BROKE_WEST_RMT_033_RMT1	1	sampling station		RMT_033									not reported		false		false		true	false					survey only		restricted search taxonomic inventory process	target trawls on acoustically detected aggregations		Kawaguchi S., Nicol S., Virtue P., Davenport S., Casper R., Swadling K., Hosie G.W., 2010. Krill demography and large scale distribution in the Western Indian Ocean sector of the Southern Ocean (CCAMLR Division 58.4.2) in Austral summer of 2006. Deep-Sea Research II 57 (9–10), 934–947.	false	false		false	true	false		false				Anton Van de Putte	https://orcid.org/0000-0003-1336-5554	true	RMT setup is described in Baker, A. de C., M. R. Clarke, and M. J. Harris. ""The NIO combination net (RMT 1+ 8) and further developments of rectangular midwater trawls."" Journal of the Marine Biological Association of the United Kingdom 53.1 (1973): 167-184. | Towing speed is 4.5 km/h as stated in samplingEffortValue and samplingEffortUnit.		4.5	km/h			
BROKE_WEST_RMT_033_RMT8	BROKE_WEST_RMT_033_RMT8	1	sampling station		RMT_033									not reported		false		false		true	false					survey only		restricted search taxonomic inventory process	target trawls on acoustically detected aggregations		Kawaguchi S., Nicol S., Virtue P., Davenport S., Casper R., Swadling K., Hosie G.W., 2010. Krill demography and large scale distribution in the Western Indian Ocean sector of the Southern Ocean (CCAMLR Division 58.4.2) in Austral summer of 2006. Deep-Sea Research II 57 (9–10), 934–947.	false	false		false	true	false		false		7653.04	m3	Anton Van de Putte	https://orcid.org/0000-0003-1336-5554	true	RMT setup is described in Baker, A. de C., M. R. Clarke, and M. J. Harris. ""The NIO combination net (RMT 1+ 8) and further developments of rectangular midwater trawls."" Journal of the Marine Biological Association of the United Kingdom 53.1 (1973): 167-184. | Towing speed is 4.5 km/h as stated in samplingEffortValue and samplingEffortUnit.		4.5	km/h			
BROKE_WEST_RMT_034_RMT1	BROKE_WEST_RMT_034_RMT1	1	sampling station		RMT_034									not reported		false		false		true	false					survey only		restricted search taxonomic inventory process	Pre-planned routine hauls with standard double oblique tow		Kawaguchi S., Nicol S., Virtue P., Davenport S., Casper R., Swadling K., Hosie G.W., 2010. Krill demography and large scale distribution in the Western Indian Ocean sector of the Southern Ocean (CCAMLR Division 58.4.2) in Austral summer of 2006. Deep-Sea Research II 57 (9–10), 934–947.	false	false		false	true	false		false				Anton Van de Putte	https://orcid.org/0000-0003-1336-5554	true	RMT setup is described in Baker, A. de C., M. R. Clarke, and M. J. Harris. ""The NIO combination net (RMT 1+ 8) and further developments of rectangular midwater trawls."" Journal of the Marine Biological Association of the United Kingdom 53.1 (1973): 167-184. | Towing speed is 4.5 km/h as stated in samplingEffortValue and samplingEffortUnit.		4.5	km/h			
BROKE_WEST_RMT_034_RMT8	BROKE_WEST_RMT_034_RMT8	1	sampling station		RMT_034									not reported		false		false		true	false					survey only		restricted search taxonomic inventory process	Pre-planned routine hauls with standard double oblique tow		Kawaguchi S., Nicol S., Virtue P., Davenport S., Casper R., Swadling K., Hosie G.W., 2010. Krill demography and large scale distribution in the Western Indian Ocean sector of the Southern Ocean (CCAMLR Division 58.4.2) in Austral summer of 2006. Deep-Sea Research II 57 (9–10), 934–947.	false	false		false	true	false		false		40163.65	m3	Anton Van de Putte	https://orcid.org/0000-0003-1336-5554	true	RMT setup is described in Baker, A. de C., M. R. Clarke, and M. J. Harris. ""The NIO combination net (RMT 1+ 8) and further developments of rectangular midwater trawls."" Journal of the Marine Biological Association of the United Kingdom 53.1 (1973): 167-184. | Towing speed is 4.5 km/h as stated in samplingEffortValue and samplingEffortUnit.		4.5	km/h			
BROKE_WEST_RMT_035_RMT1	BROKE_WEST_RMT_035_RMT1	1	sampling station		RMT_035									not reported		false		false		true	false					survey only		restricted search taxonomic inventory process	target trawls on acoustically detected aggregations		Kawaguchi S., Nicol S., Virtue P., Davenport S., Casper R., Swadling K., Hosie G.W., 2010. Krill demography and large scale distribution in the Western Indian Ocean sector of the Southern Ocean (CCAMLR Division 58.4.2) in Austral summer of 2006. Deep-Sea Research II 57 (9–10), 934–947.	false	false		false	true	false		false				Anton Van de Putte	https://orcid.org/0000-0003-1336-5554	true	RMT setup is described in Baker, A. de C., M. R. Clarke, and M. J. Harris. ""The NIO combination net (RMT 1+ 8) and further developments of rectangular midwater trawls."" Journal of the Marine Biological Association of the United Kingdom 53.1 (1973): 167-184. | Towing speed is 4.5 km/h as stated in samplingEffortValue and samplingEffortUnit.		4.5	km/h			
BROKE_WEST_RMT_035_RMT8	BROKE_WEST_RMT_035_RMT8	1	sampling station		RMT_035									not reported		false		false		true	false					survey only		restricted search taxonomic inventory process	target trawls on acoustically detected aggregations		Kawaguchi S., Nicol S., Virtue P., Davenport S., Casper R., Swadling K., Hosie G.W., 2010. Krill demography and large scale distribution in the Western Indian Ocean sector of the Southern Ocean (CCAMLR Division 58.4.2) in Austral summer of 2006. Deep-Sea Research II 57 (9–10), 934–947.	false	false		false	true	false		false		12579.44	m3	Anton Van de Putte	https://orcid.org/0000-0003-1336-5554	true	RMT setup is described in Baker, A. de C., M. R. Clarke, and M. J. Harris. ""The NIO combination net (RMT 1+ 8) and further developments of rectangular midwater trawls."" Journal of the Marine Biological Association of the United Kingdom 53.1 (1973): 167-184. | Towing speed is 4.5 km/h as stated in samplingEffortValue and samplingEffortUnit.		4.5	km/h			
BROKE_WEST_RMT_036_RMT1	BROKE_WEST_RMT_036_RMT1	1	sampling station		RMT_036									not reported		false		false		true	false					survey only		restricted search taxonomic inventory process	target trawls on acoustically detected aggregations		Kawaguchi S., Nicol S., Virtue P., Davenport S., Casper R., Swadling K., Hosie G.W., 2010. Krill demography and large scale distribution in the Western Indian Ocean sector of the Southern Ocean (CCAMLR Division 58.4.2) in Austral summer of 2006. Deep-Sea Research II 57 (9–10), 934–947.	false	false		false	true	false		false				Anton Van de Putte	https://orcid.org/0000-0003-1336-5554	true	RMT setup is described in Baker, A. de C., M. R. Clarke, and M. J. Harris. ""The NIO combination net (RMT 1+ 8) and further developments of rectangular midwater trawls."" Journal of the Marine Biological Association of the United Kingdom 53.1 (1973): 167-184. | Towing speed is 4.5 km/h as stated in samplingEffortValue and samplingEffortUnit.		4.5	km/h			
BROKE_WEST_RMT_036_RMT8	BROKE_WEST_RMT_036_RMT8	1	sampling station		RMT_036									not reported		false		false		true	false					survey only		restricted search taxonomic inventory process	target trawls on acoustically detected aggregations		Kawaguchi S., Nicol S., Virtue P., Davenport S., Casper R., Swadling K., Hosie G.W., 2010. Krill demography and large scale distribution in the Western Indian Ocean sector of the Southern Ocean (CCAMLR Division 58.4.2) in Austral summer of 2006. Deep-Sea Research II 57 (9–10), 934–947.	false	false		false	true	false		false		10392.73	m3	Anton Van de Putte	https://orcid.org/0000-0003-1336-5554	true	RMT setup is described in Baker, A. de C., M. R. Clarke, and M. J. Harris. ""The NIO combination net (RMT 1+ 8) and further developments of rectangular midwater trawls."" Journal of the Marine Biological Association of the United Kingdom 53.1 (1973): 167-184. | Towing speed is 4.5 km/h as stated in samplingEffortValue and samplingEffortUnit.		4.5	km/h			
BROKE_WEST_RMT_037_RMT1	BROKE_WEST_RMT_037_RMT1	1	sampling station		RMT_037									not reported		false		false		true	false					survey only		restricted search taxonomic inventory process	Pre-planned routine hauls with standard double oblique tow		Kawaguchi S., Nicol S., Virtue P., Davenport S., Casper R., Swadling K., Hosie G.W., 2010. Krill demography and large scale distribution in the Western Indian Ocean sector of the Southern Ocean (CCAMLR Division 58.4.2) in Austral summer of 2006. Deep-Sea Research II 57 (9–10), 934–947.	false	false		false	true	false		false				Anton Van de Putte	https://orcid.org/0000-0003-1336-5554	true	RMT setup is described in Baker, A. de C., M. R. Clarke, and M. J. Harris. ""The NIO combination net (RMT 1+ 8) and further developments of rectangular midwater trawls."" Journal of the Marine Biological Association of the United Kingdom 53.1 (1973): 167-184. | Towing speed is 4.5 km/h as stated in samplingEffortValue and samplingEffortUnit.		4.5	km/h			
BROKE_WEST_RMT_037_RMT8	BROKE_WEST_RMT_037_RMT8	1	sampling station		RMT_037									not reported		false		false		true	false					survey only		restricted search taxonomic inventory process	Pre-planned routine hauls with standard double oblique tow		Kawaguchi S., Nicol S., Virtue P., Davenport S., Casper R., Swadling K., Hosie G.W., 2010. Krill demography and large scale distribution in the Western Indian Ocean sector of the Southern Ocean (CCAMLR Division 58.4.2) in Austral summer of 2006. Deep-Sea Research II 57 (9–10), 934–947.	false	false		false	true	false		false		56750.76	m3	Anton Van de Putte	https://orcid.org/0000-0003-1336-5554	true	RMT setup is described in Baker, A. de C., M. R. Clarke, and M. J. Harris. ""The NIO combination net (RMT 1+ 8) and further developments of rectangular midwater trawls."" Journal of the Marine Biological Association of the United Kingdom 53.1 (1973): 167-184. | Towing speed is 4.5 km/h as stated in samplingEffortValue and samplingEffortUnit.		4.5	km/h			
BROKE_WEST_RMT_038_RMT1	BROKE_WEST_RMT_038_RMT1	1	sampling station		RMT_038									not reported		false		false		true	false					survey only		restricted search taxonomic inventory process	Pre-planned routine hauls with standard double oblique tow		Kawaguchi S., Nicol S., Virtue P., Davenport S., Casper R., Swadling K., Hosie G.W., 2010. Krill demography and large scale distribution in the Western Indian Ocean sector of the Southern Ocean (CCAMLR Division 58.4.2) in Austral summer of 2006. Deep-Sea Research II 57 (9–10), 934–947.	false	false		false	true	false		false				Anton Van de Putte	https://orcid.org/0000-0003-1336-5554	true	RMT setup is described in Baker, A. de C., M. R. Clarke, and M. J. Harris. ""The NIO combination net (RMT 1+ 8) and further developments of rectangular midwater trawls."" Journal of the Marine Biological Association of the United Kingdom 53.1 (1973): 167-184. | Towing speed is 4.5 km/h as stated in samplingEffortValue and samplingEffortUnit.		4.5	km/h			
BROKE_WEST_RMT_038_RMT8	BROKE_WEST_RMT_038_RMT8	1	sampling station		RMT_038									not reported		false		false		true	false					survey only		restricted search taxonomic inventory process	Pre-planned routine hauls with standard double oblique tow		Kawaguchi S., Nicol S., Virtue P., Davenport S., Casper R., Swadling K., Hosie G.W., 2010. Krill demography and large scale distribution in the Western Indian Ocean sector of the Southern Ocean (CCAMLR Division 58.4.2) in Austral summer of 2006. Deep-Sea Research II 57 (9–10), 934–947.	false	false		false	true	false		false		43928.34	m3	Anton Van de Putte	https://orcid.org/0000-0003-1336-5554	true	RMT setup is described in Baker, A. de C., M. R. Clarke, and M. J. Harris. ""The NIO combination net (RMT 1+ 8) and further developments of rectangular midwater trawls."" Journal of the Marine Biological Association of the United Kingdom 53.1 (1973): 167-184. | Towing speed is 4.5 km/h as stated in samplingEffortValue and samplingEffortUnit.		4.5	km/h			
BROKE_WEST_RMT_039_RMT1	BROKE_WEST_RMT_039_RMT1	1	sampling station		RMT_039									not reported		false		false		true	false					survey only		restricted search taxonomic inventory process	Pre-planned routine hauls with standard double oblique tow		Kawaguchi S., Nicol S., Virtue P., Davenport S., Casper R., Swadling K., Hosie G.W., 2010. Krill demography and large scale distribution in the Western Indian Ocean sector of the Southern Ocean (CCAMLR Division 58.4.2) in Austral summer of 2006. Deep-Sea Research II 57 (9–10), 934–947.	false	false		false	true	false		false				Anton Van de Putte	https://orcid.org/0000-0003-1336-5554	true	RMT setup is described in Baker, A. de C., M. R. Clarke, and M. J. Harris. ""The NIO combination net (RMT 1+ 8) and further developments of rectangular midwater trawls."" Journal of the Marine Biological Association of the United Kingdom 53.1 (1973): 167-184. | Towing speed is 4.5 km/h as stated in samplingEffortValue and samplingEffortUnit.		4.5	km/h			
BROKE_WEST_RMT_039_RMT8	BROKE_WEST_RMT_039_RMT8	1	sampling station		RMT_039									not reported		false		false		true	false					survey only		restricted search taxonomic inventory process	Pre-planned routine hauls with standard double oblique tow		Kawaguchi S., Nicol S., Virtue P., Davenport S., Casper R., Swadling K., Hosie G.W., 2010. Krill demography and large scale distribution in the Western Indian Ocean sector of the Southern Ocean (CCAMLR Division 58.4.2) in Austral summer of 2006. Deep-Sea Research II 57 (9–10), 934–947.	false	false		false	true	false		false		45591.67	m3	Anton Van de Putte	https://orcid.org/0000-0003-1336-5554	true	RMT setup is described in Baker, A. de C., M. R. Clarke, and M. J. Harris. ""The NIO combination net (RMT 1+ 8) and further developments of rectangular midwater trawls."" Journal of the Marine Biological Association of the United Kingdom 53.1 (1973): 167-184. | Towing speed is 4.5 km/h as stated in samplingEffortValue and samplingEffortUnit.		4.5	km/h			
BROKE_WEST_RMT_040_RMT1	BROKE_WEST_RMT_040_RMT1	1	sampling station		RMT_040									not reported		false		false		true	false					survey only		restricted search taxonomic inventory process	target trawls on acoustically detected aggregations		Kawaguchi S., Nicol S., Virtue P., Davenport S., Casper R., Swadling K., Hosie G.W., 2010. Krill demography and large scale distribution in the Western Indian Ocean sector of the Southern Ocean (CCAMLR Division 58.4.2) in Austral summer of 2006. Deep-Sea Research II 57 (9–10), 934–947.	false	false		false	true	false		false				Anton Van de Putte	https://orcid.org/0000-0003-1336-5554	true	RMT setup is described in Baker, A. de C., M. R. Clarke, and M. J. Harris. ""The NIO combination net (RMT 1+ 8) and further developments of rectangular midwater trawls."" Journal of the Marine Biological Association of the United Kingdom 53.1 (1973): 167-184. | Towing speed is 4.5 km/h as stated in samplingEffortValue and samplingEffortUnit.		4.5	km/h			
BROKE_WEST_RMT_040_RMT8	BROKE_WEST_RMT_040_RMT8	1	sampling station		RMT_040									not reported		false		false		true	false					survey only		restricted search taxonomic inventory process	target trawls on acoustically detected aggregations		Kawaguchi S., Nicol S., Virtue P., Davenport S., Casper R., Swadling K., Hosie G.W., 2010. Krill demography and large scale distribution in the Western Indian Ocean sector of the Southern Ocean (CCAMLR Division 58.4.2) in Austral summer of 2006. Deep-Sea Research II 57 (9–10), 934–947.	false	false		false	true	false		false		10517.27	m3	Anton Van de Putte	https://orcid.org/0000-0003-1336-5554	true	RMT setup is described in Baker, A. de C., M. R. Clarke, and M. J. Harris. ""The NIO combination net (RMT 1+ 8) and further developments of rectangular midwater trawls."" Journal of the Marine Biological Association of the United Kingdom 53.1 (1973): 167-184. | Towing speed is 4.5 km/h as stated in samplingEffortValue and samplingEffortUnit.		4.5	km/h			
BROKE_WEST_RMT_041_RMT1	BROKE_WEST_RMT_041_RMT1	1	sampling station		RMT_041									not reported		false		false		true	false					survey only		restricted search taxonomic inventory process	target trawls on acoustically detected aggregations		Kawaguchi S., Nicol S., Virtue P., Davenport S., Casper R., Swadling K., Hosie G.W., 2010. Krill demography and large scale distribution in the Western Indian Ocean sector of the Southern Ocean (CCAMLR Division 58.4.2) in Austral summer of 2006. Deep-Sea Research II 57 (9–10), 934–947.	false	false		false	true	false		false				Anton Van de Putte	https://orcid.org/0000-0003-1336-5554	true	RMT setup is described in Baker, A. de C., M. R. Clarke, and M. J. Harris. ""The NIO combination net (RMT 1+ 8) and further developments of rectangular midwater trawls."" Journal of the Marine Biological Association of the United Kingdom 53.1 (1973): 167-184. | Towing speed is 4.5 km/h as stated in samplingEffortValue and samplingEffortUnit.		4.5	km/h			
BROKE_WEST_RMT_041_RMT8	BROKE_WEST_RMT_041_RMT8	1	sampling station		RMT_041									not reported		false		false		true	false					survey only		restricted search taxonomic inventory process	target trawls on acoustically detected aggregations		Kawaguchi S., Nicol S., Virtue P., Davenport S., Casper R., Swadling K., Hosie G.W., 2010. Krill demography and large scale distribution in the Western Indian Ocean sector of the Southern Ocean (CCAMLR Division 58.4.2) in Austral summer of 2006. Deep-Sea Research II 57 (9–10), 934–947.	false	false		false	true	false		false		12531.54	m3	Anton Van de Putte	https://orcid.org/0000-0003-1336-5554	true	RMT setup is described in Baker, A. de C., M. R. Clarke, and M. J. Harris. ""The NIO combination net (RMT 1+ 8) and further developments of rectangular midwater trawls."" Journal of the Marine Biological Association of the United Kingdom 53.1 (1973): 167-184. | Towing speed is 4.5 km/h as stated in samplingEffortValue and samplingEffortUnit.		4.5	km/h			
BROKE_WEST_RMT_042_RMT1	BROKE_WEST_RMT_042_RMT1	1	sampling station		RMT_042									not reported		false		false		true	false					survey only		restricted search taxonomic inventory process	Pre-planned routine hauls with standard double oblique tow		Kawaguchi S., Nicol S., Virtue P., Davenport S., Casper R., Swadling K., Hosie G.W., 2010. Krill demography and large scale distribution in the Western Indian Ocean sector of the Southern Ocean (CCAMLR Division 58.4.2) in Austral summer of 2006. Deep-Sea Research II 57 (9–10), 934–947.	false	false		false	true	false		false				Anton Van de Putte	https://orcid.org/0000-0003-1336-5554	true	RMT setup is described in Baker, A. de C., M. R. Clarke, and M. J. Harris. ""The NIO combination net (RMT 1+ 8) and further developments of rectangular midwater trawls."" Journal of the Marine Biological Association of the United Kingdom 53.1 (1973): 167-184. | Towing speed is 4.5 km/h as stated in samplingEffortValue and samplingEffortUnit.		4.5	km/h			
BROKE_WEST_RMT_042_RMT8	BROKE_WEST_RMT_042_RMT8	1	sampling station		RMT_042									not reported		false		false		true	false					survey only		restricted search taxonomic inventory process	Pre-planned routine hauls with standard double oblique tow		Kawaguchi S., Nicol S., Virtue P., Davenport S., Casper R., Swadling K., Hosie G.W., 2010. Krill demography and large scale distribution in the Western Indian Ocean sector of the Southern Ocean (CCAMLR Division 58.4.2) in Austral summer of 2006. Deep-Sea Research II 57 (9–10), 934–947.	false	false		false	true	false		false		58034.39	m3	Anton Van de Putte	https://orcid.org/0000-0003-1336-5554	true	RMT setup is described in Baker, A. de C., M. R. Clarke, and M. J. Harris. ""The NIO combination net (RMT 1+ 8) and further developments of rectangular midwater trawls."" Journal of the Marine Biological Association of the United Kingdom 53.1 (1973): 167-184. | Towing speed is 4.5 km/h as stated in samplingEffortValue and samplingEffortUnit.		4.5	km/h			
BROKE_WEST_RMT_043_RMT1	BROKE_WEST_RMT_043_RMT1	1	sampling station		RMT_043									not reported		false		false		true	false					survey only		restricted search taxonomic inventory process	Pre-planned routine hauls with standard double oblique tow		Kawaguchi S., Nicol S., Virtue P., Davenport S., Casper R., Swadling K., Hosie G.W., 2010. Krill demography and large scale distribution in the Western Indian Ocean sector of the Southern Ocean (CCAMLR Division 58.4.2) in Austral summer of 2006. Deep-Sea Research II 57 (9–10), 934–947.	false	false		false	true	false		false				Anton Van de Putte	https://orcid.org/0000-0003-1336-5554	true	RMT setup is described in Baker, A. de C., M. R. Clarke, and M. J. Harris. ""The NIO combination net (RMT 1+ 8) and further developments of rectangular midwater trawls."" Journal of the Marine Biological Association of the United Kingdom 53.1 (1973): 167-184. | Towing speed is 4.5 km/h as stated in samplingEffortValue and samplingEffortUnit.		4.5	km/h			
BROKE_WEST_RMT_043_RMT8	BROKE_WEST_RMT_043_RMT8	1	sampling station		RMT_043									not reported		false		false		true	false					survey only		restricted search taxonomic inventory process	Pre-planned routine hauls with standard double oblique tow		Kawaguchi S., Nicol S., Virtue P., Davenport S., Casper R., Swadling K., Hosie G.W., 2010. Krill demography and large scale distribution in the Western Indian Ocean sector of the Southern Ocean (CCAMLR Division 58.4.2) in Austral summer of 2006. Deep-Sea Research II 57 (9–10), 934–947.	false	false		false	true	false		false		66373.66	m3	Anton Van de Putte	https://orcid.org/0000-0003-1336-5554	true	RMT setup is described in Baker, A. de C., M. R. Clarke, and M. J. Harris. ""The NIO combination net (RMT 1+ 8) and further developments of rectangular midwater trawls."" Journal of the Marine Biological Association of the United Kingdom 53.1 (1973): 167-184. | Towing speed is 4.5 km/h as stated in samplingEffortValue and samplingEffortUnit.		4.5	km/h			
BROKE_WEST_RMT_044_RMT1	BROKE_WEST_RMT_044_RMT1	1	sampling station		RMT_044									not reported		false		false		true	false					survey only		restricted search taxonomic inventory process	Pre-planned routine hauls with standard double oblique tow		Kawaguchi S., Nicol S., Virtue P., Davenport S., Casper R., Swadling K., Hosie G.W., 2010. Krill demography and large scale distribution in the Western Indian Ocean sector of the Southern Ocean (CCAMLR Division 58.4.2) in Austral summer of 2006. Deep-Sea Research II 57 (9–10), 934–947.	false	false		false	true	false		false				Anton Van de Putte	https://orcid.org/0000-0003-1336-5554	true	RMT setup is described in Baker, A. de C., M. R. Clarke, and M. J. Harris. ""The NIO combination net (RMT 1+ 8) and further developments of rectangular midwater trawls."" Journal of the Marine Biological Association of the United Kingdom 53.1 (1973): 167-184. | Towing speed is 4.5 km/h as stated in samplingEffortValue and samplingEffortUnit.		4.5	km/h			
BROKE_WEST_RMT_044_RMT8	BROKE_WEST_RMT_044_RMT8	1	sampling station		RMT_044									not reported		false		false		true	false					survey only		restricted search taxonomic inventory process	Pre-planned routine hauls with standard double oblique tow		Kawaguchi S., Nicol S., Virtue P., Davenport S., Casper R., Swadling K., Hosie G.W., 2010. Krill demography and large scale distribution in the Western Indian Ocean sector of the Southern Ocean (CCAMLR Division 58.4.2) in Austral summer of 2006. Deep-Sea Research II 57 (9–10), 934–947.	false	false		false	true	false		false		32714.39	m3	Anton Van de Putte	https://orcid.org/0000-0003-1336-5554	true	RMT setup is described in Baker, A. de C., M. R. Clarke, and M. J. Harris. ""The NIO combination net (RMT 1+ 8) and further developments of rectangular midwater trawls."" Journal of the Marine Biological Association of the United Kingdom 53.1 (1973): 167-184. | Towing speed is 4.5 km/h as stated in samplingEffortValue and samplingEffortUnit.		4.5	km/h			
BROKE_WEST_RMT_045_RMT1	BROKE_WEST_RMT_045_RMT1	1	sampling station		RMT_045									not reported		false		false		true	false					survey only		restricted search taxonomic inventory process	target trawls on acoustically detected aggregations		Kawaguchi S., Nicol S., Virtue P., Davenport S., Casper R., Swadling K., Hosie G.W., 2010. Krill demography and large scale distribution in the Western Indian Ocean sector of the Southern Ocean (CCAMLR Division 58.4.2) in Austral summer of 2006. Deep-Sea Research II 57 (9–10), 934–947.	false	false		false	true	false		false				Anton Van de Putte	https://orcid.org/0000-0003-1336-5554	true	RMT setup is described in Baker, A. de C., M. R. Clarke, and M. J. Harris. ""The NIO combination net (RMT 1+ 8) and further developments of rectangular midwater trawls."" Journal of the Marine Biological Association of the United Kingdom 53.1 (1973): 167-184. | Towing speed is 4.5 km/h as stated in samplingEffortValue and samplingEffortUnit.		4.5	km/h			
BROKE_WEST_RMT_045_RMT8	BROKE_WEST_RMT_045_RMT8	1	sampling station		RMT_045									not reported		false		false		true	false					survey only		restricted search taxonomic inventory process	target trawls on acoustically detected aggregations		Kawaguchi S., Nicol S., Virtue P., Davenport S., Casper R., Swadling K., Hosie G.W., 2010. Krill demography and large scale distribution in the Western Indian Ocean sector of the Southern Ocean (CCAMLR Division 58.4.2) in Austral summer of 2006. Deep-Sea Research II 57 (9–10), 934–947.	false	false		false	true	false		false		10853.41	m3	Anton Van de Putte	https://orcid.org/0000-0003-1336-5554	true	RMT setup is described in Baker, A. de C., M. R. Clarke, and M. J. Harris. ""The NIO combination net (RMT 1+ 8) and further developments of rectangular midwater trawls."" Journal of the Marine Biological Association of the United Kingdom 53.1 (1973): 167-184. | Towing speed is 4.5 km/h as stated in samplingEffortValue and samplingEffortUnit.		4.5	km/h			
BROKE_WEST_RMT_046_RMT1	BROKE_WEST_RMT_046_RMT1	1	sampling station		RMT_046									not reported		false		false		true	false					survey only		restricted search taxonomic inventory process	target trawls on acoustically detected aggregations		Kawaguchi S., Nicol S., Virtue P., Davenport S., Casper R., Swadling K., Hosie G.W., 2010. Krill demography and large scale distribution in the Western Indian Ocean sector of the Southern Ocean (CCAMLR Division 58.4.2) in Austral summer of 2006. Deep-Sea Research II 57 (9–10), 934–947.	false	false		false	true	false		false				Anton Van de Putte	https://orcid.org/0000-0003-1336-5554	true	RMT setup is described in Baker, A. de C., M. R. Clarke, and M. J. Harris. ""The NIO combination net (RMT 1+ 8) and further developments of rectangular midwater trawls."" Journal of the Marine Biological Association of the United Kingdom 53.1 (1973): 167-184. | Towing speed is 4.5 km/h as stated in samplingEffortValue and samplingEffortUnit.		4.5	km/h			
BROKE_WEST_RMT_046_RMT8	BROKE_WEST_RMT_046_RMT8	1	sampling station		RMT_046									not reported		false		false		true	false					survey only		restricted search taxonomic inventory process	target trawls on acoustically detected aggregations		Kawaguchi S., Nicol S., Virtue P., Davenport S., Casper R., Swadling K., Hosie G.W., 2010. Krill demography and large scale distribution in the Western Indian Ocean sector of the Southern Ocean (CCAMLR Division 58.4.2) in Austral summer of 2006. Deep-Sea Research II 57 (9–10), 934–947.	false	false		false	true	false		false		10588.67	m3	Anton Van de Putte	https://orcid.org/0000-0003-1336-5554	true	RMT setup is described in Baker, A. de C., M. R. Clarke, and M. J. Harris. ""The NIO combination net (RMT 1+ 8) and further developments of rectangular midwater trawls."" Journal of the Marine Biological Association of the United Kingdom 53.1 (1973): 167-184. | Towing speed is 4.5 km/h as stated in samplingEffortValue and samplingEffortUnit.		4.5	km/h			
BROKE_WEST_RMT_047_RMT1	BROKE_WEST_RMT_047_RMT1	1	sampling station		RMT_047									not reported		false		false		true	false					survey only		restricted search taxonomic inventory process	target trawls on acoustically detected aggregations		Kawaguchi S., Nicol S., Virtue P., Davenport S., Casper R., Swadling K., Hosie G.W., 2010. Krill demography and large scale distribution in the Western Indian Ocean sector of the Southern Ocean (CCAMLR Division 58.4.2) in Austral summer of 2006. Deep-Sea Research II 57 (9–10), 934–947.	false	false		false	true	false		false				Anton Van de Putte	https://orcid.org/0000-0003-1336-5554	true	RMT setup is described in Baker, A. de C., M. R. Clarke, and M. J. Harris. ""The NIO combination net (RMT 1+ 8) and further developments of rectangular midwater trawls."" Journal of the Marine Biological Association of the United Kingdom 53.1 (1973): 167-184. | Towing speed is 4.5 km/h as stated in samplingEffortValue and samplingEffortUnit.		4.5	km/h			
BROKE_WEST_RMT_047_RMT8	BROKE_WEST_RMT_047_RMT8	1	sampling station		RMT_047									not reported		false		false		true	false					survey only		restricted search taxonomic inventory process	target trawls on acoustically detected aggregations		Kawaguchi S., Nicol S., Virtue P., Davenport S., Casper R., Swadling K., Hosie G.W., 2010. Krill demography and large scale distribution in the Western Indian Ocean sector of the Southern Ocean (CCAMLR Division 58.4.2) in Austral summer of 2006. Deep-Sea Research II 57 (9–10), 934–947.	false	false		false	true	false		false		7438.81	m3	Anton Van de Putte	https://orcid.org/0000-0003-1336-5554	true	RMT setup is described in Baker, A. de C., M. R. Clarke, and M. J. Harris. ""The NIO combination net (RMT 1+ 8) and further developments of rectangular midwater trawls."" Journal of the Marine Biological Association of the United Kingdom 53.1 (1973): 167-184. | Towing speed is 4.5 km/h as stated in samplingEffortValue and samplingEffortUnit.		4.5	km/h			
BROKE_WEST_RMT_048_RMT1	BROKE_WEST_RMT_048_RMT1	1	sampling station		RMT_048									not reported		false		false		true	false					survey only		restricted search taxonomic inventory process	target trawls on acoustically detected aggregations		Kawaguchi S., Nicol S., Virtue P., Davenport S., Casper R., Swadling K., Hosie G.W., 2010. Krill demography and large scale distribution in the Western Indian Ocean sector of the Southern Ocean (CCAMLR Division 58.4.2) in Austral summer of 2006. Deep-Sea Research II 57 (9–10), 934–947.	false	false		false	true	false		false				Anton Van de Putte	https://orcid.org/0000-0003-1336-5554	true	RMT setup is described in Baker, A. de C., M. R. Clarke, and M. J. Harris. ""The NIO combination net (RMT 1+ 8) and further developments of rectangular midwater trawls."" Journal of the Marine Biological Association of the United Kingdom 53.1 (1973): 167-184. | Towing speed is 4.5 km/h as stated in samplingEffortValue and samplingEffortUnit.		4.5	km/h			
BROKE_WEST_RMT_048_RMT8	BROKE_WEST_RMT_048_RMT8	1	sampling station		RMT_048									not reported		false		false		true	false					survey only		restricted search taxonomic inventory process	target trawls on acoustically detected aggregations		Kawaguchi S., Nicol S., Virtue P., Davenport S., Casper R., Swadling K., Hosie G.W., 2010. Krill demography and large scale distribution in the Western Indian Ocean sector of the Southern Ocean (CCAMLR Division 58.4.2) in Austral summer of 2006. Deep-Sea Research II 57 (9–10), 934–947.	false	false		false	true	false		false		22245.02	m3	Anton Van de Putte	https://orcid.org/0000-0003-1336-5554	true	RMT setup is described in Baker, A. de C., M. R. Clarke, and M. J. Harris. ""The NIO combination net (RMT 1+ 8) and further developments of rectangular midwater trawls."" Journal of the Marine Biological Association of the United Kingdom 53.1 (1973): 167-184. | Towing speed is 4.5 km/h as stated in samplingEffortValue and samplingEffortUnit.		4.5	km/h			
BROKE_WEST_RMT_049_RMT1	BROKE_WEST_RMT_049_RMT1	1	sampling station		RMT_049									not reported		false		false		true	false					survey only		restricted search taxonomic inventory process	target trawls on acoustically detected aggregations		Kawaguchi S., Nicol S., Virtue P., Davenport S., Casper R., Swadling K., Hosie G.W., 2010. Krill demography and large scale distribution in the Western Indian Ocean sector of the Southern Ocean (CCAMLR Division 58.4.2) in Austral summer of 2006. Deep-Sea Research II 57 (9–10), 934–947.	false	false		false	true	false		false				Anton Van de Putte	https://orcid.org/0000-0003-1336-5554	true	RMT setup is described in Baker, A. de C., M. R. Clarke, and M. J. Harris. ""The NIO combination net (RMT 1+ 8) and further developments of rectangular midwater trawls."" Journal of the Marine Biological Association of the United Kingdom 53.1 (1973): 167-184. | Towing speed is 4.5 km/h as stated in samplingEffortValue and samplingEffortUnit.		4.5	km/h			
BROKE_WEST_RMT_049_RMT8	BROKE_WEST_RMT_049_RMT8	1	sampling station		RMT_049									not reported		false		false		true	false					survey only		restricted search taxonomic inventory process	target trawls on acoustically detected aggregations		Kawaguchi S., Nicol S., Virtue P., Davenport S., Casper R., Swadling K., Hosie G.W., 2010. Krill demography and large scale distribution in the Western Indian Ocean sector of the Southern Ocean (CCAMLR Division 58.4.2) in Austral summer of 2006. Deep-Sea Research II 57 (9–10), 934–947.	false	false		false	true	false		false		10329.16	m3	Anton Van de Putte	https://orcid.org/0000-0003-1336-5554	true	RMT setup is described in Baker, A. de C., M. R. Clarke, and M. J. Harris. ""The NIO combination net (RMT 1+ 8) and further developments of rectangular midwater trawls."" Journal of the Marine Biological Association of the United Kingdom 53.1 (1973): 167-184. | Towing speed is 4.5 km/h as stated in samplingEffortValue and samplingEffortUnit.		4.5	km/h			
BROKE_WEST_RMT_050_RMT1	BROKE_WEST_RMT_050_RMT1	1	sampling station		RMT_050									not reported		false		false		true	false					survey only		restricted search taxonomic inventory process	Pre-planned routine hauls with standard double oblique tow		Kawaguchi S., Nicol S., Virtue P., Davenport S., Casper R., Swadling K., Hosie G.W., 2010. Krill demography and large scale distribution in the Western Indian Ocean sector of the Southern Ocean (CCAMLR Division 58.4.2) in Austral summer of 2006. Deep-Sea Research II 57 (9–10), 934–947.	false	false		false	true	false		false				Anton Van de Putte	https://orcid.org/0000-0003-1336-5554	true	RMT setup is described in Baker, A. de C., M. R. Clarke, and M. J. Harris. ""The NIO combination net (RMT 1+ 8) and further developments of rectangular midwater trawls."" Journal of the Marine Biological Association of the United Kingdom 53.1 (1973): 167-184. | Towing speed is 4.5 km/h as stated in samplingEffortValue and samplingEffortUnit.		4.5	km/h			
BROKE_WEST_RMT_050_RMT8	BROKE_WEST_RMT_050_RMT8	1	sampling station		RMT_050									not reported		false		false		true	false					survey only		restricted search taxonomic inventory process	Pre-planned routine hauls with standard double oblique tow		Kawaguchi S., Nicol S., Virtue P., Davenport S., Casper R., Swadling K., Hosie G.W., 2010. Krill demography and large scale distribution in the Western Indian Ocean sector of the Southern Ocean (CCAMLR Division 58.4.2) in Austral summer of 2006. Deep-Sea Research II 57 (9–10), 934–947.	false	false		false	true	false		false		34282.79	m3	Anton Van de Putte	https://orcid.org/0000-0003-1336-5554	true	RMT setup is described in Baker, A. de C., M. R. Clarke, and M. J. Harris. ""The NIO combination net (RMT 1+ 8) and further developments of rectangular midwater trawls."" Journal of the Marine Biological Association of the United Kingdom 53.1 (1973): 167-184. | Towing speed is 4.5 km/h as stated in samplingEffortValue and samplingEffortUnit.		4.5	km/h			
BROKE_WEST_RMT_051_RMT1	BROKE_WEST_RMT_051_RMT1	1	sampling station		RMT_051									not reported		false		false		true	false					survey only		restricted search taxonomic inventory process	Pre-planned routine hauls with standard double oblique tow		Kawaguchi S., Nicol S., Virtue P., Davenport S., Casper R., Swadling K., Hosie G.W., 2010. Krill demography and large scale distribution in the Western Indian Ocean sector of the Southern Ocean (CCAMLR Division 58.4.2) in Austral summer of 2006. Deep-Sea Research II 57 (9–10), 934–947.	false	false		false	true	false		false				Anton Van de Putte	https://orcid.org/0000-0003-1336-5554	true	RMT setup is described in Baker, A. de C., M. R. Clarke, and M. J. Harris. ""The NIO combination net (RMT 1+ 8) and further developments of rectangular midwater trawls."" Journal of the Marine Biological Association of the United Kingdom 53.1 (1973): 167-184. | Towing speed is 4.5 km/h as stated in samplingEffortValue and samplingEffortUnit.		4.5	km/h			
BROKE_WEST_RMT_051_RMT8	BROKE_WEST_RMT_051_RMT8	1	sampling station		RMT_051									not reported		false		false		true	false					survey only		restricted search taxonomic inventory process	Pre-planned routine hauls with standard double oblique tow		Kawaguchi S., Nicol S., Virtue P., Davenport S., Casper R., Swadling K., Hosie G.W., 2010. Krill demography and large scale distribution in the Western Indian Ocean sector of the Southern Ocean (CCAMLR Division 58.4.2) in Austral summer of 2006. Deep-Sea Research II 57 (9–10), 934–947.	false	false		false	true	false		false		49199.6	m3	Anton Van de Putte	https://orcid.org/0000-0003-1336-5554	true	RMT setup is described in Baker, A. de C., M. R. Clarke, and M. J. Harris. ""The NIO combination net (RMT 1+ 8) and further developments of rectangular midwater trawls."" Journal of the Marine Biological Association of the United Kingdom 53.1 (1973): 167-184. | Towing speed is 4.5 km/h as stated in samplingEffortValue and samplingEffortUnit.		4.5	km/h			
BROKE_WEST_RMT_052_RMT1	BROKE_WEST_RMT_052_RMT1	1	sampling station		RMT_052									not reported		false		false		true	false					survey only		restricted search taxonomic inventory process	Pre-planned routine hauls with standard double oblique tow		Kawaguchi S., Nicol S., Virtue P., Davenport S., Casper R., Swadling K., Hosie G.W., 2010. Krill demography and large scale distribution in the Western Indian Ocean sector of the Southern Ocean (CCAMLR Division 58.4.2) in Austral summer of 2006. Deep-Sea Research II 57 (9–10), 934–947.	false	false		false	true	false		false				Anton Van de Putte	https://orcid.org/0000-0003-1336-5554	true	RMT setup is described in Baker, A. de C., M. R. Clarke, and M. J. Harris. ""The NIO combination net (RMT 1+ 8) and further developments of rectangular midwater trawls."" Journal of the Marine Biological Association of the United Kingdom 53.1 (1973): 167-184. | Towing speed is 4.5 km/h as stated in samplingEffortValue and samplingEffortUnit.		4.5	km/h			
BROKE_WEST_RMT_052_RMT8	BROKE_WEST_RMT_052_RMT8	1	sampling station		RMT_052									not reported		false		false		true	false					survey only		restricted search taxonomic inventory process	Pre-planned routine hauls with standard double oblique tow		Kawaguchi S., Nicol S., Virtue P., Davenport S., Casper R., Swadling K., Hosie G.W., 2010. Krill demography and large scale distribution in the Western Indian Ocean sector of the Southern Ocean (CCAMLR Division 58.4.2) in Austral summer of 2006. Deep-Sea Research II 57 (9–10), 934–947.	false	false		false	true	false		false		59823.99	m3	Anton Van de Putte	https://orcid.org/0000-0003-1336-5554	true	RMT setup is described in Baker, A. de C., M. R. Clarke, and M. J. Harris. ""The NIO combination net (RMT 1+ 8) and further developments of rectangular midwater trawls."" Journal of the Marine Biological Association of the United Kingdom 53.1 (1973): 167-184. | Towing speed is 4.5 km/h as stated in samplingEffortValue and samplingEffortUnit.		4.5	km/h			
BROKE_WEST_RMT_053_RMT1	BROKE_WEST_RMT_053_RMT1	1	sampling station		RMT_053									not reported		false		false		true	false					survey only		restricted search taxonomic inventory process	Pre-planned routine hauls with standard double oblique tow		Kawaguchi S., Nicol S., Virtue P., Davenport S., Casper R., Swadling K., Hosie G.W., 2010. Krill demography and large scale distribution in the Western Indian Ocean sector of the Southern Ocean (CCAMLR Division 58.4.2) in Austral summer of 2006. Deep-Sea Research II 57 (9–10), 934–947.	false	false		false	true	false		false				Anton Van de Putte	https://orcid.org/0000-0003-1336-5554	true	RMT setup is described in Baker, A. de C., M. R. Clarke, and M. J. Harris. ""The NIO combination net (RMT 1+ 8) and further developments of rectangular midwater trawls."" Journal of the Marine Biological Association of the United Kingdom 53.1 (1973): 167-184. | Towing speed is 4.5 km/h as stated in samplingEffortValue and samplingEffortUnit.		4.5	km/h			
BROKE_WEST_RMT_053_RMT8	BROKE_WEST_RMT_053_RMT8	1	sampling station		RMT_053									not reported		false		false		true	false					survey only		restricted search taxonomic inventory process	Pre-planned routine hauls with standard double oblique tow		Kawaguchi S., Nicol S., Virtue P., Davenport S., Casper R., Swadling K., Hosie G.W., 2010. Krill demography and large scale distribution in the Western Indian Ocean sector of the Southern Ocean (CCAMLR Division 58.4.2) in Austral summer of 2006. Deep-Sea Research II 57 (9–10), 934–947.	false	false		false	true	false		false		48158.94	m3	Anton Van de Putte	https://orcid.org/0000-0003-1336-5554	true	RMT setup is described in Baker, A. de C., M. R. Clarke, and M. J. Harris. ""The NIO combination net (RMT 1+ 8) and further developments of rectangular midwater trawls."" Journal of the Marine Biological Association of the United Kingdom 53.1 (1973): 167-184. | Towing speed is 4.5 km/h as stated in samplingEffortValue and samplingEffortUnit.		4.5	km/h			
BROKE_WEST_RMT_054_RMT1	BROKE_WEST_RMT_054_RMT1	1	sampling station		RMT_054									not reported		false		false		true	false					survey only		restricted search taxonomic inventory process	Pre-planned routine hauls with standard double oblique tow		Kawaguchi S., Nicol S., Virtue P., Davenport S., Casper R., Swadling K., Hosie G.W., 2010. Krill demography and large scale distribution in the Western Indian Ocean sector of the Southern Ocean (CCAMLR Division 58.4.2) in Austral summer of 2006. Deep-Sea Research II 57 (9–10), 934–947.	false	false		false	true	false		false				Anton Van de Putte	https://orcid.org/0000-0003-1336-5554	true	RMT setup is described in Baker, A. de C., M. R. Clarke, and M. J. Harris. ""The NIO combination net (RMT 1+ 8) and further developments of rectangular midwater trawls."" Journal of the Marine Biological Association of the United Kingdom 53.1 (1973): 167-184. | Towing speed is 4.5 km/h as stated in samplingEffortValue and samplingEffortUnit.		4.5	km/h			
BROKE_WEST_RMT_054_RMT8	BROKE_WEST_RMT_054_RMT8	1	sampling station		RMT_054									not reported		false		false		true	false					survey only		restricted search taxonomic inventory process	Pre-planned routine hauls with standard double oblique tow		Kawaguchi S., Nicol S., Virtue P., Davenport S., Casper R., Swadling K., Hosie G.W., 2010. Krill demography and large scale distribution in the Western Indian Ocean sector of the Southern Ocean (CCAMLR Division 58.4.2) in Austral summer of 2006. Deep-Sea Research II 57 (9–10), 934–947.	false	false		false	true	false		false		35675.29	m3	Anton Van de Putte	https://orcid.org/0000-0003-1336-5554	true	RMT setup is described in Baker, A. de C., M. R. Clarke, and M. J. Harris. ""The NIO combination net (RMT 1+ 8) and further developments of rectangular midwater trawls."" Journal of the Marine Biological Association of the United Kingdom 53.1 (1973): 167-184. | Towing speed is 4.5 km/h as stated in samplingEffortValue and samplingEffortUnit.		4.5	km/h			
BROKE_WEST_RMT_055_RMT1	BROKE_WEST_RMT_055_RMT1	1	sampling station		RMT_055									not reported		false		false		true	false					survey only		restricted search taxonomic inventory process	Pre-planned routine hauls with standard double oblique tow		Kawaguchi S., Nicol S., Virtue P., Davenport S., Casper R., Swadling K., Hosie G.W., 2010. Krill demography and large scale distribution in the Western Indian Ocean sector of the Southern Ocean (CCAMLR Division 58.4.2) in Austral summer of 2006. Deep-Sea Research II 57 (9–10), 934–947.	false	false		false	true	false		false				Anton Van de Putte	https://orcid.org/0000-0003-1336-5554	true	RMT setup is described in Baker, A. de C., M. R. Clarke, and M. J. Harris. ""The NIO combination net (RMT 1+ 8) and further developments of rectangular midwater trawls."" Journal of the Marine Biological Association of the United Kingdom 53.1 (1973): 167-184. | Towing speed is 4.5 km/h as stated in samplingEffortValue and samplingEffortUnit.		4.5	km/h			
BROKE_WEST_RMT_055_RMT8	BROKE_WEST_RMT_055_RMT8	1	sampling station		RMT_055									not reported		false		false		true	false					survey only		restricted search taxonomic inventory process	Pre-planned routine hauls with standard double oblique tow		Kawaguchi S., Nicol S., Virtue P., Davenport S., Casper R., Swadling K., Hosie G.W., 2010. Krill demography and large scale distribution in the Western Indian Ocean sector of the Southern Ocean (CCAMLR Division 58.4.2) in Austral summer of 2006. Deep-Sea Research II 57 (9–10), 934–947.	false	false		false	true	false		false		69237.02	m3	Anton Van de Putte	https://orcid.org/0000-0003-1336-5554	true	RMT setup is described in Baker, A. de C., M. R. Clarke, and M. J. Harris. ""The NIO combination net (RMT 1+ 8) and further developments of rectangular midwater trawls."" Journal of the Marine Biological Association of the United Kingdom 53.1 (1973): 167-184. | Towing speed is 4.5 km/h as stated in samplingEffortValue and samplingEffortUnit.		4.5	km/h			
BROKE_WEST_RMT_056_RMT1	BROKE_WEST_RMT_056_RMT1	1	sampling station		RMT_056									not reported		false		false		true	false					survey only		restricted search taxonomic inventory process	target trawls on acoustically detected aggregations		Kawaguchi S., Nicol S., Virtue P., Davenport S., Casper R., Swadling K., Hosie G.W., 2010. Krill demography and large scale distribution in the Western Indian Ocean sector of the Southern Ocean (CCAMLR Division 58.4.2) in Austral summer of 2006. Deep-Sea Research II 57 (9–10), 934–947.	false	false		false	true	false		false				Anton Van de Putte	https://orcid.org/0000-0003-1336-5554	true	RMT setup is described in Baker, A. de C., M. R. Clarke, and M. J. Harris. ""The NIO combination net (RMT 1+ 8) and further developments of rectangular midwater trawls."" Journal of the Marine Biological Association of the United Kingdom 53.1 (1973): 167-184. | Towing speed is 4.5 km/h as stated in samplingEffortValue and samplingEffortUnit.		4.5	km/h			
BROKE_WEST_RMT_056_RMT8	BROKE_WEST_RMT_056_RMT8	1	sampling station		RMT_056									not reported		false		false		true	false					survey only		restricted search taxonomic inventory process	target trawls on acoustically detected aggregations		Kawaguchi S., Nicol S., Virtue P., Davenport S., Casper R., Swadling K., Hosie G.W., 2010. Krill demography and large scale distribution in the Western Indian Ocean sector of the Southern Ocean (CCAMLR Division 58.4.2) in Austral summer of 2006. Deep-Sea Research II 57 (9–10), 934–947.	false	false		false	true	false		false		10410.15	m3	Anton Van de Putte	https://orcid.org/0000-0003-1336-5554	true	RMT setup is described in Baker, A. de C., M. R. Clarke, and M. J. Harris. ""The NIO combination net (RMT 1+ 8) and further developments of rectangular midwater trawls."" Journal of the Marine Biological Association of the United Kingdom 53.1 (1973): 167-184. | Towing speed is 4.5 km/h as stated in samplingEffortValue and samplingEffortUnit.		4.5	km/h			
BROKE_WEST_RMT_057_RMT1	BROKE_WEST_RMT_057_RMT1	1	sampling station		RMT_057									not reported		false		false		true	false					survey only		restricted search taxonomic inventory process	target trawls on acoustically detected aggregations		Kawaguchi S., Nicol S., Virtue P., Davenport S., Casper R., Swadling K., Hosie G.W., 2010. Krill demography and large scale distribution in the Western Indian Ocean sector of the Southern Ocean (CCAMLR Division 58.4.2) in Austral summer of 2006. Deep-Sea Research II 57 (9–10), 934–947.	false	false		false	true	false		false				Anton Van de Putte	https://orcid.org/0000-0003-1336-5554	true	RMT setup is described in Baker, A. de C., M. R. Clarke, and M. J. Harris. ""The NIO combination net (RMT 1+ 8) and further developments of rectangular midwater trawls."" Journal of the Marine Biological Association of the United Kingdom 53.1 (1973): 167-184. | Towing speed is 4.5 km/h as stated in samplingEffortValue and samplingEffortUnit.		4.5	km/h			
BROKE_WEST_RMT_057_RMT8	BROKE_WEST_RMT_057_RMT8	1	sampling station		RMT_057									not reported		false		false		true	false					survey only		restricted search taxonomic inventory process	target trawls on acoustically detected aggregations		Kawaguchi S., Nicol S., Virtue P., Davenport S., Casper R., Swadling K., Hosie G.W., 2010. Krill demography and large scale distribution in the Western Indian Ocean sector of the Southern Ocean (CCAMLR Division 58.4.2) in Austral summer of 2006. Deep-Sea Research II 57 (9–10), 934–947.	false	false		false	true	false		false		16426.86	m3	Anton Van de Putte	https://orcid.org/0000-0003-1336-5554	true	RMT setup is described in Baker, A. de C., M. R. Clarke, and M. J. Harris. ""The NIO combination net (RMT 1+ 8) and further developments of rectangular midwater trawls."" Journal of the Marine Biological Association of the United Kingdom 53.1 (1973): 167-184. | Towing speed is 4.5 km/h as stated in samplingEffortValue and samplingEffortUnit.		4.5	km/h			
BROKE_WEST_RMT_058_RMT1	BROKE_WEST_RMT_058_RMT1	1	sampling station		RMT_058									not reported		false		false		true	false					survey only		restricted search taxonomic inventory process	target trawls on acoustically detected aggregations		Kawaguchi S., Nicol S., Virtue P., Davenport S., Casper R., Swadling K., Hosie G.W., 2010. Krill demography and large scale distribution in the Western Indian Ocean sector of the Southern Ocean (CCAMLR Division 58.4.2) in Austral summer of 2006. Deep-Sea Research II 57 (9–10), 934–947.	false	false		false	true	false		false				Anton Van de Putte	https://orcid.org/0000-0003-1336-5554	true	RMT setup is described in Baker, A. de C., M. R. Clarke, and M. J. Harris. ""The NIO combination net (RMT 1+ 8) and further developments of rectangular midwater trawls."" Journal of the Marine Biological Association of the United Kingdom 53.1 (1973): 167-184. | Towing speed is 4.5 km/h as stated in samplingEffortValue and samplingEffortUnit.		4.5	km/h			
BROKE_WEST_RMT_058_RMT8	BROKE_WEST_RMT_058_RMT8	1	sampling station		RMT_058									not reported		false		false		true	false					survey only		restricted search taxonomic inventory process	target trawls on acoustically detected aggregations		Kawaguchi S., Nicol S., Virtue P., Davenport S., Casper R., Swadling K., Hosie G.W., 2010. Krill demography and large scale distribution in the Western Indian Ocean sector of the Southern Ocean (CCAMLR Division 58.4.2) in Austral summer of 2006. Deep-Sea Research II 57 (9–10), 934–947.	false	false		false	true	false		false		12632.56	m3	Anton Van de Putte	https://orcid.org/0000-0003-1336-5554	true	RMT setup is described in Baker, A. de C., M. R. Clarke, and M. J. Harris. ""The NIO combination net (RMT 1+ 8) and further developments of rectangular midwater trawls."" Journal of the Marine Biological Association of the United Kingdom 53.1 (1973): 167-184. | Towing speed is 4.5 km/h as stated in samplingEffortValue and samplingEffortUnit.		4.5	km/h			
BROKE_WEST_RMT_059_RMT1	BROKE_WEST_RMT_059_RMT1	1	sampling station		RMT_059									not reported		false		false		true	false					survey only		restricted search taxonomic inventory process	Pre-planned routine hauls with standard double oblique tow		Kawaguchi S., Nicol S., Virtue P., Davenport S., Casper R., Swadling K., Hosie G.W., 2010. Krill demography and large scale distribution in the Western Indian Ocean sector of the Southern Ocean (CCAMLR Division 58.4.2) in Austral summer of 2006. Deep-Sea Research II 57 (9–10), 934–947.	false	false		false	true	false		false				Anton Van de Putte	https://orcid.org/0000-0003-1336-5554	true	RMT setup is described in Baker, A. de C., M. R. Clarke, and M. J. Harris. ""The NIO combination net (RMT 1+ 8) and further developments of rectangular midwater trawls."" Journal of the Marine Biological Association of the United Kingdom 53.1 (1973): 167-184. | Towing speed is 4.5 km/h as stated in samplingEffortValue and samplingEffortUnit.		4.5	km/h			
BROKE_WEST_RMT_059_RMT8	BROKE_WEST_RMT_059_RMT8	1	sampling station		RMT_059									not reported		false		false		true	false					survey only		restricted search taxonomic inventory process	Pre-planned routine hauls with standard double oblique tow		Kawaguchi S., Nicol S., Virtue P., Davenport S., Casper R., Swadling K., Hosie G.W., 2010. Krill demography and large scale distribution in the Western Indian Ocean sector of the Southern Ocean (CCAMLR Division 58.4.2) in Austral summer of 2006. Deep-Sea Research II 57 (9–10), 934–947.	false	false		false	true	false		false		35720.57	m3	Anton Van de Putte	https://orcid.org/0000-0003-1336-5554	true	RMT setup is described in Baker, A. de C., M. R. Clarke, and M. J. Harris. ""The NIO combination net (RMT 1+ 8) and further developments of rectangular midwater trawls."" Journal of the Marine Biological Association of the United Kingdom 53.1 (1973): 167-184. | Towing speed is 4.5 km/h as stated in samplingEffortValue and samplingEffortUnit.		4.5	km/h			
BROKE_WEST_RMT_060_RMT1	BROKE_WEST_RMT_060_RMT1	1	sampling station		RMT_060									not reported		false		false		true	false					survey only		restricted search taxonomic inventory process	target trawls on acoustically detected aggregations		Kawaguchi S., Nicol S., Virtue P., Davenport S., Casper R., Swadling K., Hosie G.W., 2010. Krill demography and large scale distribution in the Western Indian Ocean sector of the Southern Ocean (CCAMLR Division 58.4.2) in Austral summer of 2006. Deep-Sea Research II 57 (9–10), 934–947.	false	false		false	true	false		false				Anton Van de Putte	https://orcid.org/0000-0003-1336-5554	true	RMT setup is described in Baker, A. de C., M. R. Clarke, and M. J. Harris. ""The NIO combination net (RMT 1+ 8) and further developments of rectangular midwater trawls."" Journal of the Marine Biological Association of the United Kingdom 53.1 (1973): 167-184. | Towing speed is 4.5 km/h as stated in samplingEffortValue and samplingEffortUnit.		4.5	km/h			
BROKE_WEST_RMT_060_RMT8	BROKE_WEST_RMT_060_RMT8	1	sampling station		RMT_060									not reported		false		false		true	false					survey only		restricted search taxonomic inventory process	target trawls on acoustically detected aggregations		Kawaguchi S., Nicol S., Virtue P., Davenport S., Casper R., Swadling K., Hosie G.W., 2010. Krill demography and large scale distribution in the Western Indian Ocean sector of the Southern Ocean (CCAMLR Division 58.4.2) in Austral summer of 2006. Deep-Sea Research II 57 (9–10), 934–947.	false	false		false	true	false		false		7568.56	m3	Anton Van de Putte	https://orcid.org/0000-0003-1336-5554	true	RMT setup is described in Baker, A. de C., M. R. Clarke, and M. J. Harris. ""The NIO combination net (RMT 1+ 8) and further developments of rectangular midwater trawls."" Journal of the Marine Biological Association of the United Kingdom 53.1 (1973): 167-184. | Towing speed is 4.5 km/h as stated in samplingEffortValue and samplingEffortUnit.		4.5	km/h			
BROKE_WEST_RMT_061_RMT1	BROKE_WEST_RMT_061_RMT1	1	sampling station		RMT_061									not reported		false		false		true	false					survey only		restricted search taxonomic inventory process	Pre-planned routine hauls with standard double oblique tow		Kawaguchi S., Nicol S., Virtue P., Davenport S., Casper R., Swadling K., Hosie G.W., 2010. Krill demography and large scale distribution in the Western Indian Ocean sector of the Southern Ocean (CCAMLR Division 58.4.2) in Austral summer of 2006. Deep-Sea Research II 57 (9–10), 934–947.	false	false		false	true	false		false				Anton Van de Putte	https://orcid.org/0000-0003-1336-5554	true	RMT setup is described in Baker, A. de C., M. R. Clarke, and M. J. Harris. ""The NIO combination net (RMT 1+ 8) and further developments of rectangular midwater trawls."" Journal of the Marine Biological Association of the United Kingdom 53.1 (1973): 167-184. | Towing speed is 4.5 km/h as stated in samplingEffortValue and samplingEffortUnit.		4.5	km/h			
BROKE_WEST_RMT_061_RMT8	BROKE_WEST_RMT_061_RMT8	1	sampling station		RMT_061									not reported		false		false		true	false					survey only		restricted search taxonomic inventory process	Pre-planned routine hauls with standard double oblique tow		Kawaguchi S., Nicol S., Virtue P., Davenport S., Casper R., Swadling K., Hosie G.W., 2010. Krill demography and large scale distribution in the Western Indian Ocean sector of the Southern Ocean (CCAMLR Division 58.4.2) in Austral summer of 2006. Deep-Sea Research II 57 (9–10), 934–947.	false	false		false	true	false		false		39668.14	m3	Anton Van de Putte	https://orcid.org/0000-0003-1336-5554	true	RMT setup is described in Baker, A. de C., M. R. Clarke, and M. J. Harris. ""The NIO combination net (RMT 1+ 8) and further developments of rectangular midwater trawls."" Journal of the Marine Biological Association of the United Kingdom 53.1 (1973): 167-184. | Towing speed is 4.5 km/h as stated in samplingEffortValue and samplingEffortUnit.		4.5	km/h			
BROKE_WEST_RMT_062_RMT1	BROKE_WEST_RMT_062_RMT1	1	sampling station		RMT_062									not reported		false		false		true	false					survey only		restricted search taxonomic inventory process	target trawls on acoustically detected aggregations		Kawaguchi S., Nicol S., Virtue P., Davenport S., Casper R., Swadling K., Hosie G.W., 2010. Krill demography and large scale distribution in the Western Indian Ocean sector of the Southern Ocean (CCAMLR Division 58.4.2) in Austral summer of 2006. Deep-Sea Research II 57 (9–10), 934–947.	false	false		false	true	false		false				Anton Van de Putte	https://orcid.org/0000-0003-1336-5554	true	RMT setup is described in Baker, A. de C., M. R. Clarke, and M. J. Harris. ""The NIO combination net (RMT 1+ 8) and further developments of rectangular midwater trawls."" Journal of the Marine Biological Association of the United Kingdom 53.1 (1973): 167-184. | Towing speed is 4.5 km/h as stated in samplingEffortValue and samplingEffortUnit.		4.5	km/h			
BROKE_WEST_RMT_062_RMT8	BROKE_WEST_RMT_062_RMT8	1	sampling station		RMT_062									not reported		false		false		true	false					survey only		restricted search taxonomic inventory process	target trawls on acoustically detected aggregations		Kawaguchi S., Nicol S., Virtue P., Davenport S., Casper R., Swadling K., Hosie G.W., 2010. Krill demography and large scale distribution in the Western Indian Ocean sector of the Southern Ocean (CCAMLR Division 58.4.2) in Austral summer of 2006. Deep-Sea Research II 57 (9–10), 934–947.	false	false		false	true	false		false		13660.17	m3	Anton Van de Putte	https://orcid.org/0000-0003-1336-5554	true	RMT setup is described in Baker, A. de C., M. R. Clarke, and M. J. Harris. ""The NIO combination net (RMT 1+ 8) and further developments of rectangular midwater trawls."" Journal of the Marine Biological Association of the United Kingdom 53.1 (1973): 167-184. | Towing speed is 4.5 km/h as stated in samplingEffortValue and samplingEffortUnit.		4.5	km/h			
BROKE_WEST_RMT_063_RMT1	BROKE_WEST_RMT_063_RMT1	1	sampling station		RMT_063									not reported		false		false		true	false					survey only		restricted search taxonomic inventory process	target trawls on acoustically detected aggregations		Kawaguchi S., Nicol S., Virtue P., Davenport S., Casper R., Swadling K., Hosie G.W., 2010. Krill demography and large scale distribution in the Western Indian Ocean sector of the Southern Ocean (CCAMLR Division 58.4.2) in Austral summer of 2006. Deep-Sea Research II 57 (9–10), 934–947.	false	false		false	true	false		false				Anton Van de Putte	https://orcid.org/0000-0003-1336-5554	true	RMT setup is described in Baker, A. de C., M. R. Clarke, and M. J. Harris. ""The NIO combination net (RMT 1+ 8) and further developments of rectangular midwater trawls."" Journal of the Marine Biological Association of the United Kingdom 53.1 (1973): 167-184. | Towing speed is 4.5 km/h as stated in samplingEffortValue and samplingEffortUnit.		4.5	km/h			
BROKE_WEST_RMT_063_RMT8	BROKE_WEST_RMT_063_RMT8	1	sampling station		RMT_063									not reported		false		false		true	false					survey only		restricted search taxonomic inventory process	target trawls on acoustically detected aggregations		Kawaguchi S., Nicol S., Virtue P., Davenport S., Casper R., Swadling K., Hosie G.W., 2010. Krill demography and large scale distribution in the Western Indian Ocean sector of the Southern Ocean (CCAMLR Division 58.4.2) in Austral summer of 2006. Deep-Sea Research II 57 (9–10), 934–947.	false	false		false	true	false		false		9452.21	m3	Anton Van de Putte	https://orcid.org/0000-0003-1336-5554	true	RMT setup is described in Baker, A. de C., M. R. Clarke, and M. J. Harris. ""The NIO combination net (RMT 1+ 8) and further developments of rectangular midwater trawls."" Journal of the Marine Biological Association of the United Kingdom 53.1 (1973): 167-184. | Towing speed is 4.5 km/h as stated in samplingEffortValue and samplingEffortUnit.		4.5	km/h			
BROKE_WEST_RMT_064_RMT1	BROKE_WEST_RMT_064_RMT1	1	sampling station		RMT_064									not reported		false		false		true	false					survey only		restricted search taxonomic inventory process	target trawls on acoustically detected aggregations		Kawaguchi S., Nicol S., Virtue P., Davenport S., Casper R., Swadling K., Hosie G.W., 2010. Krill demography and large scale distribution in the Western Indian Ocean sector of the Southern Ocean (CCAMLR Division 58.4.2) in Austral summer of 2006. Deep-Sea Research II 57 (9–10), 934–947.	false	false		false	true	false		false				Anton Van de Putte	https://orcid.org/0000-0003-1336-5554	true	RMT setup is described in Baker, A. de C., M. R. Clarke, and M. J. Harris. ""The NIO combination net (RMT 1+ 8) and further developments of rectangular midwater trawls."" Journal of the Marine Biological Association of the United Kingdom 53.1 (1973): 167-184. | Towing speed is 4.5 km/h as stated in samplingEffortValue and samplingEffortUnit.		4.5	km/h			
BROKE_WEST_RMT_064_RMT8	BROKE_WEST_RMT_064_RMT8	1	sampling station		RMT_064									not reported		false		false		true	false					survey only		restricted search taxonomic inventory process	target trawls on acoustically detected aggregations		Kawaguchi S., Nicol S., Virtue P., Davenport S., Casper R., Swadling K., Hosie G.W., 2010. Krill demography and large scale distribution in the Western Indian Ocean sector of the Southern Ocean (CCAMLR Division 58.4.2) in Austral summer of 2006. Deep-Sea Research II 57 (9–10), 934–947.	false	false		false	true	false		false		7959.58	m3	Anton Van de Putte	https://orcid.org/0000-0003-1336-5554	true	RMT setup is described in Baker, A. de C., M. R. Clarke, and M. J. Harris. ""The NIO combination net (RMT 1+ 8) and further developments of rectangular midwater trawls."" Journal of the Marine Biological Association of the United Kingdom 53.1 (1973): 167-184. | Towing speed is 4.5 km/h as stated in samplingEffortValue and samplingEffortUnit.		4.5	km/h			
BROKE_WEST_RMT_065_RMT1	BROKE_WEST_RMT_065_RMT1	1	sampling station		RMT_065									not reported		false		false		true	false					survey only		restricted search taxonomic inventory process	target trawls on acoustically detected aggregations		Kawaguchi S., Nicol S., Virtue P., Davenport S., Casper R., Swadling K., Hosie G.W., 2010. Krill demography and large scale distribution in the Western Indian Ocean sector of the Southern Ocean (CCAMLR Division 58.4.2) in Austral summer of 2006. Deep-Sea Research II 57 (9–10), 934–947.	false	false		false	true	false		false				Anton Van de Putte	https://orcid.org/0000-0003-1336-5554	true	RMT setup is described in Baker, A. de C., M. R. Clarke, and M. J. Harris. ""The NIO combination net (RMT 1+ 8) and further developments of rectangular midwater trawls."" Journal of the Marine Biological Association of the United Kingdom 53.1 (1973): 167-184. | Towing speed is 4.5 km/h as stated in samplingEffortValue and samplingEffortUnit.		4.5	km/h			
BROKE_WEST_RMT_065_RMT8	BROKE_WEST_RMT_065_RMT8	1	sampling station		RMT_065									not reported		false		false		true	false					survey only		restricted search taxonomic inventory process	target trawls on acoustically detected aggregations		Kawaguchi S., Nicol S., Virtue P., Davenport S., Casper R., Swadling K., Hosie G.W., 2010. Krill demography and large scale distribution in the Western Indian Ocean sector of the Southern Ocean (CCAMLR Division 58.4.2) in Austral summer of 2006. Deep-Sea Research II 57 (9–10), 934–947.	false	false		false	true	false		false		7942.16	m3	Anton Van de Putte	https://orcid.org/0000-0003-1336-5554	true	RMT setup is described in Baker, A. de C., M. R. Clarke, and M. J. Harris. ""The NIO combination net (RMT 1+ 8) and further developments of rectangular midwater trawls."" Journal of the Marine Biological Association of the United Kingdom 53.1 (1973): 167-184. | Towing speed is 4.5 km/h as stated in samplingEffortValue and samplingEffortUnit.		4.5	km/h			
BROKE_WEST_RMT_066_RMT1	BROKE_WEST_RMT_066_RMT1	1	sampling station		RMT_066									not reported		false		false		true	false					survey only		restricted search taxonomic inventory process	Pre-planned routine hauls with standard double oblique tow		Kawaguchi S., Nicol S., Virtue P., Davenport S., Casper R., Swadling K., Hosie G.W., 2010. Krill demography and large scale distribution in the Western Indian Ocean sector of the Southern Ocean (CCAMLR Division 58.4.2) in Austral summer of 2006. Deep-Sea Research II 57 (9–10), 934–947.	false	false		false	true	false		false				Anton Van de Putte	https://orcid.org/0000-0003-1336-5554	true	RMT setup is described in Baker, A. de C., M. R. Clarke, and M. J. Harris. ""The NIO combination net (RMT 1+ 8) and further developments of rectangular midwater trawls."" Journal of the Marine Biological Association of the United Kingdom 53.1 (1973): 167-184. | Towing speed is 4.5 km/h as stated in samplingEffortValue and samplingEffortUnit.		4.5	km/h			
BROKE_WEST_RMT_066_RMT8	BROKE_WEST_RMT_066_RMT8	1	sampling station		RMT_066									not reported		false		false		true	false					survey only		restricted search taxonomic inventory process	Pre-planned routine hauls with standard double oblique tow		Kawaguchi S., Nicol S., Virtue P., Davenport S., Casper R., Swadling K., Hosie G.W., 2010. Krill demography and large scale distribution in the Western Indian Ocean sector of the Southern Ocean (CCAMLR Division 58.4.2) in Austral summer of 2006. Deep-Sea Research II 57 (9–10), 934–947.	false	false		false	true	false		false		37069.52	m3	Anton Van de Putte	https://orcid.org/0000-0003-1336-5554	true	RMT setup is described in Baker, A. de C., M. R. Clarke, and M. J. Harris. ""The NIO combination net (RMT 1+ 8) and further developments of rectangular midwater trawls."" Journal of the Marine Biological Association of the United Kingdom 53.1 (1973): 167-184. | Towing speed is 4.5 km/h as stated in samplingEffortValue and samplingEffortUnit.		4.5	km/h			
BROKE_WEST_RMT_067_RMT1	BROKE_WEST_RMT_067_RMT1	1	sampling station		RMT_067									not reported		false		false		true	false					survey only		restricted search taxonomic inventory process	target trawls on acoustically detected aggregations		Kawaguchi S., Nicol S., Virtue P., Davenport S., Casper R., Swadling K., Hosie G.W., 2010. Krill demography and large scale distribution in the Western Indian Ocean sector of the Southern Ocean (CCAMLR Division 58.4.2) in Austral summer of 2006. Deep-Sea Research II 57 (9–10), 934–947.	false	false		false	true	false		false				Anton Van de Putte	https://orcid.org/0000-0003-1336-5554	true	RMT setup is described in Baker, A. de C., M. R. Clarke, and M. J. Harris. ""The NIO combination net (RMT 1+ 8) and further developments of rectangular midwater trawls."" Journal of the Marine Biological Association of the United Kingdom 53.1 (1973): 167-184. | Towing speed is 4.5 km/h as stated in samplingEffortValue and samplingEffortUnit.		4.5	km/h			
BROKE_WEST_RMT_067_RMT8	BROKE_WEST_RMT_067_RMT8	1	sampling station		RMT_067									not reported		false		false		true	false					survey only		restricted search taxonomic inventory process	target trawls on acoustically detected aggregations		Kawaguchi S., Nicol S., Virtue P., Davenport S., Casper R., Swadling K., Hosie G.W., 2010. Krill demography and large scale distribution in the Western Indian Ocean sector of the Southern Ocean (CCAMLR Division 58.4.2) in Austral summer of 2006. Deep-Sea Research II 57 (9–10), 934–947.	false	false		false	true	false		false		12324.28	m3	Anton Van de Putte	https://orcid.org/0000-0003-1336-5554	true	RMT setup is described in Baker, A. de C., M. R. Clarke, and M. J. Harris. ""The NIO combination net (RMT 1+ 8) and further developments of rectangular midwater trawls."" Journal of the Marine Biological Association of the United Kingdom 53.1 (1973): 167-184. | Towing speed is 4.5 km/h as stated in samplingEffortValue and samplingEffortUnit.		4.5	km/h			
BROKE_WEST_RMT_068_RMT1	BROKE_WEST_RMT_068_RMT1	1	sampling station		RMT_068									not reported		false		false		true	false					survey only		restricted search taxonomic inventory process	target trawls on acoustically detected aggregations		Kawaguchi S., Nicol S., Virtue P., Davenport S., Casper R., Swadling K., Hosie G.W., 2010. Krill demography and large scale distribution in the Western Indian Ocean sector of the Southern Ocean (CCAMLR Division 58.4.2) in Austral summer of 2006. Deep-Sea Research II 57 (9–10), 934–947.	false	false		false	true	false		false				Anton Van de Putte	https://orcid.org/0000-0003-1336-5554	true	RMT setup is described in Baker, A. de C., M. R. Clarke, and M. J. Harris. ""The NIO combination net (RMT 1+ 8) and further developments of rectangular midwater trawls."" Journal of the Marine Biological Association of the United Kingdom 53.1 (1973): 167-184. | Towing speed is 4.5 km/h as stated in samplingEffortValue and samplingEffortUnit.		4.5	km/h			
BROKE_WEST_RMT_068_RMT8	BROKE_WEST_RMT_068_RMT8	1	sampling station		RMT_068									not reported		false		false		true	false					survey only		restricted search taxonomic inventory process	target trawls on acoustically detected aggregations		Kawaguchi S., Nicol S., Virtue P., Davenport S., Casper R., Swadling K., Hosie G.W., 2010. Krill demography and large scale distribution in the Western Indian Ocean sector of the Southern Ocean (CCAMLR Division 58.4.2) in Austral summer of 2006. Deep-Sea Research II 57 (9–10), 934–947.	false	false		false	true	false		false		22824.13	m3	Anton Van de Putte	https://orcid.org/0000-0003-1336-5554	true	RMT setup is described in Baker, A. de C., M. R. Clarke, and M. J. Harris. ""The NIO combination net (RMT 1+ 8) and further developments of rectangular midwater trawls."" Journal of the Marine Biological Association of the United Kingdom 53.1 (1973): 167-184. | Towing speed is 4.5 km/h as stated in samplingEffortValue and samplingEffortUnit.		4.5	km/h			
BROKE_WEST_RMT_069_RMT1	BROKE_WEST_RMT_069_RMT1	1	sampling station		RMT_069									not reported		false		false		true	false					survey only		restricted search taxonomic inventory process	Pre-planned routine hauls with standard double oblique tow		Kawaguchi S., Nicol S., Virtue P., Davenport S., Casper R., Swadling K., Hosie G.W., 2010. Krill demography and large scale distribution in the Western Indian Ocean sector of the Southern Ocean (CCAMLR Division 58.4.2) in Austral summer of 2006. Deep-Sea Research II 57 (9–10), 934–947.	false	false		false	true	false		false				Anton Van de Putte	https://orcid.org/0000-0003-1336-5554	true	RMT setup is described in Baker, A. de C., M. R. Clarke, and M. J. Harris. ""The NIO combination net (RMT 1+ 8) and further developments of rectangular midwater trawls."" Journal of the Marine Biological Association of the United Kingdom 53.1 (1973): 167-184. | Towing speed is 4.5 km/h as stated in samplingEffortValue and samplingEffortUnit.		4.5	km/h			
BROKE_WEST_RMT_069_RMT8	BROKE_WEST_RMT_069_RMT8	1	sampling station		RMT_069									not reported		false		false		true	false					survey only		restricted search taxonomic inventory process	Pre-planned routine hauls with standard double oblique tow		Kawaguchi S., Nicol S., Virtue P., Davenport S., Casper R., Swadling K., Hosie G.W., 2010. Krill demography and large scale distribution in the Western Indian Ocean sector of the Southern Ocean (CCAMLR Division 58.4.2) in Austral summer of 2006. Deep-Sea Research II 57 (9–10), 934–947.	false	false		false	true	false		false		43797.71	m3	Anton Van de Putte	https://orcid.org/0000-0003-1336-5554	true	RMT setup is described in Baker, A. de C., M. R. Clarke, and M. J. Harris. ""The NIO combination net (RMT 1+ 8) and further developments of rectangular midwater trawls."" Journal of the Marine Biological Association of the United Kingdom 53.1 (1973): 167-184. | Towing speed is 4.5 km/h as stated in samplingEffortValue and samplingEffortUnit.		4.5	km/h			
BROKE_WEST_RMT_070_RMT1	BROKE_WEST_RMT_070_RMT1	1	sampling station		RMT_070									not reported		false		false		true	false					survey only		restricted search taxonomic inventory process	target trawls on acoustically detected aggregations		Kawaguchi S., Nicol S., Virtue P., Davenport S., Casper R., Swadling K., Hosie G.W., 2010. Krill demography and large scale distribution in the Western Indian Ocean sector of the Southern Ocean (CCAMLR Division 58.4.2) in Austral summer of 2006. Deep-Sea Research II 57 (9–10), 934–947.	false	false		false	true	false		false				Anton Van de Putte	https://orcid.org/0000-0003-1336-5554	true	RMT setup is described in Baker, A. de C., M. R. Clarke, and M. J. Harris. ""The NIO combination net (RMT 1+ 8) and further developments of rectangular midwater trawls."" Journal of the Marine Biological Association of the United Kingdom 53.1 (1973): 167-184. | Towing speed is 4.5 km/h as stated in samplingEffortValue and samplingEffortUnit.		4.5	km/h			
BROKE_WEST_RMT_070_RMT8	BROKE_WEST_RMT_070_RMT8	1	sampling station		RMT_070									not reported		false		false		true	false					survey only		restricted search taxonomic inventory process	target trawls on acoustically detected aggregations		Kawaguchi S., Nicol S., Virtue P., Davenport S., Casper R., Swadling K., Hosie G.W., 2010. Krill demography and large scale distribution in the Western Indian Ocean sector of the Southern Ocean (CCAMLR Division 58.4.2) in Austral summer of 2006. Deep-Sea Research II 57 (9–10), 934–947.	false	false		false	true	false		false		18387.15	m3	Anton Van de Putte	https://orcid.org/0000-0003-1336-5554	true	RMT setup is described in Baker, A. de C., M. R. Clarke, and M. J. Harris. ""The NIO combination net (RMT 1+ 8) and further developments of rectangular midwater trawls."" Journal of the Marine Biological Association of the United Kingdom 53.1 (1973): 167-184. | Towing speed is 4.5 km/h as stated in samplingEffortValue and samplingEffortUnit.		4.5	km/h			
BROKE_WEST_RMT_071_RMT1	BROKE_WEST_RMT_071_RMT1	1	sampling station		RMT_071									not reported		false		false		true	false					survey only		restricted search taxonomic inventory process	target trawls on acoustically detected aggregations		Kawaguchi S., Nicol S., Virtue P., Davenport S., Casper R., Swadling K., Hosie G.W., 2010. Krill demography and large scale distribution in the Western Indian Ocean sector of the Southern Ocean (CCAMLR Division 58.4.2) in Austral summer of 2006. Deep-Sea Research II 57 (9–10), 934–947.	false	false		false	true	false		false				Anton Van de Putte	https://orcid.org/0000-0003-1336-5554	true	RMT setup is described in Baker, A. de C., M. R. Clarke, and M. J. Harris. ""The NIO combination net (RMT 1+ 8) and further developments of rectangular midwater trawls."" Journal of the Marine Biological Association of the United Kingdom 53.1 (1973): 167-184. | Towing speed is 4.5 km/h as stated in samplingEffortValue and samplingEffortUnit.		4.5	km/h			
BROKE_WEST_RMT_071_RMT8	BROKE_WEST_RMT_071_RMT8	1	sampling station		RMT_071									not reported		false		false		true	false					survey only		restricted search taxonomic inventory process	target trawls on acoustically detected aggregations		Kawaguchi S., Nicol S., Virtue P., Davenport S., Casper R., Swadling K., Hosie G.W., 2010. Krill demography and large scale distribution in the Western Indian Ocean sector of the Southern Ocean (CCAMLR Division 58.4.2) in Austral summer of 2006. Deep-Sea Research II 57 (9–10), 934–947.	false	false		false	true	false		false		18833.02	m3	Anton Van de Putte	https://orcid.org/0000-0003-1336-5554	true	RMT setup is described in Baker, A. de C., M. R. Clarke, and M. J. Harris. ""The NIO combination net (RMT 1+ 8) and further developments of rectangular midwater trawls."" Journal of the Marine Biological Association of the United Kingdom 53.1 (1973): 167-184. | Towing speed is 4.5 km/h as stated in samplingEffortValue and samplingEffortUnit.		4.5	km/h			
BROKE_WEST_RMT_072_RMT1	BROKE_WEST_RMT_072_RMT1	1	sampling station		RMT_072									not reported		false		false		true	false					survey only		restricted search taxonomic inventory process	Pre-planned routine hauls with standard double oblique tow		Kawaguchi S., Nicol S., Virtue P., Davenport S., Casper R., Swadling K., Hosie G.W., 2010. Krill demography and large scale distribution in the Western Indian Ocean sector of the Southern Ocean (CCAMLR Division 58.4.2) in Austral summer of 2006. Deep-Sea Research II 57 (9–10), 934–947.	false	false		false	true	false		false				Anton Van de Putte	https://orcid.org/0000-0003-1336-5554	true	RMT setup is described in Baker, A. de C., M. R. Clarke, and M. J. Harris. ""The NIO combination net (RMT 1+ 8) and further developments of rectangular midwater trawls."" Journal of the Marine Biological Association of the United Kingdom 53.1 (1973): 167-184. | Towing speed is 4.5 km/h as stated in samplingEffortValue and samplingEffortUnit.		4.5	km/h			
BROKE_WEST_RMT_072_RMT8	BROKE_WEST_RMT_072_RMT8	1	sampling station		RMT_072									not reported		false		false		true	false					survey only		restricted search taxonomic inventory process	Pre-planned routine hauls with standard double oblique tow		Kawaguchi S., Nicol S., Virtue P., Davenport S., Casper R., Swadling K., Hosie G.W., 2010. Krill demography and large scale distribution in the Western Indian Ocean sector of the Southern Ocean (CCAMLR Division 58.4.2) in Austral summer of 2006. Deep-Sea Research II 57 (9–10), 934–947.	false	false		false	true	false		false		35172.8	m3	Anton Van de Putte	https://orcid.org/0000-0003-1336-5554	true	RMT setup is described in Baker, A. de C., M. R. Clarke, and M. J. Harris. ""The NIO combination net (RMT 1+ 8) and further developments of rectangular midwater trawls."" Journal of the Marine Biological Association of the United Kingdom 53.1 (1973): 167-184. | Towing speed is 4.5 km/h as stated in samplingEffortValue and samplingEffortUnit.		4.5	km/h			
BROKE_WEST_RMT_073_RMT1	BROKE_WEST_RMT_073_RMT1	1	sampling station		RMT_073									not reported		false		false		true	false					survey only		restricted search taxonomic inventory process	target trawls on acoustically detected aggregations		Kawaguchi S., Nicol S., Virtue P., Davenport S., Casper R., Swadling K., Hosie G.W., 2010. Krill demography and large scale distribution in the Western Indian Ocean sector of the Southern Ocean (CCAMLR Division 58.4.2) in Austral summer of 2006. Deep-Sea Research II 57 (9–10), 934–947.	false	false		false	true	false		false				Anton Van de Putte	https://orcid.org/0000-0003-1336-5554	true	RMT setup is described in Baker, A. de C., M. R. Clarke, and M. J. Harris. ""The NIO combination net (RMT 1+ 8) and further developments of rectangular midwater trawls."" Journal of the Marine Biological Association of the United Kingdom 53.1 (1973): 167-184. | Towing speed is 4.5 km/h as stated in samplingEffortValue and samplingEffortUnit.		4.5	km/h			
BROKE_WEST_RMT_073_RMT8	BROKE_WEST_RMT_073_RMT8	1	sampling station		RMT_073									not reported		false		false		true	false					survey only		restricted search taxonomic inventory process	target trawls on acoustically detected aggregations		Kawaguchi S., Nicol S., Virtue P., Davenport S., Casper R., Swadling K., Hosie G.W., 2010. Krill demography and large scale distribution in the Western Indian Ocean sector of the Southern Ocean (CCAMLR Division 58.4.2) in Austral summer of 2006. Deep-Sea Research II 57 (9–10), 934–947.	false	false		false	true	false		false		20588.66	m3	Anton Van de Putte	https://orcid.org/0000-0003-1336-5554	true	RMT setup is described in Baker, A. de C., M. R. Clarke, and M. J. Harris. ""The NIO combination net (RMT 1+ 8) and further developments of rectangular midwater trawls."" Journal of the Marine Biological Association of the United Kingdom 53.1 (1973): 167-184. | Towing speed is 4.5 km/h as stated in samplingEffortValue and samplingEffortUnit.		4.5	km/h			
BROKE_WEST_RMT_074_RMT1	BROKE_WEST_RMT_074_RMT1	1	sampling station		RMT_074									not reported		false		false		true	false					survey only		restricted search taxonomic inventory process	target trawls on acoustically detected aggregations		Kawaguchi S., Nicol S., Virtue P., Davenport S., Casper R., Swadling K., Hosie G.W., 2010. Krill demography and large scale distribution in the Western Indian Ocean sector of the Southern Ocean (CCAMLR Division 58.4.2) in Austral summer of 2006. Deep-Sea Research II 57 (9–10), 934–947.	false	false		false	true	false		false				Anton Van de Putte	https://orcid.org/0000-0003-1336-5554	true	RMT setup is described in Baker, A. de C., M. R. Clarke, and M. J. Harris. ""The NIO combination net (RMT 1+ 8) and further developments of rectangular midwater trawls."" Journal of the Marine Biological Association of the United Kingdom 53.1 (1973): 167-184. | Towing speed is 4.5 km/h as stated in samplingEffortValue and samplingEffortUnit.		4.5	km/h			
BROKE_WEST_RMT_074_RMT8	BROKE_WEST_RMT_074_RMT8	1	sampling station		RMT_074									not reported		false		false		true	false					survey only		restricted search taxonomic inventory process	target trawls on acoustically detected aggregations		Kawaguchi S., Nicol S., Virtue P., Davenport S., Casper R., Swadling K., Hosie G.W., 2010. Krill demography and large scale distribution in the Western Indian Ocean sector of the Southern Ocean (CCAMLR Division 58.4.2) in Austral summer of 2006. Deep-Sea Research II 57 (9–10), 934–947.	false	false		false	true	false		false		11891.47	m3	Anton Van de Putte	https://orcid.org/0000-0003-1336-5554	true	RMT setup is described in Baker, A. de C., M. R. Clarke, and M. J. Harris. ""The NIO combination net (RMT 1+ 8) and further developments of rectangular midwater trawls."" Journal of the Marine Biological Association of the United Kingdom 53.1 (1973): 167-184. | Towing speed is 4.5 km/h as stated in samplingEffortValue and samplingEffortUnit.		4.5	km/h			
BROKE_WEST_RMT_075_RMT1	BROKE_WEST_RMT_075_RMT1	1	sampling station		RMT_075									not reported		false		false		true	false					survey only		restricted search taxonomic inventory process	target trawls on acoustically detected aggregations		Kawaguchi S., Nicol S., Virtue P., Davenport S., Casper R., Swadling K., Hosie G.W., 2010. Krill demography and large scale distribution in the Western Indian Ocean sector of the Southern Ocean (CCAMLR Division 58.4.2) in Austral summer of 2006. Deep-Sea Research II 57 (9–10), 934–947.	false	false		false	true	false		false				Anton Van de Putte	https://orcid.org/0000-0003-1336-5554	true	RMT setup is described in Baker, A. de C., M. R. Clarke, and M. J. Harris. ""The NIO combination net (RMT 1+ 8) and further developments of rectangular midwater trawls."" Journal of the Marine Biological Association of the United Kingdom 53.1 (1973): 167-184. | Towing speed is 4.5 km/h as stated in samplingEffortValue and samplingEffortUnit.		4.5	km/h			
BROKE_WEST_RMT_075_RMT8	BROKE_WEST_RMT_075_RMT8	1	sampling station		RMT_075									not reported		false		false		true	false					survey only		restricted search taxonomic inventory process	target trawls on acoustically detected aggregations		Kawaguchi S., Nicol S., Virtue P., Davenport S., Casper R., Swadling K., Hosie G.W., 2010. Krill demography and large scale distribution in the Western Indian Ocean sector of the Southern Ocean (CCAMLR Division 58.4.2) in Austral summer of 2006. Deep-Sea Research II 57 (9–10), 934–947.	false	false		false	true	false		false		5412.34	m3	Anton Van de Putte	https://orcid.org/0000-0003-1336-5554	true	RMT setup is described in Baker, A. de C., M. R. Clarke, and M. J. Harris. ""The NIO combination net (RMT 1+ 8) and further developments of rectangular midwater trawls."" Journal of the Marine Biological Association of the United Kingdom 53.1 (1973): 167-184. | Towing speed is 4.5 km/h as stated in samplingEffortValue and samplingEffortUnit.		4.5	km/h			
BROKE_WEST_RMT_076_RMT1	BROKE_WEST_RMT_076_RMT1	1	sampling station		RMT_076									not reported		false		false		true	false					survey only		restricted search taxonomic inventory process	target trawls on acoustically detected aggregations		Kawaguchi S., Nicol S., Virtue P., Davenport S., Casper R., Swadling K., Hosie G.W., 2010. Krill demography and large scale distribution in the Western Indian Ocean sector of the Southern Ocean (CCAMLR Division 58.4.2) in Austral summer of 2006. Deep-Sea Research II 57 (9–10), 934–947.	false	false		false	true	false		false				Anton Van de Putte	https://orcid.org/0000-0003-1336-5554	true	RMT setup is described in Baker, A. de C., M. R. Clarke, and M. J. Harris. ""The NIO combination net (RMT 1+ 8) and further developments of rectangular midwater trawls."" Journal of the Marine Biological Association of the United Kingdom 53.1 (1973): 167-184. | Towing speed is 4.5 km/h as stated in samplingEffortValue and samplingEffortUnit.		4.5	km/h			
BROKE_WEST_RMT_076_RMT8	BROKE_WEST_RMT_076_RMT8	1	sampling station		RMT_076									not reported		false		false		true	false					survey only		restricted search taxonomic inventory process	target trawls on acoustically detected aggregations		Kawaguchi S., Nicol S., Virtue P., Davenport S., Casper R., Swadling K., Hosie G.W., 2010. Krill demography and large scale distribution in the Western Indian Ocean sector of the Southern Ocean (CCAMLR Division 58.4.2) in Austral summer of 2006. Deep-Sea Research II 57 (9–10), 934–947.	false	false		false	true	false		false		6702.07	m3	Anton Van de Putte	https://orcid.org/0000-0003-1336-5554	true	RMT setup is described in Baker, A. de C., M. R. Clarke, and M. J. Harris. ""The NIO combination net (RMT 1+ 8) and further developments of rectangular midwater trawls."" Journal of the Marine Biological Association of the United Kingdom 53.1 (1973): 167-184. | Towing speed is 4.5 km/h as stated in samplingEffortValue and samplingEffortUnit.		4.5	km/h			
BROKE_WEST_RMT_077_RMT1	BROKE_WEST_RMT_077_RMT1	1	sampling station		RMT_077									not reported		false		false		true	false					survey only		restricted search taxonomic inventory process	Pre-planned routine hauls with standard double oblique tow		Kawaguchi S., Nicol S., Virtue P., Davenport S., Casper R., Swadling K., Hosie G.W., 2010. Krill demography and large scale distribution in the Western Indian Ocean sector of the Southern Ocean (CCAMLR Division 58.4.2) in Austral summer of 2006. Deep-Sea Research II 57 (9–10), 934–947.	false	false		false	true	false		false				Anton Van de Putte	https://orcid.org/0000-0003-1336-5554	true	RMT setup is described in Baker, A. de C., M. R. Clarke, and M. J. Harris. ""The NIO combination net (RMT 1+ 8) and further developments of rectangular midwater trawls."" Journal of the Marine Biological Association of the United Kingdom 53.1 (1973): 167-184. | Towing speed is 4.5 km/h as stated in samplingEffortValue and samplingEffortUnit.		4.5	km/h			
BROKE_WEST_RMT_077_RMT8	BROKE_WEST_RMT_077_RMT8	1	sampling station		RMT_077									not reported		false		false		true	false					survey only		restricted search taxonomic inventory process	Pre-planned routine hauls with standard double oblique tow		Kawaguchi S., Nicol S., Virtue P., Davenport S., Casper R., Swadling K., Hosie G.W., 2010. Krill demography and large scale distribution in the Western Indian Ocean sector of the Southern Ocean (CCAMLR Division 58.4.2) in Austral summer of 2006. Deep-Sea Research II 57 (9–10), 934–947.	false	false		false	true	false		false		35218.09	m3	Anton Van de Putte	https://orcid.org/0000-0003-1336-5554	true	RMT setup is described in Baker, A. de C., M. R. Clarke, and M. J. Harris. ""The NIO combination net (RMT 1+ 8) and further developments of rectangular midwater trawls."" Journal of the Marine Biological Association of the United Kingdom 53.1 (1973): 167-184. | Towing speed is 4.5 km/h as stated in samplingEffortValue and samplingEffortUnit.		4.5	km/h			
BROKE_WEST_RMT_078_RMT1	BROKE_WEST_RMT_078_RMT1	1	sampling station		RMT_078									not reported		false		false		true	false					survey only		restricted search taxonomic inventory process	target trawls on acoustically detected aggregations		Kawaguchi S., Nicol S., Virtue P., Davenport S., Casper R., Swadling K., Hosie G.W., 2010. Krill demography and large scale distribution in the Western Indian Ocean sector of the Southern Ocean (CCAMLR Division 58.4.2) in Austral summer of 2006. Deep-Sea Research II 57 (9–10), 934–947.	false	false		false	true	false		false				Anton Van de Putte	https://orcid.org/0000-0003-1336-5554	true	RMT setup is described in Baker, A. de C., M. R. Clarke, and M. J. Harris. ""The NIO combination net (RMT 1+ 8) and further developments of rectangular midwater trawls."" Journal of the Marine Biological Association of the United Kingdom 53.1 (1973): 167-184. | Towing speed is 4.5 km/h as stated in samplingEffortValue and samplingEffortUnit.		4.5	km/h			
BROKE_WEST_RMT_078_RMT8	BROKE_WEST_RMT_078_RMT8	1	sampling station		RMT_078									not reported		false		false		true	false					survey only		restricted search taxonomic inventory process	target trawls on acoustically detected aggregations		Kawaguchi S., Nicol S., Virtue P., Davenport S., Casper R., Swadling K., Hosie G.W., 2010. Krill demography and large scale distribution in the Western Indian Ocean sector of the Southern Ocean (CCAMLR Division 58.4.2) in Austral summer of 2006. Deep-Sea Research II 57 (9–10), 934–947.	false	false		false	true	false		false		8000.51	m3	Anton Van de Putte	https://orcid.org/0000-0003-1336-5554	true	RMT setup is described in Baker, A. de C., M. R. Clarke, and M. J. Harris. ""The NIO combination net (RMT 1+ 8) and further developments of rectangular midwater trawls."" Journal of the Marine Biological Association of the United Kingdom 53.1 (1973): 167-184. | Towing speed is 4.5 km/h as stated in samplingEffortValue and samplingEffortUnit.		4.5	km/h			
BROKE_WEST_RMT_079_RMT1	BROKE_WEST_RMT_079_RMT1	1	sampling station		RMT_079									not reported		false		false		true	false					survey only		restricted search taxonomic inventory process	Pre-planned routine hauls with standard double oblique tow		Kawaguchi S., Nicol S., Virtue P., Davenport S., Casper R., Swadling K., Hosie G.W., 2010. Krill demography and large scale distribution in the Western Indian Ocean sector of the Southern Ocean (CCAMLR Division 58.4.2) in Austral summer of 2006. Deep-Sea Research II 57 (9–10), 934–947.	false	false		false	true	false		false				Anton Van de Putte	https://orcid.org/0000-0003-1336-5554	true	RMT setup is described in Baker, A. de C., M. R. Clarke, and M. J. Harris. ""The NIO combination net (RMT 1+ 8) and further developments of rectangular midwater trawls."" Journal of the Marine Biological Association of the United Kingdom 53.1 (1973): 167-184. | Towing speed is 4.5 km/h as stated in samplingEffortValue and samplingEffortUnit.		4.5	km/h			
BROKE_WEST_RMT_079_RMT8	BROKE_WEST_RMT_079_RMT8	1	sampling station		RMT_079									not reported		false		false		true	false					survey only		restricted search taxonomic inventory process	Pre-planned routine hauls with standard double oblique tow		Kawaguchi S., Nicol S., Virtue P., Davenport S., Casper R., Swadling K., Hosie G.W., 2010. Krill demography and large scale distribution in the Western Indian Ocean sector of the Southern Ocean (CCAMLR Division 58.4.2) in Austral summer of 2006. Deep-Sea Research II 57 (9–10), 934–947.	false	false		false	true	false		false		37910.76	m3	Anton Van de Putte	https://orcid.org/0000-0003-1336-5554	true	RMT setup is described in Baker, A. de C., M. R. Clarke, and M. J. Harris. ""The NIO combination net (RMT 1+ 8) and further developments of rectangular midwater trawls."" Journal of the Marine Biological Association of the United Kingdom 53.1 (1973): 167-184. | Towing speed is 4.5 km/h as stated in samplingEffortValue and samplingEffortUnit.		4.5	km/h			
BROKE_WEST_RMT_080_RMT1	BROKE_WEST_RMT_080_RMT1	1	sampling station		RMT_080									not reported		false		false		true	false					survey only		restricted search taxonomic inventory process	Pre-planned routine hauls with standard double oblique tow		Kawaguchi S., Nicol S., Virtue P., Davenport S., Casper R., Swadling K., Hosie G.W., 2010. Krill demography and large scale distribution in the Western Indian Ocean sector of the Southern Ocean (CCAMLR Division 58.4.2) in Austral summer of 2006. Deep-Sea Research II 57 (9–10), 934–947.	false	false		false	true	false		false				Anton Van de Putte	https://orcid.org/0000-0003-1336-5554	true	RMT setup is described in Baker, A. de C., M. R. Clarke, and M. J. Harris. ""The NIO combination net (RMT 1+ 8) and further developments of rectangular midwater trawls."" Journal of the Marine Biological Association of the United Kingdom 53.1 (1973): 167-184. | Towing speed is 4.5 km/h as stated in samplingEffortValue and samplingEffortUnit.		4.5	km/h			
BROKE_WEST_RMT_080_RMT8	BROKE_WEST_RMT_080_RMT8	1	sampling station		RMT_080									not reported		false		false		true	false					survey only		restricted search taxonomic inventory process	Pre-planned routine hauls with standard double oblique tow		Kawaguchi S., Nicol S., Virtue P., Davenport S., Casper R., Swadling K., Hosie G.W., 2010. Krill demography and large scale distribution in the Western Indian Ocean sector of the Southern Ocean (CCAMLR Division 58.4.2) in Austral summer of 2006. Deep-Sea Research II 57 (9–10), 934–947.	false	false		false	true	false		false		45792.83	m3	Anton Van de Putte	https://orcid.org/0000-0003-1336-5554	true	RMT setup is described in Baker, A. de C., M. R. Clarke, and M. J. Harris. ""The NIO combination net (RMT 1+ 8) and further developments of rectangular midwater trawls."" Journal of the Marine Biological Association of the United Kingdom 53.1 (1973): 167-184. | Towing speed is 4.5 km/h as stated in samplingEffortValue and samplingEffortUnit.		4.5	km/h			
BROKE_WEST_RMT_081_RMT1	BROKE_WEST_RMT_081_RMT1	1	sampling station		RMT_081									not reported		false		false		true	false					survey only		restricted search taxonomic inventory process	Pre-planned routine hauls with standard double oblique tow		Kawaguchi S., Nicol S., Virtue P., Davenport S., Casper R., Swadling K., Hosie G.W., 2010. Krill demography and large scale distribution in the Western Indian Ocean sector of the Southern Ocean (CCAMLR Division 58.4.2) in Austral summer of 2006. Deep-Sea Research II 57 (9–10), 934–947.	false	false		false	true	false		false				Anton Van de Putte	https://orcid.org/0000-0003-1336-5554	true	RMT setup is described in Baker, A. de C., M. R. Clarke, and M. J. Harris. ""The NIO combination net (RMT 1+ 8) and further developments of rectangular midwater trawls."" Journal of the Marine Biological Association of the United Kingdom 53.1 (1973): 167-184. | Towing speed is 4.5 km/h as stated in samplingEffortValue and samplingEffortUnit.		4.5	km/h			
BROKE_WEST_RMT_081_RMT8	BROKE_WEST_RMT_081_RMT8	1	sampling station		RMT_081									not reported		false		false		true	false					survey only		restricted search taxonomic inventory process	Pre-planned routine hauls with standard double oblique tow		Kawaguchi S., Nicol S., Virtue P., Davenport S., Casper R., Swadling K., Hosie G.W., 2010. Krill demography and large scale distribution in the Western Indian Ocean sector of the Southern Ocean (CCAMLR Division 58.4.2) in Austral summer of 2006. Deep-Sea Research II 57 (9–10), 934–947.	false	false		false	true	false		false		72252.78	m3	Anton Van de Putte	https://orcid.org/0000-0003-1336-5554	true	RMT setup is described in Baker, A. de C., M. R. Clarke, and M. J. Harris. ""The NIO combination net (RMT 1+ 8) and further developments of rectangular midwater trawls."" Journal of the Marine Biological Association of the United Kingdom 53.1 (1973): 167-184. | Towing speed is 4.5 km/h as stated in samplingEffortValue and samplingEffortUnit.		4.5	km/h			
BROKE_WEST_RMT_082_RMT1	BROKE_WEST_RMT_082_RMT1	1	sampling station		RMT_082									not reported		false		false		true	false					survey only		restricted search taxonomic inventory process	target trawls on acoustically detected aggregations		Kawaguchi S., Nicol S., Virtue P., Davenport S., Casper R., Swadling K., Hosie G.W., 2010. Krill demography and large scale distribution in the Western Indian Ocean sector of the Southern Ocean (CCAMLR Division 58.4.2) in Austral summer of 2006. Deep-Sea Research II 57 (9–10), 934–947.	false	false		false	true	false		false				Anton Van de Putte	https://orcid.org/0000-0003-1336-5554	true	RMT setup is described in Baker, A. de C., M. R. Clarke, and M. J. Harris. ""The NIO combination net (RMT 1+ 8) and further developments of rectangular midwater trawls."" Journal of the Marine Biological Association of the United Kingdom 53.1 (1973): 167-184. | Towing speed is 4.5 km/h as stated in samplingEffortValue and samplingEffortUnit.		4.5	km/h			
BROKE_WEST_RMT_082_RMT8	BROKE_WEST_RMT_082_RMT8	1	sampling station		RMT_082									not reported		false		false		true	false					survey only		restricted search taxonomic inventory process	target trawls on acoustically detected aggregations		Kawaguchi S., Nicol S., Virtue P., Davenport S., Casper R., Swadling K., Hosie G.W., 2010. Krill demography and large scale distribution in the Western Indian Ocean sector of the Southern Ocean (CCAMLR Division 58.4.2) in Austral summer of 2006. Deep-Sea Research II 57 (9–10), 934–947.	false	false		false	true	false		false		1286.24	m3	Anton Van de Putte	https://orcid.org/0000-0003-1336-5554	true	RMT setup is described in Baker, A. de C., M. R. Clarke, and M. J. Harris. ""The NIO combination net (RMT 1+ 8) and further developments of rectangular midwater trawls."" Journal of the Marine Biological Association of the United Kingdom 53.1 (1973): 167-184. | Towing speed is 4.5 km/h as stated in samplingEffortValue and samplingEffortUnit.		4.5	km/h			
BROKE_WEST_RMT_083_RMT1	BROKE_WEST_RMT_083_RMT1	1	sampling station		RMT_083									not reported		false		false		true	false					survey only		restricted search taxonomic inventory process	target trawls on acoustically detected aggregations		Kawaguchi S., Nicol S., Virtue P., Davenport S., Casper R., Swadling K., Hosie G.W., 2010. Krill demography and large scale distribution in the Western Indian Ocean sector of the Southern Ocean (CCAMLR Division 58.4.2) in Austral summer of 2006. Deep-Sea Research II 57 (9–10), 934–947.	false	false		false	true	false		false				Anton Van de Putte	https://orcid.org/0000-0003-1336-5554	true	RMT setup is described in Baker, A. de C., M. R. Clarke, and M. J. Harris. ""The NIO combination net (RMT 1+ 8) and further developments of rectangular midwater trawls."" Journal of the Marine Biological Association of the United Kingdom 53.1 (1973): 167-184. | Towing speed is 4.5 km/h as stated in samplingEffortValue and samplingEffortUnit.		4.5	km/h			
BROKE_WEST_RMT_083_RMT8	BROKE_WEST_RMT_083_RMT8	1	sampling station		RMT_083									not reported		false		false		true	false					survey only		restricted search taxonomic inventory process	target trawls on acoustically detected aggregations		Kawaguchi S., Nicol S., Virtue P., Davenport S., Casper R., Swadling K., Hosie G.W., 2010. Krill demography and large scale distribution in the Western Indian Ocean sector of the Southern Ocean (CCAMLR Division 58.4.2) in Austral summer of 2006. Deep-Sea Research II 57 (9–10), 934–947.	false	false		false	true	false		false		12332.99	m3	Anton Van de Putte	https://orcid.org/0000-0003-1336-5554	true	RMT setup is described in Baker, A. de C., M. R. Clarke, and M. J. Harris. ""The NIO combination net (RMT 1+ 8) and further developments of rectangular midwater trawls."" Journal of the Marine Biological Association of the United Kingdom 53.1 (1973): 167-184. | Towing speed is 4.5 km/h as stated in samplingEffortValue and samplingEffortUnit.		4.5	km/h			
BROKE_WEST_RMT_084_RMT1	BROKE_WEST_RMT_084_RMT1	1	sampling station		RMT_084									not reported		false		false		true	false					survey only		restricted search taxonomic inventory process	target trawls on acoustically detected aggregations		Kawaguchi S., Nicol S., Virtue P., Davenport S., Casper R., Swadling K., Hosie G.W., 2010. Krill demography and large scale distribution in the Western Indian Ocean sector of the Southern Ocean (CCAMLR Division 58.4.2) in Austral summer of 2006. Deep-Sea Research II 57 (9–10), 934–947.	false	false		false	true	false		false				Anton Van de Putte	https://orcid.org/0000-0003-1336-5554	true	RMT setup is described in Baker, A. de C., M. R. Clarke, and M. J. Harris. ""The NIO combination net (RMT 1+ 8) and further developments of rectangular midwater trawls."" Journal of the Marine Biological Association of the United Kingdom 53.1 (1973): 167-184. | Towing speed is 4.5 km/h as stated in samplingEffortValue and samplingEffortUnit.		4.5	km/h			
BROKE_WEST_RMT_084_RMT8	BROKE_WEST_RMT_084_RMT8	1	sampling station		RMT_084									not reported		false		false		true	false					survey only		restricted search taxonomic inventory process	target trawls on acoustically detected aggregations		Kawaguchi S., Nicol S., Virtue P., Davenport S., Casper R., Swadling K., Hosie G.W., 2010. Krill demography and large scale distribution in the Western Indian Ocean sector of the Southern Ocean (CCAMLR Division 58.4.2) in Austral summer of 2006. Deep-Sea Research II 57 (9–10), 934–947.	false	false		false	true	false		false		19638.56	m3	Anton Van de Putte	https://orcid.org/0000-0003-1336-5554	true	RMT setup is described in Baker, A. de C., M. R. Clarke, and M. J. Harris. ""The NIO combination net (RMT 1+ 8) and further developments of rectangular midwater trawls."" Journal of the Marine Biological Association of the United Kingdom 53.1 (1973): 167-184. | Towing speed is 4.5 km/h as stated in samplingEffortValue and samplingEffortUnit.		4.5	km/h			
BROKE_WEST_RMT_085_RMT1	BROKE_WEST_RMT_085_RMT1	1	sampling station		RMT_085									not reported		false		false		true	false					survey only		restricted search taxonomic inventory process	target trawls on acoustically detected aggregations		Kawaguchi S., Nicol S., Virtue P., Davenport S., Casper R., Swadling K., Hosie G.W., 2010. Krill demography and large scale distribution in the Western Indian Ocean sector of the Southern Ocean (CCAMLR Division 58.4.2) in Austral summer of 2006. Deep-Sea Research II 57 (9–10), 934–947.	false	false		false	true	false		false				Anton Van de Putte	https://orcid.org/0000-0003-1336-5554	true	RMT setup is described in Baker, A. de C., M. R. Clarke, and M. J. Harris. ""The NIO combination net (RMT 1+ 8) and further developments of rectangular midwater trawls."" Journal of the Marine Biological Association of the United Kingdom 53.1 (1973): 167-184. | Towing speed is 4.5 km/h as stated in samplingEffortValue and samplingEffortUnit.		4.5	km/h			
BROKE_WEST_RMT_085_RMT8	BROKE_WEST_RMT_085_RMT8	1	sampling station		RMT_085									not reported		false		false		true	false					survey only		restricted search taxonomic inventory process	target trawls on acoustically detected aggregations		Kawaguchi S., Nicol S., Virtue P., Davenport S., Casper R., Swadling K., Hosie G.W., 2010. Krill demography and large scale distribution in the Western Indian Ocean sector of the Southern Ocean (CCAMLR Division 58.4.2) in Austral summer of 2006. Deep-Sea Research II 57 (9–10), 934–947.	false	false		false	true	false		false		22995.69	m3	Anton Van de Putte	https://orcid.org/0000-0003-1336-5554	true	RMT setup is described in Baker, A. de C., M. R. Clarke, and M. J. Harris. ""The NIO combination net (RMT 1+ 8) and further developments of rectangular midwater trawls."" Journal of the Marine Biological Association of the United Kingdom 53.1 (1973): 167-184. | Towing speed is 4.5 km/h as stated in samplingEffortValue and samplingEffortUnit.		4.5	km/h			
BROKE_WEST_RMT_086_RMT1	BROKE_WEST_RMT_086_RMT1	1	sampling station		RMT_086									not reported		false		false		true	false					survey only		restricted search taxonomic inventory process	target trawls on acoustically detected aggregations		Kawaguchi S., Nicol S., Virtue P., Davenport S., Casper R., Swadling K., Hosie G.W., 2010. Krill demography and large scale distribution in the Western Indian Ocean sector of the Southern Ocean (CCAMLR Division 58.4.2) in Austral summer of 2006. Deep-Sea Research II 57 (9–10), 934–947.	false	false		false	true	false		false				Anton Van de Putte	https://orcid.org/0000-0003-1336-5554	true	RMT setup is described in Baker, A. de C., M. R. Clarke, and M. J. Harris. ""The NIO combination net (RMT 1+ 8) and further developments of rectangular midwater trawls."" Journal of the Marine Biological Association of the United Kingdom 53.1 (1973): 167-184. | Towing speed is 4.5 km/h as stated in samplingEffortValue and samplingEffortUnit.		4.5	km/h			
BROKE_WEST_RMT_086_RMT8	BROKE_WEST_RMT_086_RMT8	1	sampling station		RMT_086									not reported		false		false		true	false					survey only		restricted search taxonomic inventory process	target trawls on acoustically detected aggregations		Kawaguchi S., Nicol S., Virtue P., Davenport S., Casper R., Swadling K., Hosie G.W., 2010. Krill demography and large scale distribution in the Western Indian Ocean sector of the Southern Ocean (CCAMLR Division 58.4.2) in Austral summer of 2006. Deep-Sea Research II 57 (9–10), 934–947.	false	false		false	true	false		false		24538.22	m3	Anton Van de Putte	https://orcid.org/0000-0003-1336-5554	true	RMT setup is described in Baker, A. de C., M. R. Clarke, and M. J. Harris. ""The NIO combination net (RMT 1+ 8) and further developments of rectangular midwater trawls."" Journal of the Marine Biological Association of the United Kingdom 53.1 (1973): 167-184. | Towing speed is 4.5 km/h as stated in samplingEffortValue and samplingEffortUnit.		4.5	km/h			
BROKE_WEST_RMT_087_RMT1	BROKE_WEST_RMT_087_RMT1	1	sampling station		RMT_087									not reported		false		false		true	false					survey only		restricted search taxonomic inventory process	Pre-planned routine hauls with standard double oblique tow		Kawaguchi S., Nicol S., Virtue P., Davenport S., Casper R., Swadling K., Hosie G.W., 2010. Krill demography and large scale distribution in the Western Indian Ocean sector of the Southern Ocean (CCAMLR Division 58.4.2) in Austral summer of 2006. Deep-Sea Research II 57 (9–10), 934–947.	false	false		false	true	false		false				Anton Van de Putte	https://orcid.org/0000-0003-1336-5554	true	RMT setup is described in Baker, A. de C., M. R. Clarke, and M. J. Harris. ""The NIO combination net (RMT 1+ 8) and further developments of rectangular midwater trawls."" Journal of the Marine Biological Association of the United Kingdom 53.1 (1973): 167-184. | Towing speed is 4.5 km/h as stated in samplingEffortValue and samplingEffortUnit.		4.5	km/h			
BROKE_WEST_RMT_087_RMT8	BROKE_WEST_RMT_087_RMT8	1	sampling station		RMT_087									not reported		false		false		true	false					survey only		restricted search taxonomic inventory process	Pre-planned routine hauls with standard double oblique tow		Kawaguchi S., Nicol S., Virtue P., Davenport S., Casper R., Swadling K., Hosie G.W., 2010. Krill demography and large scale distribution in the Western Indian Ocean sector of the Southern Ocean (CCAMLR Division 58.4.2) in Austral summer of 2006. Deep-Sea Research II 57 (9–10), 934–947.	false	false		false	true	false		false		36060.2	m3	Anton Van de Putte	https://orcid.org/0000-0003-1336-5554	true	RMT setup is described in Baker, A. de C., M. R. Clarke, and M. J. Harris. ""The NIO combination net (RMT 1+ 8) and further developments of rectangular midwater trawls."" Journal of the Marine Biological Association of the United Kingdom 53.1 (1973): 167-184. | Towing speed is 4.5 km/h as stated in samplingEffortValue and samplingEffortUnit.		4.5	km/h			
BROKE_WEST_RMT_088_RMT1	BROKE_WEST_RMT_088_RMT1	1	sampling station		RMT_088									not reported		false		false		true	false					survey only		restricted search taxonomic inventory process	target trawls on acoustically detected aggregations		Kawaguchi S., Nicol S., Virtue P., Davenport S., Casper R., Swadling K., Hosie G.W., 2010. Krill demography and large scale distribution in the Western Indian Ocean sector of the Southern Ocean (CCAMLR Division 58.4.2) in Austral summer of 2006. Deep-Sea Research II 57 (9–10), 934–947.	false	false		false	true	false		false				Anton Van de Putte	https://orcid.org/0000-0003-1336-5554	true	RMT setup is described in Baker, A. de C., M. R. Clarke, and M. J. Harris. ""The NIO combination net (RMT 1+ 8) and further developments of rectangular midwater trawls."" Journal of the Marine Biological Association of the United Kingdom 53.1 (1973): 167-184. | Towing speed is 4.5 km/h as stated in samplingEffortValue and samplingEffortUnit.		4.5	km/h			
BROKE_WEST_RMT_088_RMT8	BROKE_WEST_RMT_088_RMT8	1	sampling station		RMT_088									not reported		false		false		true	false					survey only		restricted search taxonomic inventory process	target trawls on acoustically detected aggregations		Kawaguchi S., Nicol S., Virtue P., Davenport S., Casper R., Swadling K., Hosie G.W., 2010. Krill demography and large scale distribution in the Western Indian Ocean sector of the Southern Ocean (CCAMLR Division 58.4.2) in Austral summer of 2006. Deep-Sea Research II 57 (9–10), 934–947.	false	false		false	true	false		false		8939.28	m3	Anton Van de Putte	https://orcid.org/0000-0003-1336-5554	true	RMT setup is described in Baker, A. de C., M. R. Clarke, and M. J. Harris. ""The NIO combination net (RMT 1+ 8) and further developments of rectangular midwater trawls."" Journal of the Marine Biological Association of the United Kingdom 53.1 (1973): 167-184. | Towing speed is 4.5 km/h as stated in samplingEffortValue and samplingEffortUnit.		4.5	km/h			
BROKE_WEST_RMT_089_RMT1	BROKE_WEST_RMT_089_RMT1	1	sampling station		RMT_089									not reported		false		false		true	false					survey only		restricted search taxonomic inventory process	target trawls on acoustically detected aggregations		Kawaguchi S., Nicol S., Virtue P., Davenport S., Casper R., Swadling K., Hosie G.W., 2010. Krill demography and large scale distribution in the Western Indian Ocean sector of the Southern Ocean (CCAMLR Division 58.4.2) in Austral summer of 2006. Deep-Sea Research II 57 (9–10), 934–947.	false	false		false	true	false		false				Anton Van de Putte	https://orcid.org/0000-0003-1336-5554	true	RMT setup is described in Baker, A. de C., M. R. Clarke, and M. J. Harris. ""The NIO combination net (RMT 1+ 8) and further developments of rectangular midwater trawls."" Journal of the Marine Biological Association of the United Kingdom 53.1 (1973): 167-184. | Towing speed is 4.5 km/h as stated in samplingEffortValue and samplingEffortUnit.		4.5	km/h			
BROKE_WEST_RMT_089_RMT8	BROKE_WEST_RMT_089_RMT8	1	sampling station		RMT_089									not reported		false		false		true	false					survey only		restricted search taxonomic inventory process	target trawls on acoustically detected aggregations		Kawaguchi S., Nicol S., Virtue P., Davenport S., Casper R., Swadling K., Hosie G.W., 2010. Krill demography and large scale distribution in the Western Indian Ocean sector of the Southern Ocean (CCAMLR Division 58.4.2) in Austral summer of 2006. Deep-Sea Research II 57 (9–10), 934–947.	false	false		false	true	false		false		18024.87	m3	Anton Van de Putte	https://orcid.org/0000-0003-1336-5554	true	RMT setup is described in Baker, A. de C., M. R. Clarke, and M. J. Harris. ""The NIO combination net (RMT 1+ 8) and further developments of rectangular midwater trawls."" Journal of the Marine Biological Association of the United Kingdom 53.1 (1973): 167-184. | Towing speed is 4.5 km/h as stated in samplingEffortValue and samplingEffortUnit.		4.5	km/h			
BROKE_WEST_RMT_090_RMT1	BROKE_WEST_RMT_090_RMT1	1	sampling station		RMT_090									not reported		false		false		true	false					survey only		restricted search taxonomic inventory process	target trawls on acoustically detected aggregations		Kawaguchi S., Nicol S., Virtue P., Davenport S., Casper R., Swadling K., Hosie G.W., 2010. Krill demography and large scale distribution in the Western Indian Ocean sector of the Southern Ocean (CCAMLR Division 58.4.2) in Austral summer of 2006. Deep-Sea Research II 57 (9–10), 934–947.	false	false		false	true	false		false				Anton Van de Putte	https://orcid.org/0000-0003-1336-5554	true	RMT setup is described in Baker, A. de C., M. R. Clarke, and M. J. Harris. ""The NIO combination net (RMT 1+ 8) and further developments of rectangular midwater trawls."" Journal of the Marine Biological Association of the United Kingdom 53.1 (1973): 167-184. | Towing speed is 4.5 km/h as stated in samplingEffortValue and samplingEffortUnit.		4.5	km/h			
BROKE_WEST_RMT_090_RMT8	BROKE_WEST_RMT_090_RMT8	1	sampling station		RMT_090									not reported		false		false		true	false					survey only		restricted search taxonomic inventory process	target trawls on acoustically detected aggregations		Kawaguchi S., Nicol S., Virtue P., Davenport S., Casper R., Swadling K., Hosie G.W., 2010. Krill demography and large scale distribution in the Western Indian Ocean sector of the Southern Ocean (CCAMLR Division 58.4.2) in Austral summer of 2006. Deep-Sea Research II 57 (9–10), 934–947.	false	false		false	true	false		false				Anton Van de Putte	https://orcid.org/0000-0003-1336-5554	true	RMT setup is described in Baker, A. de C., M. R. Clarke, and M. J. Harris. ""The NIO combination net (RMT 1+ 8) and further developments of rectangular midwater trawls."" Journal of the Marine Biological Association of the United Kingdom 53.1 (1973): 167-184. | Towing speed is 4.5 km/h as stated in samplingEffortValue and samplingEffortUnit.		4.5	km/h			
BROKE_WEST_RMT_091_RMT1	BROKE_WEST_RMT_091_RMT1	1	sampling station		RMT_091									not reported		false		false		true	false					survey only		restricted search taxonomic inventory process	target trawls on acoustically detected aggregations		Kawaguchi S., Nicol S., Virtue P., Davenport S., Casper R., Swadling K., Hosie G.W., 2010. Krill demography and large scale distribution in the Western Indian Ocean sector of the Southern Ocean (CCAMLR Division 58.4.2) in Austral summer of 2006. Deep-Sea Research II 57 (9–10), 934–947.	false	false		false	true	false		false				Anton Van de Putte	https://orcid.org/0000-0003-1336-5554	true	RMT setup is described in Baker, A. de C., M. R. Clarke, and M. J. Harris. ""The NIO combination net (RMT 1+ 8) and further developments of rectangular midwater trawls."" Journal of the Marine Biological Association of the United Kingdom 53.1 (1973): 167-184. | Towing speed is 4.5 km/h as stated in samplingEffortValue and samplingEffortUnit.		4.5	km/h			
BROKE_WEST_RMT_091_RMT8	BROKE_WEST_RMT_091_RMT8	1	sampling station		RMT_091									not reported		false		false		true	false					survey only		restricted search taxonomic inventory process	target trawls on acoustically detected aggregations		Kawaguchi S., Nicol S., Virtue P., Davenport S., Casper R., Swadling K., Hosie G.W., 2010. Krill demography and large scale distribution in the Western Indian Ocean sector of the Southern Ocean (CCAMLR Division 58.4.2) in Austral summer of 2006. Deep-Sea Research II 57 (9–10), 934–947.	false	false		false	true	false		false		9366	m3	Anton Van de Putte	https://orcid.org/0000-0003-1336-5554	true	RMT setup is described in Baker, A. de C., M. R. Clarke, and M. J. Harris. ""The NIO combination net (RMT 1+ 8) and further developments of rectangular midwater trawls."" Journal of the Marine Biological Association of the United Kingdom 53.1 (1973): 167-184. | Towing speed is 4.5 km/h as stated in samplingEffortValue and samplingEffortUnit.		4.5	km/h			
BROKE_WEST_RMT_092_RMT1	BROKE_WEST_RMT_092_RMT1	1	sampling station		RMT_092									not reported		false		false		true	false					survey only		restricted search taxonomic inventory process	target trawls on acoustically detected aggregations		Kawaguchi S., Nicol S., Virtue P., Davenport S., Casper R., Swadling K., Hosie G.W., 2010. Krill demography and large scale distribution in the Western Indian Ocean sector of the Southern Ocean (CCAMLR Division 58.4.2) in Austral summer of 2006. Deep-Sea Research II 57 (9–10), 934–947.	false	false		false	true	false		false				Anton Van de Putte	https://orcid.org/0000-0003-1336-5554	true	RMT setup is described in Baker, A. de C., M. R. Clarke, and M. J. Harris. ""The NIO combination net (RMT 1+ 8) and further developments of rectangular midwater trawls."" Journal of the Marine Biological Association of the United Kingdom 53.1 (1973): 167-184. | Towing speed is 4.5 km/h as stated in samplingEffortValue and samplingEffortUnit.		4.5	km/h			
BROKE_WEST_RMT_092_RMT8	BROKE_WEST_RMT_092_RMT8	1	sampling station		RMT_092									not reported		false		false		true	false					survey only		restricted search taxonomic inventory process	target trawls on acoustically detected aggregations		Kawaguchi S., Nicol S., Virtue P., Davenport S., Casper R., Swadling K., Hosie G.W., 2010. Krill demography and large scale distribution in the Western Indian Ocean sector of the Southern Ocean (CCAMLR Division 58.4.2) in Austral summer of 2006. Deep-Sea Research II 57 (9–10), 934–947.	false	false		false	true	false		false		11500.46	m3	Anton Van de Putte	https://orcid.org/0000-0003-1336-5554	true	RMT setup is described in Baker, A. de C., M. R. Clarke, and M. J. Harris. ""The NIO combination net (RMT 1+ 8) and further developments of rectangular midwater trawls."" Journal of the Marine Biological Association of the United Kingdom 53.1 (1973): 167-184. | Towing speed is 4.5 km/h as stated in samplingEffortValue and samplingEffortUnit.		4.5	km/h			
BROKE_WEST_RMT_093_RMT1	BROKE_WEST_RMT_093_RMT1	1	sampling station		RMT_093									not reported		false		false		true	false					survey only		restricted search taxonomic inventory process	Pre-planned routine hauls with standard double oblique tow		Kawaguchi S., Nicol S., Virtue P., Davenport S., Casper R., Swadling K., Hosie G.W., 2010. Krill demography and large scale distribution in the Western Indian Ocean sector of the Southern Ocean (CCAMLR Division 58.4.2) in Austral summer of 2006. Deep-Sea Research II 57 (9–10), 934–947.	false	false		false	true	false		false				Anton Van de Putte	https://orcid.org/0000-0003-1336-5554	true	RMT setup is described in Baker, A. de C., M. R. Clarke, and M. J. Harris. ""The NIO combination net (RMT 1+ 8) and further developments of rectangular midwater trawls."" Journal of the Marine Biological Association of the United Kingdom 53.1 (1973): 167-184. | Towing speed is 4.5 km/h as stated in samplingEffortValue and samplingEffortUnit.		4.5	km/h			
BROKE_WEST_RMT_093_RMT8	BROKE_WEST_RMT_093_RMT8	1	sampling station		RMT_093									not reported		false		false		true	false					survey only		restricted search taxonomic inventory process	Pre-planned routine hauls with standard double oblique tow		Kawaguchi S., Nicol S., Virtue P., Davenport S., Casper R., Swadling K., Hosie G.W., 2010. Krill demography and large scale distribution in the Western Indian Ocean sector of the Southern Ocean (CCAMLR Division 58.4.2) in Austral summer of 2006. Deep-Sea Research II 57 (9–10), 934–947.	false	false		false	true	false		false		36517.4	m3	Anton Van de Putte	https://orcid.org/0000-0003-1336-5554	true	RMT setup is described in Baker, A. de C., M. R. Clarke, and M. J. Harris. ""The NIO combination net (RMT 1+ 8) and further developments of rectangular midwater trawls."" Journal of the Marine Biological Association of the United Kingdom 53.1 (1973): 167-184. | Towing speed is 4.5 km/h as stated in samplingEffortValue and samplingEffortUnit.		4.5	km/h			
BROKE_WEST_RMT_094_RMT1	BROKE_WEST_RMT_094_RMT1	1	sampling station		RMT_094									not reported		false		false		true	false					survey only		restricted search taxonomic inventory process	target trawls on acoustically detected aggregations		Kawaguchi S., Nicol S., Virtue P., Davenport S., Casper R., Swadling K., Hosie G.W., 2010. Krill demography and large scale distribution in the Western Indian Ocean sector of the Southern Ocean (CCAMLR Division 58.4.2) in Austral summer of 2006. Deep-Sea Research II 57 (9–10), 934–947.	false	false		false	true	false		false				Anton Van de Putte	https://orcid.org/0000-0003-1336-5554	true	RMT setup is described in Baker, A. de C., M. R. Clarke, and M. J. Harris. ""The NIO combination net (RMT 1+ 8) and further developments of rectangular midwater trawls."" Journal of the Marine Biological Association of the United Kingdom 53.1 (1973): 167-184. | Towing speed is 4.5 km/h as stated in samplingEffortValue and samplingEffortUnit.		4.5	km/h			
BROKE_WEST_RMT_094_RMT8	BROKE_WEST_RMT_094_RMT8	1	sampling station		RMT_094									not reported		false		false		true	false					survey only		restricted search taxonomic inventory process	target trawls on acoustically detected aggregations		Kawaguchi S., Nicol S., Virtue P., Davenport S., Casper R., Swadling K., Hosie G.W., 2010. Krill demography and large scale distribution in the Western Indian Ocean sector of the Southern Ocean (CCAMLR Division 58.4.2) in Austral summer of 2006. Deep-Sea Research II 57 (9–10), 934–947.	false	false		false	true	false		false		16603.64	m3	Anton Van de Putte	https://orcid.org/0000-0003-1336-5554	true	RMT setup is described in Baker, A. de C., M. R. Clarke, and M. J. Harris. ""The NIO combination net (RMT 1+ 8) and further developments of rectangular midwater trawls."" Journal of the Marine Biological Association of the United Kingdom 53.1 (1973): 167-184. | Towing speed is 4.5 km/h as stated in samplingEffortValue and samplingEffortUnit.		4.5	km/h			
BROKE_WEST_RMT_095_RMT1	BROKE_WEST_RMT_095_RMT1	1	sampling station		RMT_095									not reported		false		false		true	false					survey only		restricted search taxonomic inventory process	target trawls on acoustically detected aggregations		Kawaguchi S., Nicol S., Virtue P., Davenport S., Casper R., Swadling K., Hosie G.W., 2010. Krill demography and large scale distribution in the Western Indian Ocean sector of the Southern Ocean (CCAMLR Division 58.4.2) in Austral summer of 2006. Deep-Sea Research II 57 (9–10), 934–947.	false	false		false	true	false		false				Anton Van de Putte	https://orcid.org/0000-0003-1336-5554	true	RMT setup is described in Baker, A. de C., M. R. Clarke, and M. J. Harris. ""The NIO combination net (RMT 1+ 8) and further developments of rectangular midwater trawls."" Journal of the Marine Biological Association of the United Kingdom 53.1 (1973): 167-184. | Towing speed is 4.5 km/h as stated in samplingEffortValue and samplingEffortUnit.		4.5	km/h			
BROKE_WEST_RMT_095_RMT8	BROKE_WEST_RMT_095_RMT8	1	sampling station		RMT_095									not reported		false		false		true	false					survey only		restricted search taxonomic inventory process	target trawls on acoustically detected aggregations		Kawaguchi S., Nicol S., Virtue P., Davenport S., Casper R., Swadling K., Hosie G.W., 2010. Krill demography and large scale distribution in the Western Indian Ocean sector of the Southern Ocean (CCAMLR Division 58.4.2) in Austral summer of 2006. Deep-Sea Research II 57 (9–10), 934–947.	false	false		false	true	false		false		15292.14	m3	Anton Van de Putte	https://orcid.org/0000-0003-1336-5554	true	RMT setup is described in Baker, A. de C., M. R. Clarke, and M. J. Harris. ""The NIO combination net (RMT 1+ 8) and further developments of rectangular midwater trawls."" Journal of the Marine Biological Association of the United Kingdom 53.1 (1973): 167-184. | Towing speed is 4.5 km/h as stated in samplingEffortValue and samplingEffortUnit.		4.5	km/h			
BROKE_WEST_RMT_096_RMT1	BROKE_WEST_RMT_096_RMT1	1	sampling station		RMT_096									not reported		false		false		true	false					survey only		restricted search taxonomic inventory process	target trawls on acoustically detected aggregations		Kawaguchi S., Nicol S., Virtue P., Davenport S., Casper R., Swadling K., Hosie G.W., 2010. Krill demography and large scale distribution in the Western Indian Ocean sector of the Southern Ocean (CCAMLR Division 58.4.2) in Austral summer of 2006. Deep-Sea Research II 57 (9–10), 934–947.	false	false		false	true	false		false				Anton Van de Putte	https://orcid.org/0000-0003-1336-5554	true	RMT setup is described in Baker, A. de C., M. R. Clarke, and M. J. Harris. ""The NIO combination net (RMT 1+ 8) and further developments of rectangular midwater trawls."" Journal of the Marine Biological Association of the United Kingdom 53.1 (1973): 167-184. | Towing speed is 4.5 km/h as stated in samplingEffortValue and samplingEffortUnit.		4.5	km/h			
BROKE_WEST_RMT_096_RMT8	BROKE_WEST_RMT_096_RMT8	1	sampling station		RMT_096									not reported		false		false		true	false					survey only		restricted search taxonomic inventory process	target trawls on acoustically detected aggregations		Kawaguchi S., Nicol S., Virtue P., Davenport S., Casper R., Swadling K., Hosie G.W., 2010. Krill demography and large scale distribution in the Western Indian Ocean sector of the Southern Ocean (CCAMLR Division 58.4.2) in Austral summer of 2006. Deep-Sea Research II 57 (9–10), 934–947.	false	false		false	true	false		false		18918.37	m3	Anton Van de Putte	https://orcid.org/0000-0003-1336-5554	true	RMT setup is described in Baker, A. de C., M. R. Clarke, and M. J. Harris. ""The NIO combination net (RMT 1+ 8) and further developments of rectangular midwater trawls."" Journal of the Marine Biological Association of the United Kingdom 53.1 (1973): 167-184. | Towing speed is 4.5 km/h as stated in samplingEffortValue and samplingEffortUnit.		4.5	km/h			
BROKE_WEST_RMT_097_RMT1	BROKE_WEST_RMT_097_RMT1	1	sampling station		RMT_097									not reported		false		false		true	false					survey only		restricted search taxonomic inventory process	Pre-planned routine hauls with standard double oblique tow		Kawaguchi S., Nicol S., Virtue P., Davenport S., Casper R., Swadling K., Hosie G.W., 2010. Krill demography and large scale distribution in the Western Indian Ocean sector of the Southern Ocean (CCAMLR Division 58.4.2) in Austral summer of 2006. Deep-Sea Research II 57 (9–10), 934–947.	false	false		false	true	false		false				Anton Van de Putte	https://orcid.org/0000-0003-1336-5554	true	RMT setup is described in Baker, A. de C., M. R. Clarke, and M. J. Harris. ""The NIO combination net (RMT 1+ 8) and further developments of rectangular midwater trawls."" Journal of the Marine Biological Association of the United Kingdom 53.1 (1973): 167-184. | Towing speed is 4.5 km/h as stated in samplingEffortValue and samplingEffortUnit.		4.5	km/h			
BROKE_WEST_RMT_097_RMT8	BROKE_WEST_RMT_097_RMT8	1	sampling station		RMT_097									not reported		false		false		true	false					survey only		restricted search taxonomic inventory process	Pre-planned routine hauls with standard double oblique tow		Kawaguchi S., Nicol S., Virtue P., Davenport S., Casper R., Swadling K., Hosie G.W., 2010. Krill demography and large scale distribution in the Western Indian Ocean sector of the Southern Ocean (CCAMLR Division 58.4.2) in Austral summer of 2006. Deep-Sea Research II 57 (9–10), 934–947.	false	false		false	true	false		false		44757.39	m3	Anton Van de Putte	https://orcid.org/0000-0003-1336-5554	true	RMT setup is described in Baker, A. de C., M. R. Clarke, and M. J. Harris. ""The NIO combination net (RMT 1+ 8) and further developments of rectangular midwater trawls."" Journal of the Marine Biological Association of the United Kingdom 53.1 (1973): 167-184. | Towing speed is 4.5 km/h as stated in samplingEffortValue and samplingEffortUnit.		4.5	km/h			
BROKE_WEST_RMT_098_RMT1	BROKE_WEST_RMT_098_RMT1	1	sampling station		RMT_098									not reported		false		false		true	false					survey only		restricted search taxonomic inventory process	Pre-planned routine hauls with standard double oblique tow		Kawaguchi S., Nicol S., Virtue P., Davenport S., Casper R., Swadling K., Hosie G.W., 2010. Krill demography and large scale distribution in the Western Indian Ocean sector of the Southern Ocean (CCAMLR Division 58.4.2) in Austral summer of 2006. Deep-Sea Research II 57 (9–10), 934–947.	false	false		false	true	false		false				Anton Van de Putte	https://orcid.org/0000-0003-1336-5554	true	RMT setup is described in Baker, A. de C., M. R. Clarke, and M. J. Harris. ""The NIO combination net (RMT 1+ 8) and further developments of rectangular midwater trawls."" Journal of the Marine Biological Association of the United Kingdom 53.1 (1973): 167-184. | Towing speed is 4.5 km/h as stated in samplingEffortValue and samplingEffortUnit.		4.5	km/h			
BROKE_WEST_RMT_098_RMT8	BROKE_WEST_RMT_098_RMT8	1	sampling station		RMT_098									not reported		false		false		true	false					survey only		restricted search taxonomic inventory process	Pre-planned routine hauls with standard double oblique tow		Kawaguchi S., Nicol S., Virtue P., Davenport S., Casper R., Swadling K., Hosie G.W., 2010. Krill demography and large scale distribution in the Western Indian Ocean sector of the Southern Ocean (CCAMLR Division 58.4.2) in Austral summer of 2006. Deep-Sea Research II 57 (9–10), 934–947.	false	false		false	true	false		false		48567.37	m3	Anton Van de Putte	https://orcid.org/0000-0003-1336-5554	true	RMT setup is described in Baker, A. de C., M. R. Clarke, and M. J. Harris. ""The NIO combination net (RMT 1+ 8) and further developments of rectangular midwater trawls."" Journal of the Marine Biological Association of the United Kingdom 53.1 (1973): 167-184. | Towing speed is 4.5 km/h as stated in samplingEffortValue and samplingEffortUnit.		4.5	km/h			
BROKE_WEST_RMT_099_RMT1	BROKE_WEST_RMT_099_RMT1	1	sampling station		RMT_099									not reported		false		false		true	false					survey only		restricted search taxonomic inventory process	target trawls on acoustically detected aggregations		Kawaguchi S., Nicol S., Virtue P., Davenport S., Casper R., Swadling K., Hosie G.W., 2010. Krill demography and large scale distribution in the Western Indian Ocean sector of the Southern Ocean (CCAMLR Division 58.4.2) in Austral summer of 2006. Deep-Sea Research II 57 (9–10), 934–947.	false	false		false	true	false		false				Anton Van de Putte	https://orcid.org/0000-0003-1336-5554	true	RMT setup is described in Baker, A. de C., M. R. Clarke, and M. J. Harris. ""The NIO combination net (RMT 1+ 8) and further developments of rectangular midwater trawls."" Journal of the Marine Biological Association of the United Kingdom 53.1 (1973): 167-184. | Towing speed is 4.5 km/h as stated in samplingEffortValue and samplingEffortUnit.		4.5	km/h			
BROKE_WEST_RMT_099_RMT8	BROKE_WEST_RMT_099_RMT8	1	sampling station		RMT_099									not reported		false		false		true	false					survey only		restricted search taxonomic inventory process	target trawls on acoustically detected aggregations		Kawaguchi S., Nicol S., Virtue P., Davenport S., Casper R., Swadling K., Hosie G.W., 2010. Krill demography and large scale distribution in the Western Indian Ocean sector of the Southern Ocean (CCAMLR Division 58.4.2) in Austral summer of 2006. Deep-Sea Research II 57 (9–10), 934–947.	false	false		false	true	false		false		9454.83	m3	Anton Van de Putte	https://orcid.org/0000-0003-1336-5554	true	RMT setup is described in Baker, A. de C., M. R. Clarke, and M. J. Harris. ""The NIO combination net (RMT 1+ 8) and further developments of rectangular midwater trawls."" Journal of the Marine Biological Association of the United Kingdom 53.1 (1973): 167-184. | Towing speed is 4.5 km/h as stated in samplingEffortValue and samplingEffortUnit.		4.5	km/h			
BROKE_WEST_RMT_100_RMT1	BROKE_WEST_RMT_100_RMT1	1	sampling station		RMT_100									not reported		false		false		true	false					survey only		restricted search taxonomic inventory process	target trawls on acoustically detected aggregations		Kawaguchi S., Nicol S., Virtue P., Davenport S., Casper R., Swadling K., Hosie G.W., 2010. Krill demography and large scale distribution in the Western Indian Ocean sector of the Southern Ocean (CCAMLR Division 58.4.2) in Austral summer of 2006. Deep-Sea Research II 57 (9–10), 934–947.	false	false		false	true	false		false				Anton Van de Putte	https://orcid.org/0000-0003-1336-5554	true	RMT setup is described in Baker, A. de C., M. R. Clarke, and M. J. Harris. ""The NIO combination net (RMT 1+ 8) and further developments of rectangular midwater trawls."" Journal of the Marine Biological Association of the United Kingdom 53.1 (1973): 167-184. | Towing speed is 4.5 km/h as stated in samplingEffortValue and samplingEffortUnit.		4.5	km/h			
BROKE_WEST_RMT_100_RMT8	BROKE_WEST_RMT_100_RMT8	1	sampling station		RMT_100									not reported		false		false		true	false					survey only		restricted search taxonomic inventory process	target trawls on acoustically detected aggregations		Kawaguchi S., Nicol S., Virtue P., Davenport S., Casper R., Swadling K., Hosie G.W., 2010. Krill demography and large scale distribution in the Western Indian Ocean sector of the Southern Ocean (CCAMLR Division 58.4.2) in Austral summer of 2006. Deep-Sea Research II 57 (9–10), 934–947.	false	false		false	true	false		false		15188.51	m3	Anton Van de Putte	https://orcid.org/0000-0003-1336-5554	true	RMT setup is described in Baker, A. de C., M. R. Clarke, and M. J. Harris. ""The NIO combination net (RMT 1+ 8) and further developments of rectangular midwater trawls."" Journal of the Marine Biological Association of the United Kingdom 53.1 (1973): 167-184. | Towing speed is 4.5 km/h as stated in samplingEffortValue and samplingEffortUnit.		4.5	km/h			
BROKE_WEST_RMT_101_RMT1	BROKE_WEST_RMT_101_RMT1	1	sampling station		RMT_101									not reported		false		false		true	false					survey only		restricted search taxonomic inventory process	Pre-planned routine hauls with standard double oblique tow		Kawaguchi S., Nicol S., Virtue P., Davenport S., Casper R., Swadling K., Hosie G.W., 2010. Krill demography and large scale distribution in the Western Indian Ocean sector of the Southern Ocean (CCAMLR Division 58.4.2) in Austral summer of 2006. Deep-Sea Research II 57 (9–10), 934–947.	false	false		false	true	false		false				Anton Van de Putte	https://orcid.org/0000-0003-1336-5554	true	RMT setup is described in Baker, A. de C., M. R. Clarke, and M. J. Harris. ""The NIO combination net (RMT 1+ 8) and further developments of rectangular midwater trawls."" Journal of the Marine Biological Association of the United Kingdom 53.1 (1973): 167-184. | Towing speed is 4.5 km/h as stated in samplingEffortValue and samplingEffortUnit.		4.5	km/h			
BROKE_WEST_RMT_101_RMT8	BROKE_WEST_RMT_101_RMT8	1	sampling station		RMT_101									not reported		false		false		true	false					survey only		restricted search taxonomic inventory process	Pre-planned routine hauls with standard double oblique tow		Kawaguchi S., Nicol S., Virtue P., Davenport S., Casper R., Swadling K., Hosie G.W., 2010. Krill demography and large scale distribution in the Western Indian Ocean sector of the Southern Ocean (CCAMLR Division 58.4.2) in Austral summer of 2006. Deep-Sea Research II 57 (9–10), 934–947.	false	false		false	true	false		false		49004.53	m3	Anton Van de Putte	https://orcid.org/0000-0003-1336-5554	true	RMT setup is described in Baker, A. de C., M. R. Clarke, and M. J. Harris. ""The NIO combination net (RMT 1+ 8) and further developments of rectangular midwater trawls."" Journal of the Marine Biological Association of the United Kingdom 53.1 (1973): 167-184. | Towing speed is 4.5 km/h as stated in samplingEffortValue and samplingEffortUnit.		4.5	km/h			
BROKE_WEST_RMT_102_RMT1	BROKE_WEST_RMT_102_RMT1	1	sampling station		RMT_102									not reported		false		false		true	false					survey only		restricted search taxonomic inventory process	Pre-planned routine hauls with standard double oblique tow		Kawaguchi S., Nicol S., Virtue P., Davenport S., Casper R., Swadling K., Hosie G.W., 2010. Krill demography and large scale distribution in the Western Indian Ocean sector of the Southern Ocean (CCAMLR Division 58.4.2) in Austral summer of 2006. Deep-Sea Research II 57 (9–10), 934–947.	false	false		false	true	false		false				Anton Van de Putte	https://orcid.org/0000-0003-1336-5554	true	RMT setup is described in Baker, A. de C., M. R. Clarke, and M. J. Harris. ""The NIO combination net (RMT 1+ 8) and further developments of rectangular midwater trawls."" Journal of the Marine Biological Association of the United Kingdom 53.1 (1973): 167-184. | Towing speed is 4.5 km/h as stated in samplingEffortValue and samplingEffortUnit.		4.5	km/h			
BROKE_WEST_RMT_102_RMT8	BROKE_WEST_RMT_102_RMT8	1	sampling station		RMT_102									not reported		false		false		true	false					survey only		restricted search taxonomic inventory process	Pre-planned routine hauls with standard double oblique tow		Kawaguchi S., Nicol S., Virtue P., Davenport S., Casper R., Swadling K., Hosie G.W., 2010. Krill demography and large scale distribution in the Western Indian Ocean sector of the Southern Ocean (CCAMLR Division 58.4.2) in Austral summer of 2006. Deep-Sea Research II 57 (9–10), 934–947.	false	false		false	true	false		false		31496.07	m3	Anton Van de Putte	https://orcid.org/0000-0003-1336-5554	true	RMT setup is described in Baker, A. de C., M. R. Clarke, and M. J. Harris. ""The NIO combination net (RMT 1+ 8) and further developments of rectangular midwater trawls."" Journal of the Marine Biological Association of the United Kingdom 53.1 (1973): 167-184. | Towing speed is 4.5 km/h as stated in samplingEffortValue and samplingEffortUnit.		4.5	km/h			
BROKE_WEST_RMT_103_RMT1	BROKE_WEST_RMT_103_RMT1	1	sampling station		RMT_103									not reported		false		false		true	false					survey only		restricted search taxonomic inventory process	target trawls on acoustically detected aggregations		Kawaguchi S., Nicol S., Virtue P., Davenport S., Casper R., Swadling K., Hosie G.W., 2010. Krill demography and large scale distribution in the Western Indian Ocean sector of the Southern Ocean (CCAMLR Division 58.4.2) in Austral summer of 2006. Deep-Sea Research II 57 (9–10), 934–947.	false	false		false	true	false		false				Anton Van de Putte	https://orcid.org/0000-0003-1336-5554	true	RMT setup is described in Baker, A. de C., M. R. Clarke, and M. J. Harris. ""The NIO combination net (RMT 1+ 8) and further developments of rectangular midwater trawls."" Journal of the Marine Biological Association of the United Kingdom 53.1 (1973): 167-184. | Towing speed is 4.5 km/h as stated in samplingEffortValue and samplingEffortUnit.		4.5	km/h			
BROKE_WEST_RMT_103_RMT8	BROKE_WEST_RMT_103_RMT8	1	sampling station		RMT_103									not reported		false		false		true	false					survey only		restricted search taxonomic inventory process	target trawls on acoustically detected aggregations		Kawaguchi S., Nicol S., Virtue P., Davenport S., Casper R., Swadling K., Hosie G.W., 2010. Krill demography and large scale distribution in the Western Indian Ocean sector of the Southern Ocean (CCAMLR Division 58.4.2) in Austral summer of 2006. Deep-Sea Research II 57 (9–10), 934–947.	false	false		false	true	false		false		11298.42	m3	Anton Van de Putte	https://orcid.org/0000-0003-1336-5554	true	RMT setup is described in Baker, A. de C., M. R. Clarke, and M. J. Harris. ""The NIO combination net (RMT 1+ 8) and further developments of rectangular midwater trawls."" Journal of the Marine Biological Association of the United Kingdom 53.1 (1973): 167-184. | Towing speed is 4.5 km/h as stated in samplingEffortValue and samplingEffortUnit.		4.5	km/h			
BROKE_WEST_RMT_104_RMT1	BROKE_WEST_RMT_104_RMT1	1	sampling station		RMT_104									not reported		false		false		true	false					survey only		restricted search taxonomic inventory process	Pre-planned routine hauls with standard double oblique tow		Kawaguchi S., Nicol S., Virtue P., Davenport S., Casper R., Swadling K., Hosie G.W., 2010. Krill demography and large scale distribution in the Western Indian Ocean sector of the Southern Ocean (CCAMLR Division 58.4.2) in Austral summer of 2006. Deep-Sea Research II 57 (9–10), 934–947.	false	false		false	true	false		false				Anton Van de Putte	https://orcid.org/0000-0003-1336-5554	true	RMT setup is described in Baker, A. de C., M. R. Clarke, and M. J. Harris. ""The NIO combination net (RMT 1+ 8) and further developments of rectangular midwater trawls."" Journal of the Marine Biological Association of the United Kingdom 53.1 (1973): 167-184. | Towing speed is 4.5 km/h as stated in samplingEffortValue and samplingEffortUnit.		4.5	km/h			
BROKE_WEST_RMT_104_RMT8	BROKE_WEST_RMT_104_RMT8	1	sampling station		RMT_104									not reported		false		false		true	false					survey only		restricted search taxonomic inventory process	Pre-planned routine hauls with standard double oblique tow		Kawaguchi S., Nicol S., Virtue P., Davenport S., Casper R., Swadling K., Hosie G.W., 2010. Krill demography and large scale distribution in the Western Indian Ocean sector of the Southern Ocean (CCAMLR Division 58.4.2) in Austral summer of 2006. Deep-Sea Research II 57 (9–10), 934–947.	false	false		false	true	false		false		37440.5	m3	Anton Van de Putte	https://orcid.org/0000-0003-1336-5554	true	RMT setup is described in Baker, A. de C., M. R. Clarke, and M. J. Harris. ""The NIO combination net (RMT 1+ 8) and further developments of rectangular midwater trawls."" Journal of the Marine Biological Association of the United Kingdom 53.1 (1973): 167-184. | Towing speed is 4.5 km/h as stated in samplingEffortValue and samplingEffortUnit.		4.5	km/h			
BROKE_WEST_RMT_105_RMT1	BROKE_WEST_RMT_105_RMT1	1	sampling station		RMT_105									not reported		false		false		true	false					survey only		restricted search taxonomic inventory process	Pre-planned routine hauls with standard double oblique tow		Kawaguchi S., Nicol S., Virtue P., Davenport S., Casper R., Swadling K., Hosie G.W., 2010. Krill demography and large scale distribution in the Western Indian Ocean sector of the Southern Ocean (CCAMLR Division 58.4.2) in Austral summer of 2006. Deep-Sea Research II 57 (9–10), 934–947.	false	false		false	true	false		false				Anton Van de Putte	https://orcid.org/0000-0003-1336-5554	true	RMT setup is described in Baker, A. de C., M. R. Clarke, and M. J. Harris. ""The NIO combination net (RMT 1+ 8) and further developments of rectangular midwater trawls."" Journal of the Marine Biological Association of the United Kingdom 53.1 (1973): 167-184. | Towing speed is 4.5 km/h as stated in samplingEffortValue and samplingEffortUnit.		4.5	km/h			
BROKE_WEST_RMT_105_RMT8	BROKE_WEST_RMT_105_RMT8	1	sampling station		RMT_105									not reported		false		false		true	false					survey only		restricted search taxonomic inventory process	Pre-planned routine hauls with standard double oblique tow		Kawaguchi S., Nicol S., Virtue P., Davenport S., Casper R., Swadling K., Hosie G.W., 2010. Krill demography and large scale distribution in the Western Indian Ocean sector of the Southern Ocean (CCAMLR Division 58.4.2) in Austral summer of 2006. Deep-Sea Research II 57 (9–10), 934–947.	false	false		false	true	false		false		43664.47	m3	Anton Van de Putte	https://orcid.org/0000-0003-1336-5554	true	RMT setup is described in Baker, A. de C., M. R. Clarke, and M. J. Harris. ""The NIO combination net (RMT 1+ 8) and further developments of rectangular midwater trawls."" Journal of the Marine Biological Association of the United Kingdom 53.1 (1973): 167-184. | Towing speed is 4.5 km/h as stated in samplingEffortValue and samplingEffortUnit.		4.5	km/h			
BROKE_WEST_RMT_106_RMT1	BROKE_WEST_RMT_106_RMT1	1	sampling station		RMT_106									not reported		false		false		true	false					survey only		restricted search taxonomic inventory process	target trawls on acoustically detected aggregations		Kawaguchi S., Nicol S., Virtue P., Davenport S., Casper R., Swadling K., Hosie G.W., 2010. Krill demography and large scale distribution in the Western Indian Ocean sector of the Southern Ocean (CCAMLR Division 58.4.2) in Austral summer of 2006. Deep-Sea Research II 57 (9–10), 934–947.	false	false		false	true	false		false				Anton Van de Putte	https://orcid.org/0000-0003-1336-5554	true	RMT setup is described in Baker, A. de C., M. R. Clarke, and M. J. Harris. ""The NIO combination net (RMT 1+ 8) and further developments of rectangular midwater trawls."" Journal of the Marine Biological Association of the United Kingdom 53.1 (1973): 167-184. | Towing speed is 4.5 km/h as stated in samplingEffortValue and samplingEffortUnit.		4.5	km/h			
BROKE_WEST_RMT_106_RMT8	BROKE_WEST_RMT_106_RMT8	1	sampling station		RMT_106									not reported		false		false		true	false					survey only		restricted search taxonomic inventory process	target trawls on acoustically detected aggregations		Kawaguchi S., Nicol S., Virtue P., Davenport S., Casper R., Swadling K., Hosie G.W., 2010. Krill demography and large scale distribution in the Western Indian Ocean sector of the Southern Ocean (CCAMLR Division 58.4.2) in Austral summer of 2006. Deep-Sea Research II 57 (9–10), 934–947.	false	false		false	true	false		false		12739.68	m3	Anton Van de Putte	https://orcid.org/0000-0003-1336-5554	true	RMT setup is described in Baker, A. de C., M. R. Clarke, and M. J. Harris. ""The NIO combination net (RMT 1+ 8) and further developments of rectangular midwater trawls."" Journal of the Marine Biological Association of the United Kingdom 53.1 (1973): 167-184. | Towing speed is 4.5 km/h as stated in samplingEffortValue and samplingEffortUnit.		4.5	km/h			
BROKE_WEST_RMT_107_RMT1	BROKE_WEST_RMT_107_RMT1	1	sampling station		RMT_107									not reported		false		false		true	false					survey only		restricted search taxonomic inventory process	target trawls on acoustically detected aggregations		Kawaguchi S., Nicol S., Virtue P., Davenport S., Casper R., Swadling K., Hosie G.W., 2010. Krill demography and large scale distribution in the Western Indian Ocean sector of the Southern Ocean (CCAMLR Division 58.4.2) in Austral summer of 2006. Deep-Sea Research II 57 (9–10), 934–947.	false	false		false	true	false		false				Anton Van de Putte	https://orcid.org/0000-0003-1336-5554	true	RMT setup is described in Baker, A. de C., M. R. Clarke, and M. J. Harris. ""The NIO combination net (RMT 1+ 8) and further developments of rectangular midwater trawls."" Journal of the Marine Biological Association of the United Kingdom 53.1 (1973): 167-184. | Towing speed is 4.5 km/h as stated in samplingEffortValue and samplingEffortUnit.		4.5	km/h			
BROKE_WEST_RMT_107_RMT8	BROKE_WEST_RMT_107_RMT8	1	sampling station		RMT_107									not reported		false		false		true	false					survey only		restricted search taxonomic inventory process	target trawls on acoustically detected aggregations		Kawaguchi S., Nicol S., Virtue P., Davenport S., Casper R., Swadling K., Hosie G.W., 2010. Krill demography and large scale distribution in the Western Indian Ocean sector of the Southern Ocean (CCAMLR Division 58.4.2) in Austral summer of 2006. Deep-Sea Research II 57 (9–10), 934–947.	false	false		false	true	false		false		33047.06	m3	Anton Van de Putte	https://orcid.org/0000-0003-1336-5554	true	RMT setup is described in Baker, A. de C., M. R. Clarke, and M. J. Harris. ""The NIO combination net (RMT 1+ 8) and further developments of rectangular midwater trawls."" Journal of the Marine Biological Association of the United Kingdom 53.1 (1973): 167-184. | Towing speed is 4.5 km/h as stated in samplingEffortValue and samplingEffortUnit.		4.5	km/h			
BROKE_WEST_RMT_108_RMT1	BROKE_WEST_RMT_108_RMT1	1	sampling station		RMT_108									not reported		false		false		true	false					survey only		restricted search taxonomic inventory process	target trawls on acoustically detected aggregations		Kawaguchi S., Nicol S., Virtue P., Davenport S., Casper R., Swadling K., Hosie G.W., 2010. Krill demography and large scale distribution in the Western Indian Ocean sector of the Southern Ocean (CCAMLR Division 58.4.2) in Austral summer of 2006. Deep-Sea Research II 57 (9–10), 934–947.	false	false		false	true	false		false				Anton Van de Putte	https://orcid.org/0000-0003-1336-5554	true	RMT setup is described in Baker, A. de C., M. R. Clarke, and M. J. Harris. ""The NIO combination net (RMT 1+ 8) and further developments of rectangular midwater trawls."" Journal of the Marine Biological Association of the United Kingdom 53.1 (1973): 167-184. | Towing speed is 4.5 km/h as stated in samplingEffortValue and samplingEffortUnit.		4.5	km/h			
BROKE_WEST_RMT_108_RMT8	BROKE_WEST_RMT_108_RMT8	1	sampling station		RMT_108									not reported		false		false		true	false					survey only		restricted search taxonomic inventory process	target trawls on acoustically detected aggregations		Kawaguchi S., Nicol S., Virtue P., Davenport S., Casper R., Swadling K., Hosie G.W., 2010. Krill demography and large scale distribution in the Western Indian Ocean sector of the Southern Ocean (CCAMLR Division 58.4.2) in Austral summer of 2006. Deep-Sea Research II 57 (9–10), 934–947.	false	false		false	true	false		false		24281.94	m3	Anton Van de Putte	https://orcid.org/0000-0003-1336-5554	true	RMT setup is described in Baker, A. de C., M. R. Clarke, and M. J. Harris. ""The NIO combination net (RMT 1+ 8) and further developments of rectangular midwater trawls."" Journal of the Marine Biological Association of the United Kingdom 53.1 (1973): 167-184. | Towing speed is 4.5 km/h as stated in samplingEffortValue and samplingEffortUnit.		4.5	km/h			
BROKE_WEST_RMT_109_RMT1	BROKE_WEST_RMT_109_RMT1	1	sampling station		RMT_109									not reported		false		false		true	false					survey only		restricted search taxonomic inventory process	target trawls on acoustically detected aggregations		Kawaguchi S., Nicol S., Virtue P., Davenport S., Casper R., Swadling K., Hosie G.W., 2010. Krill demography and large scale distribution in the Western Indian Ocean sector of the Southern Ocean (CCAMLR Division 58.4.2) in Austral summer of 2006. Deep-Sea Research II 57 (9–10), 934–947.	false	false		false	true	false		false				Anton Van de Putte	https://orcid.org/0000-0003-1336-5554	true	RMT setup is described in Baker, A. de C., M. R. Clarke, and M. J. Harris. ""The NIO combination net (RMT 1+ 8) and further developments of rectangular midwater trawls."" Journal of the Marine Biological Association of the United Kingdom 53.1 (1973): 167-184. | Towing speed is 4.5 km/h as stated in samplingEffortValue and samplingEffortUnit.		4.5	km/h			
BROKE_WEST_RMT_109_RMT8	BROKE_WEST_RMT_109_RMT8	1	sampling station		RMT_109									not reported		false		false		true	false					survey only		restricted search taxonomic inventory process	target trawls on acoustically detected aggregations		Kawaguchi S., Nicol S., Virtue P., Davenport S., Casper R., Swadling K., Hosie G.W., 2010. Krill demography and large scale distribution in the Western Indian Ocean sector of the Southern Ocean (CCAMLR Division 58.4.2) in Austral summer of 2006. Deep-Sea Research II 57 (9–10), 934–947.	false	false		false	true	false		false		18542.16	m3	Anton Van de Putte	https://orcid.org/0000-0003-1336-5554	true	RMT setup is described in Baker, A. de C., M. R. Clarke, and M. J. Harris. ""The NIO combination net (RMT 1+ 8) and further developments of rectangular midwater trawls."" Journal of the Marine Biological Association of the United Kingdom 53.1 (1973): 167-184. | Towing speed is 4.5 km/h as stated in samplingEffortValue and samplingEffortUnit.		4.5	km/h			
BROKE_WEST_RMT_110_RMT1	BROKE_WEST_RMT_110_RMT1	1	sampling station		RMT_110									not reported		false		false		true	false					survey only		restricted search taxonomic inventory process	Pre-planned routine hauls with standard double oblique tow		Kawaguchi S., Nicol S., Virtue P., Davenport S., Casper R., Swadling K., Hosie G.W., 2010. Krill demography and large scale distribution in the Western Indian Ocean sector of the Southern Ocean (CCAMLR Division 58.4.2) in Austral summer of 2006. Deep-Sea Research II 57 (9–10), 934–947.	false	false		false	true	false		false				Anton Van de Putte	https://orcid.org/0000-0003-1336-5554	true	RMT setup is described in Baker, A. de C., M. R. Clarke, and M. J. Harris. ""The NIO combination net (RMT 1+ 8) and further developments of rectangular midwater trawls."" Journal of the Marine Biological Association of the United Kingdom 53.1 (1973): 167-184. | Towing speed is 4.5 km/h as stated in samplingEffortValue and samplingEffortUnit.		4.5	km/h			
BROKE_WEST_RMT_110_RMT8	BROKE_WEST_RMT_110_RMT8	1	sampling station		RMT_110									not reported		false		false		true	false					survey only		restricted search taxonomic inventory process	Pre-planned routine hauls with standard double oblique tow		Kawaguchi S., Nicol S., Virtue P., Davenport S., Casper R., Swadling K., Hosie G.W., 2010. Krill demography and large scale distribution in the Western Indian Ocean sector of the Southern Ocean (CCAMLR Division 58.4.2) in Austral summer of 2006. Deep-Sea Research II 57 (9–10), 934–947.	false	false		false	true	false		false		41488.22	m3	Anton Van de Putte	https://orcid.org/0000-0003-1336-5554	true	RMT setup is described in Baker, A. de C., M. R. Clarke, and M. J. Harris. ""The NIO combination net (RMT 1+ 8) and further developments of rectangular midwater trawls."" Journal of the Marine Biological Association of the United Kingdom 53.1 (1973): 167-184. | Towing speed is 4.5 km/h as stated in samplingEffortValue and samplingEffortUnit.		4.5	km/h			
BROKE_WEST_RMT_111_RMT1	BROKE_WEST_RMT_111_RMT1	1	sampling station		RMT_111									not reported		false		false		true	false					survey only		restricted search taxonomic inventory process	target trawls on acoustically detected aggregations		Kawaguchi S., Nicol S., Virtue P., Davenport S., Casper R., Swadling K., Hosie G.W., 2010. Krill demography and large scale distribution in the Western Indian Ocean sector of the Southern Ocean (CCAMLR Division 58.4.2) in Austral summer of 2006. Deep-Sea Research II 57 (9–10), 934–947.	false	false		false	true	false		false				Anton Van de Putte	https://orcid.org/0000-0003-1336-5554	true	RMT setup is described in Baker, A. de C., M. R. Clarke, and M. J. Harris. ""The NIO combination net (RMT 1+ 8) and further developments of rectangular midwater trawls."" Journal of the Marine Biological Association of the United Kingdom 53.1 (1973): 167-184. | Towing speed is 4.5 km/h as stated in samplingEffortValue and samplingEffortUnit.		4.5	km/h			
BROKE_WEST_RMT_111_RMT8	BROKE_WEST_RMT_111_RMT8	1	sampling station		RMT_111									not reported		false		false		true	false					survey only		restricted search taxonomic inventory process	target trawls on acoustically detected aggregations		Kawaguchi S., Nicol S., Virtue P., Davenport S., Casper R., Swadling K., Hosie G.W., 2010. Krill demography and large scale distribution in the Western Indian Ocean sector of the Southern Ocean (CCAMLR Division 58.4.2) in Austral summer of 2006. Deep-Sea Research II 57 (9–10), 934–947.	false	false		false	true	false		false		18617.92	m3	Anton Van de Putte	https://orcid.org/0000-0003-1336-5554	true	RMT setup is described in Baker, A. de C., M. R. Clarke, and M. J. Harris. ""The NIO combination net (RMT 1+ 8) and further developments of rectangular midwater trawls."" Journal of the Marine Biological Association of the United Kingdom 53.1 (1973): 167-184. | Towing speed is 4.5 km/h as stated in samplingEffortValue and samplingEffortUnit.		4.5	km/h			
BROKE_WEST_RMT_112_RMT1	BROKE_WEST_RMT_112_RMT1	1	sampling station		RMT_112									not reported		false		false		true	false					survey only		restricted search taxonomic inventory process	Pre-planned routine hauls with standard double oblique tow		Kawaguchi S., Nicol S., Virtue P., Davenport S., Casper R., Swadling K., Hosie G.W., 2010. Krill demography and large scale distribution in the Western Indian Ocean sector of the Southern Ocean (CCAMLR Division 58.4.2) in Austral summer of 2006. Deep-Sea Research II 57 (9–10), 934–947.	false	false		false	true	false		false				Anton Van de Putte	https://orcid.org/0000-0003-1336-5554	true	RMT setup is described in Baker, A. de C., M. R. Clarke, and M. J. Harris. ""The NIO combination net (RMT 1+ 8) and further developments of rectangular midwater trawls."" Journal of the Marine Biological Association of the United Kingdom 53.1 (1973): 167-184. | Towing speed is 4.5 km/h as stated in samplingEffortValue and samplingEffortUnit.		4.5	km/h			
BROKE_WEST_RMT_112_RMT8	BROKE_WEST_RMT_112_RMT8	1	sampling station		RMT_112									not reported		false		false		true	false					survey only		restricted search taxonomic inventory process	Pre-planned routine hauls with standard double oblique tow		Kawaguchi S., Nicol S., Virtue P., Davenport S., Casper R., Swadling K., Hosie G.W., 2010. Krill demography and large scale distribution in the Western Indian Ocean sector of the Southern Ocean (CCAMLR Division 58.4.2) in Austral summer of 2006. Deep-Sea Research II 57 (9–10), 934–947.	false	false		false	true	false		false		46766.45	m3	Anton Van de Putte	https://orcid.org/0000-0003-1336-5554	true	RMT setup is described in Baker, A. de C., M. R. Clarke, and M. J. Harris. ""The NIO combination net (RMT 1+ 8) and further developments of rectangular midwater trawls."" Journal of the Marine Biological Association of the United Kingdom 53.1 (1973): 167-184. | Towing speed is 4.5 km/h as stated in samplingEffortValue and samplingEffortUnit.		4.5	km/h			
BROKE_WEST_RMT_113_RMT1	BROKE_WEST_RMT_113_RMT1	1	sampling station		RMT_113									not reported		false		false		true	false					survey only		restricted search taxonomic inventory process	target trawls on acoustically detected aggregations		Kawaguchi S., Nicol S., Virtue P., Davenport S., Casper R., Swadling K., Hosie G.W., 2010. Krill demography and large scale distribution in the Western Indian Ocean sector of the Southern Ocean (CCAMLR Division 58.4.2) in Austral summer of 2006. Deep-Sea Research II 57 (9–10), 934–947.	false	false		false	true	false		false				Anton Van de Putte	https://orcid.org/0000-0003-1336-5554	true	RMT setup is described in Baker, A. de C., M. R. Clarke, and M. J. Harris. ""The NIO combination net (RMT 1+ 8) and further developments of rectangular midwater trawls."" Journal of the Marine Biological Association of the United Kingdom 53.1 (1973): 167-184. | Towing speed is 4.5 km/h as stated in samplingEffortValue and samplingEffortUnit.		4.5	km/h			
BROKE_WEST_RMT_113_RMT8	BROKE_WEST_RMT_113_RMT8	1	sampling station		RMT_113									not reported		false		false		true	false					survey only		restricted search taxonomic inventory process	target trawls on acoustically detected aggregations		Kawaguchi S., Nicol S., Virtue P., Davenport S., Casper R., Swadling K., Hosie G.W., 2010. Krill demography and large scale distribution in the Western Indian Ocean sector of the Southern Ocean (CCAMLR Division 58.4.2) in Austral summer of 2006. Deep-Sea Research II 57 (9–10), 934–947.	false	false		false	true	false		false		10286.49	m3	Anton Van de Putte	https://orcid.org/0000-0003-1336-5554	true	RMT setup is described in Baker, A. de C., M. R. Clarke, and M. J. Harris. ""The NIO combination net (RMT 1+ 8) and further developments of rectangular midwater trawls."" Journal of the Marine Biological Association of the United Kingdom 53.1 (1973): 167-184. | Towing speed is 4.5 km/h as stated in samplingEffortValue and samplingEffortUnit.		4.5	km/h			
BROKE_WEST_RMT_114_RMT1	BROKE_WEST_RMT_114_RMT1	1	sampling station		RMT_114									not reported		false		false		true	false					survey only		restricted search taxonomic inventory process	Pre-planned routine hauls with standard double oblique tow		Kawaguchi S., Nicol S., Virtue P., Davenport S., Casper R., Swadling K., Hosie G.W., 2010. Krill demography and large scale distribution in the Western Indian Ocean sector of the Southern Ocean (CCAMLR Division 58.4.2) in Austral summer of 2006. Deep-Sea Research II 57 (9–10), 934–947.	false	false		false	true	false		false				Anton Van de Putte	https://orcid.org/0000-0003-1336-5554	true	RMT setup is described in Baker, A. de C., M. R. Clarke, and M. J. Harris. ""The NIO combination net (RMT 1+ 8) and further developments of rectangular midwater trawls."" Journal of the Marine Biological Association of the United Kingdom 53.1 (1973): 167-184. | Towing speed is 4.5 km/h as stated in samplingEffortValue and samplingEffortUnit.		4.5	km/h			
BROKE_WEST_RMT_114_RMT8	BROKE_WEST_RMT_114_RMT8	1	sampling station		RMT_114									not reported		false		false		true	false					survey only		restricted search taxonomic inventory process	Pre-planned routine hauls with standard double oblique tow		Kawaguchi S., Nicol S., Virtue P., Davenport S., Casper R., Swadling K., Hosie G.W., 2010. Krill demography and large scale distribution in the Western Indian Ocean sector of the Southern Ocean (CCAMLR Division 58.4.2) in Austral summer of 2006. Deep-Sea Research II 57 (9–10), 934–947.	false	false		false	true	false		false		32719.62	m3	Anton Van de Putte	https://orcid.org/0000-0003-1336-5554	true	RMT setup is described in Baker, A. de C., M. R. Clarke, and M. J. Harris. ""The NIO combination net (RMT 1+ 8) and further developments of rectangular midwater trawls."" Journal of the Marine Biological Association of the United Kingdom 53.1 (1973): 167-184. | Towing speed is 4.5 km/h as stated in samplingEffortValue and samplingEffortUnit.		4.5	km/h			
BROKE_WEST_RMT_115_RMT1	BROKE_WEST_RMT_115_RMT1	1	sampling station		RMT_115									not reported		false		false		true	false					survey only		restricted search taxonomic inventory process	Pre-planned routine hauls with standard double oblique tow		Kawaguchi S., Nicol S., Virtue P., Davenport S., Casper R., Swadling K., Hosie G.W., 2010. Krill demography and large scale distribution in the Western Indian Ocean sector of the Southern Ocean (CCAMLR Division 58.4.2) in Austral summer of 2006. Deep-Sea Research II 57 (9–10), 934–947.	false	false		false	true	false		false				Anton Van de Putte	https://orcid.org/0000-0003-1336-5554	true	RMT setup is described in Baker, A. de C., M. R. Clarke, and M. J. Harris. ""The NIO combination net (RMT 1+ 8) and further developments of rectangular midwater trawls."" Journal of the Marine Biological Association of the United Kingdom 53.1 (1973): 167-184. | Towing speed is 4.5 km/h as stated in samplingEffortValue and samplingEffortUnit.		4.5	km/h			
BROKE_WEST_RMT_115_RMT8	BROKE_WEST_RMT_115_RMT8	1	sampling station		RMT_115									not reported		false		false		true	false					survey only		restricted search taxonomic inventory process	Pre-planned routine hauls with standard double oblique tow		Kawaguchi S., Nicol S., Virtue P., Davenport S., Casper R., Swadling K., Hosie G.W., 2010. Krill demography and large scale distribution in the Western Indian Ocean sector of the Southern Ocean (CCAMLR Division 58.4.2) in Austral summer of 2006. Deep-Sea Research II 57 (9–10), 934–947.	false	false		false	true	false		false		43099.29	m3	Anton Van de Putte	https://orcid.org/0000-0003-1336-5554	true	RMT setup is described in Baker, A. de C., M. R. Clarke, and M. J. Harris. ""The NIO combination net (RMT 1+ 8) and further developments of rectangular midwater trawls."" Journal of the Marine Biological Association of the United Kingdom 53.1 (1973): 167-184. | Towing speed is 4.5 km/h as stated in samplingEffortValue and samplingEffortUnit.		4.5	km/h			
BROKE_WEST_RMT_116_RMT1	BROKE_WEST_RMT_116_RMT1	1	sampling station		RMT_116									not reported		false		false		true	false					survey only		restricted search taxonomic inventory process	Pre-planned routine hauls with standard double oblique tow		Kawaguchi S., Nicol S., Virtue P., Davenport S., Casper R., Swadling K., Hosie G.W., 2010. Krill demography and large scale distribution in the Western Indian Ocean sector of the Southern Ocean (CCAMLR Division 58.4.2) in Austral summer of 2006. Deep-Sea Research II 57 (9–10), 934–947.	false	false		false	true	false		false				Anton Van de Putte	https://orcid.org/0000-0003-1336-5554	true	RMT setup is described in Baker, A. de C., M. R. Clarke, and M. J. Harris. ""The NIO combination net (RMT 1+ 8) and further developments of rectangular midwater trawls."" Journal of the Marine Biological Association of the United Kingdom 53.1 (1973): 167-184. | Towing speed is 4.5 km/h as stated in samplingEffortValue and samplingEffortUnit.		4.5	km/h			
BROKE_WEST_RMT_116_RMT8	BROKE_WEST_RMT_116_RMT8	1	sampling station		RMT_116									not reported		false		false		true	false					survey only		restricted search taxonomic inventory process	Pre-planned routine hauls with standard double oblique tow		Kawaguchi S., Nicol S., Virtue P., Davenport S., Casper R., Swadling K., Hosie G.W., 2010. Krill demography and large scale distribution in the Western Indian Ocean sector of the Southern Ocean (CCAMLR Division 58.4.2) in Austral summer of 2006. Deep-Sea Research II 57 (9–10), 934–947.	false	false		false	true	false		false		50853.35	m3	Anton Van de Putte	https://orcid.org/0000-0003-1336-5554	true	RMT setup is described in Baker, A. de C., M. R. Clarke, and M. J. Harris. ""The NIO combination net (RMT 1+ 8) and further developments of rectangular midwater trawls."" Journal of the Marine Biological Association of the United Kingdom 53.1 (1973): 167-184. | Towing speed is 4.5 km/h as stated in samplingEffortValue and samplingEffortUnit.		4.5	km/h			
BROKE_WEST_RMT_117_RMT1	BROKE_WEST_RMT_117_RMT1	1	sampling station		RMT_117									not reported		false		false		true	false					survey only		restricted search taxonomic inventory process	Pre-planned routine hauls with standard double oblique tow		Kawaguchi S., Nicol S., Virtue P., Davenport S., Casper R., Swadling K., Hosie G.W., 2010. Krill demography and large scale distribution in the Western Indian Ocean sector of the Southern Ocean (CCAMLR Division 58.4.2) in Austral summer of 2006. Deep-Sea Research II 57 (9–10), 934–947.	false	false		false	true	false		false				Anton Van de Putte	https://orcid.org/0000-0003-1336-5554	true	RMT setup is described in Baker, A. de C., M. R. Clarke, and M. J. Harris. ""The NIO combination net (RMT 1+ 8) and further developments of rectangular midwater trawls."" Journal of the Marine Biological Association of the United Kingdom 53.1 (1973): 167-184. | Towing speed is 4.5 km/h as stated in samplingEffortValue and samplingEffortUnit.		4.5	km/h			
BROKE_WEST_RMT_117_RMT8	BROKE_WEST_RMT_117_RMT8	1	sampling station		RMT_117									not reported		false		false		true	false					survey only		restricted search taxonomic inventory process	Pre-planned routine hauls with standard double oblique tow		Kawaguchi S., Nicol S., Virtue P., Davenport S., Casper R., Swadling K., Hosie G.W., 2010. Krill demography and large scale distribution in the Western Indian Ocean sector of the Southern Ocean (CCAMLR Division 58.4.2) in Austral summer of 2006. Deep-Sea Research II 57 (9–10), 934–947.	false	false		false	true	false		false		38788.58	m3	Anton Van de Putte	https://orcid.org/0000-0003-1336-5554	true	RMT setup is described in Baker, A. de C., M. R. Clarke, and M. J. Harris. ""The NIO combination net (RMT 1+ 8) and further developments of rectangular midwater trawls."" Journal of the Marine Biological Association of the United Kingdom 53.1 (1973): 167-184. | Towing speed is 4.5 km/h as stated in samplingEffortValue and samplingEffortUnit.		4.5	km/h			
BROKE_WEST_RMT_118_RMT1	BROKE_WEST_RMT_118_RMT1	1	sampling station		RMT_118									not reported		false		false		true	false					survey only		restricted search taxonomic inventory process	target trawls on acoustically detected aggregations		Kawaguchi S., Nicol S., Virtue P., Davenport S., Casper R., Swadling K., Hosie G.W., 2010. Krill demography and large scale distribution in the Western Indian Ocean sector of the Southern Ocean (CCAMLR Division 58.4.2) in Austral summer of 2006. Deep-Sea Research II 57 (9–10), 934–947.	false	false		false	true	false		false				Anton Van de Putte	https://orcid.org/0000-0003-1336-5554	true	RMT setup is described in Baker, A. de C., M. R. Clarke, and M. J. Harris. ""The NIO combination net (RMT 1+ 8) and further developments of rectangular midwater trawls."" Journal of the Marine Biological Association of the United Kingdom 53.1 (1973): 167-184. | Towing speed is 4.5 km/h as stated in samplingEffortValue and samplingEffortUnit.		4.5	km/h			
BROKE_WEST_RMT_118_RMT8	BROKE_WEST_RMT_118_RMT8	1	sampling station		RMT_118									not reported		false		false		true	false					survey only		restricted search taxonomic inventory process	target trawls on acoustically detected aggregations		Kawaguchi S., Nicol S., Virtue P., Davenport S., Casper R., Swadling K., Hosie G.W., 2010. Krill demography and large scale distribution in the Western Indian Ocean sector of the Southern Ocean (CCAMLR Division 58.4.2) in Austral summer of 2006. Deep-Sea Research II 57 (9–10), 934–947.	false	false		false	true	false		false		11560.54	m3	Anton Van de Putte	https://orcid.org/0000-0003-1336-5554	true	RMT setup is described in Baker, A. de C., M. R. Clarke, and M. J. Harris. ""The NIO combination net (RMT 1+ 8) and further developments of rectangular midwater trawls."" Journal of the Marine Biological Association of the United Kingdom 53.1 (1973): 167-184. | Towing speed is 4.5 km/h as stated in samplingEffortValue and samplingEffortUnit.		4.5	km/h			
BROKE_WEST_RMT_119_RMT1	BROKE_WEST_RMT_119_RMT1	1	sampling station		RMT_119									not reported		false		false		true	false					survey only		restricted search taxonomic inventory process	Pre-planned routine hauls with standard double oblique tow		Kawaguchi S., Nicol S., Virtue P., Davenport S., Casper R., Swadling K., Hosie G.W., 2010. Krill demography and large scale distribution in the Western Indian Ocean sector of the Southern Ocean (CCAMLR Division 58.4.2) in Austral summer of 2006. Deep-Sea Research II 57 (9–10), 934–947.	false	false		false	true	false		false				Anton Van de Putte	https://orcid.org/0000-0003-1336-5554	true	RMT setup is described in Baker, A. de C., M. R. Clarke, and M. J. Harris. ""The NIO combination net (RMT 1+ 8) and further developments of rectangular midwater trawls."" Journal of the Marine Biological Association of the United Kingdom 53.1 (1973): 167-184. | Towing speed is 4.5 km/h as stated in samplingEffortValue and samplingEffortUnit.		4.5	km/h			
BROKE_WEST_RMT_119_RMT8	BROKE_WEST_RMT_119_RMT8	1	sampling station		RMT_119									not reported		false		false		true	false					survey only		restricted search taxonomic inventory process	Pre-planned routine hauls with standard double oblique tow		Kawaguchi S., Nicol S., Virtue P., Davenport S., Casper R., Swadling K., Hosie G.W., 2010. Krill demography and large scale distribution in the Western Indian Ocean sector of the Southern Ocean (CCAMLR Division 58.4.2) in Austral summer of 2006. Deep-Sea Research II 57 (9–10), 934–947.	false	false		false	true	false		false		36323.2	m3	Anton Van de Putte	https://orcid.org/0000-0003-1336-5554	true	RMT setup is described in Baker, A. de C., M. R. Clarke, and M. J. Harris. ""The NIO combination net (RMT 1+ 8) and further developments of rectangular midwater trawls."" Journal of the Marine Biological Association of the United Kingdom 53.1 (1973): 167-184. | Towing speed is 4.5 km/h as stated in samplingEffortValue and samplingEffortUnit.		4.5	km/h			
BROKE_WEST_RMT_120_RMT1	BROKE_WEST_RMT_120_RMT1	1	sampling station		RMT_120									not reported		false		false		true	false					survey only		restricted search taxonomic inventory process	Pre-planned routine hauls with standard double oblique tow		Kawaguchi S., Nicol S., Virtue P., Davenport S., Casper R., Swadling K., Hosie G.W., 2010. Krill demography and large scale distribution in the Western Indian Ocean sector of the Southern Ocean (CCAMLR Division 58.4.2) in Austral summer of 2006. Deep-Sea Research II 57 (9–10), 934–947.	false	false		false	true	false		false				Anton Van de Putte	https://orcid.org/0000-0003-1336-5554	true	RMT setup is described in Baker, A. de C., M. R. Clarke, and M. J. Harris. ""The NIO combination net (RMT 1+ 8) and further developments of rectangular midwater trawls."" Journal of the Marine Biological Association of the United Kingdom 53.1 (1973): 167-184. | Towing speed is 4.5 km/h as stated in samplingEffortValue and samplingEffortUnit.		4.5	km/h			
BROKE_WEST_RMT_120_RMT8	BROKE_WEST_RMT_120_RMT8	1	sampling station		RMT_120									not reported		false		false		true	false					survey only		restricted search taxonomic inventory process	Pre-planned routine hauls with standard double oblique tow		Kawaguchi S., Nicol S., Virtue P., Davenport S., Casper R., Swadling K., Hosie G.W., 2010. Krill demography and large scale distribution in the Western Indian Ocean sector of the Southern Ocean (CCAMLR Division 58.4.2) in Austral summer of 2006. Deep-Sea Research II 57 (9–10), 934–947.	false	false		false	true	false		false		52321.61	m3	Anton Van de Putte	https://orcid.org/0000-0003-1336-5554	true	RMT setup is described in Baker, A. de C., M. R. Clarke, and M. J. Harris. ""The NIO combination net (RMT 1+ 8) and further developments of rectangular midwater trawls."" Journal of the Marine Biological Association of the United Kingdom 53.1 (1973): 167-184. | Towing speed is 4.5 km/h as stated in samplingEffortValue and samplingEffortUnit.		4.5	km/h			
BROKE_WEST_RMT_121_RMT1	BROKE_WEST_RMT_121_RMT1	1	sampling station		RMT_121									not reported		false		false		true	false					survey only		restricted search taxonomic inventory process	target trawls on acoustically detected aggregations		Kawaguchi S., Nicol S., Virtue P., Davenport S., Casper R., Swadling K., Hosie G.W., 2010. Krill demography and large scale distribution in the Western Indian Ocean sector of the Southern Ocean (CCAMLR Division 58.4.2) in Austral summer of 2006. Deep-Sea Research II 57 (9–10), 934–947.	false	false		false	true	false		false				Anton Van de Putte	https://orcid.org/0000-0003-1336-5554	true	RMT setup is described in Baker, A. de C., M. R. Clarke, and M. J. Harris. ""The NIO combination net (RMT 1+ 8) and further developments of rectangular midwater trawls."" Journal of the Marine Biological Association of the United Kingdom 53.1 (1973): 167-184. | Towing speed is 4.5 km/h as stated in samplingEffortValue and samplingEffortUnit.		4.5	km/h			
BROKE_WEST_RMT_121_RMT8	BROKE_WEST_RMT_121_RMT8	1	sampling station		RMT_121									not reported		false		false		true	false					survey only		restricted search taxonomic inventory process	target trawls on acoustically detected aggregations		Kawaguchi S., Nicol S., Virtue P., Davenport S., Casper R., Swadling K., Hosie G.W., 2010. Krill demography and large scale distribution in the Western Indian Ocean sector of the Southern Ocean (CCAMLR Division 58.4.2) in Austral summer of 2006. Deep-Sea Research II 57 (9–10), 934–947.	false	false		false	true	false		false		11150.37	m3	Anton Van de Putte	https://orcid.org/0000-0003-1336-5554	true	RMT setup is described in Baker, A. de C., M. R. Clarke, and M. J. Harris. ""The NIO combination net (RMT 1+ 8) and further developments of rectangular midwater trawls."" Journal of the Marine Biological Association of the United Kingdom 53.1 (1973): 167-184. | Towing speed is 4.5 km/h as stated in samplingEffortValue and samplingEffortUnit.		4.5	km/h			
BROKE_WEST_RMT_122_RMT1	BROKE_WEST_RMT_122_RMT1	1	sampling station		RMT_122									not reported		false		false		true	false					survey only		restricted search taxonomic inventory process	Pre-planned routine hauls with standard double oblique tow		Kawaguchi S., Nicol S., Virtue P., Davenport S., Casper R., Swadling K., Hosie G.W., 2010. Krill demography and large scale distribution in the Western Indian Ocean sector of the Southern Ocean (CCAMLR Division 58.4.2) in Austral summer of 2006. Deep-Sea Research II 57 (9–10), 934–947.	false	false		false	true	false		false				Anton Van de Putte	https://orcid.org/0000-0003-1336-5554	true	RMT setup is described in Baker, A. de C., M. R. Clarke, and M. J. Harris. ""The NIO combination net (RMT 1+ 8) and further developments of rectangular midwater trawls."" Journal of the Marine Biological Association of the United Kingdom 53.1 (1973): 167-184. | Towing speed is 4.5 km/h as stated in samplingEffortValue and samplingEffortUnit.		4.5	km/h			
BROKE_WEST_RMT_122_RMT8	BROKE_WEST_RMT_122_RMT8	1	sampling station		RMT_122									not reported		false		false		true	false					survey only		restricted search taxonomic inventory process	Pre-planned routine hauls with standard double oblique tow		Kawaguchi S., Nicol S., Virtue P., Davenport S., Casper R., Swadling K., Hosie G.W., 2010. Krill demography and large scale distribution in the Western Indian Ocean sector of the Southern Ocean (CCAMLR Division 58.4.2) in Austral summer of 2006. Deep-Sea Research II 57 (9–10), 934–947.	false	false		false	true	false		false		33620.95	m3	Anton Van de Putte	https://orcid.org/0000-0003-1336-5554	true	RMT setup is described in Baker, A. de C., M. R. Clarke, and M. J. Harris. ""The NIO combination net (RMT 1+ 8) and further developments of rectangular midwater trawls."" Journal of the Marine Biological Association of the United Kingdom 53.1 (1973): 167-184. | Towing speed is 4.5 km/h as stated in samplingEffortValue and samplingEffortUnit.		4.5	km/h			
BROKE_WEST_RMT_123_RMT1	BROKE_WEST_RMT_123_RMT1	1	sampling station		RMT_123									not reported		false		false		true	false					survey only		restricted search taxonomic inventory process	target trawls on acoustically detected aggregations		Kawaguchi S., Nicol S., Virtue P., Davenport S., Casper R., Swadling K., Hosie G.W., 2010. Krill demography and large scale distribution in the Western Indian Ocean sector of the Southern Ocean (CCAMLR Division 58.4.2) in Austral summer of 2006. Deep-Sea Research II 57 (9–10), 934–947.	false	false		false	true	false		false				Anton Van de Putte	https://orcid.org/0000-0003-1336-5554	true	RMT setup is described in Baker, A. de C., M. R. Clarke, and M. J. Harris. ""The NIO combination net (RMT 1+ 8) and further developments of rectangular midwater trawls."" Journal of the Marine Biological Association of the United Kingdom 53.1 (1973): 167-184. | Towing speed is 4.5 km/h as stated in samplingEffortValue and samplingEffortUnit.		4.5	km/h			
BROKE_WEST_RMT_123_RMT8	BROKE_WEST_RMT_123_RMT8	1	sampling station		RMT_123									not reported		false		false		true	false					survey only		restricted search taxonomic inventory process	target trawls on acoustically detected aggregations		Kawaguchi S., Nicol S., Virtue P., Davenport S., Casper R., Swadling K., Hosie G.W., 2010. Krill demography and large scale distribution in the Western Indian Ocean sector of the Southern Ocean (CCAMLR Division 58.4.2) in Austral summer of 2006. Deep-Sea Research II 57 (9–10), 934–947.	false	false		false	true	false		false		4220.14	m3	Anton Van de Putte	https://orcid.org/0000-0003-1336-5554	true	RMT setup is described in Baker, A. de C., M. R. Clarke, and M. J. Harris. ""The NIO combination net (RMT 1+ 8) and further developments of rectangular midwater trawls."" Journal of the Marine Biological Association of the United Kingdom 53.1 (1973): 167-184. | Towing speed is 4.5 km/h as stated in samplingEffortValue and samplingEffortUnit.		4.5	km/h			
BROKE_WEST_RMT_124_RMT1	BROKE_WEST_RMT_124_RMT1	1	sampling station		RMT_124									not reported		false		false		true	false					survey only		restricted search taxonomic inventory process	target trawls on acoustically detected aggregations		Kawaguchi S., Nicol S., Virtue P., Davenport S., Casper R., Swadling K., Hosie G.W., 2010. Krill demography and large scale distribution in the Western Indian Ocean sector of the Southern Ocean (CCAMLR Division 58.4.2) in Austral summer of 2006. Deep-Sea Research II 57 (9–10), 934–947.	false	false		false	true	false		false				Anton Van de Putte	https://orcid.org/0000-0003-1336-5554	true	RMT setup is described in Baker, A. de C., M. R. Clarke, and M. J. Harris. ""The NIO combination net (RMT 1+ 8) and further developments of rectangular midwater trawls."" Journal of the Marine Biological Association of the United Kingdom 53.1 (1973): 167-184. | Towing speed is 4.5 km/h as stated in samplingEffortValue and samplingEffortUnit.		4.5	km/h			
BROKE_WEST_RMT_124_RMT8	BROKE_WEST_RMT_124_RMT8	1	sampling station		RMT_124									not reported		false		false		true	false					survey only		restricted search taxonomic inventory process	target trawls on acoustically detected aggregations		Kawaguchi S., Nicol S., Virtue P., Davenport S., Casper R., Swadling K., Hosie G.W., 2010. Krill demography and large scale distribution in the Western Indian Ocean sector of the Southern Ocean (CCAMLR Division 58.4.2) in Austral summer of 2006. Deep-Sea Research II 57 (9–10), 934–947.	false	false		false	true	false		false		20401.43	m3	Anton Van de Putte	https://orcid.org/0000-0003-1336-5554	true	RMT setup is described in Baker, A. de C., M. R. Clarke, and M. J. Harris. ""The NIO combination net (RMT 1+ 8) and further developments of rectangular midwater trawls."" Journal of the Marine Biological Association of the United Kingdom 53.1 (1973): 167-184. | Towing speed is 4.5 km/h as stated in samplingEffortValue and samplingEffortUnit.		4.5	km/h			
BROKE_WEST_RMT_125_RMT1	BROKE_WEST_RMT_125_RMT1	1	sampling station		RMT_125									not reported		false		false		true	false					survey only		restricted search taxonomic inventory process	target trawls on acoustically detected aggregations		Kawaguchi S., Nicol S., Virtue P., Davenport S., Casper R., Swadling K., Hosie G.W., 2010. Krill demography and large scale distribution in the Western Indian Ocean sector of the Southern Ocean (CCAMLR Division 58.4.2) in Austral summer of 2006. Deep-Sea Research II 57 (9–10), 934–947.	false	false		false	true	false		false				Anton Van de Putte	https://orcid.org/0000-0003-1336-5554	true	RMT setup is described in Baker, A. de C., M. R. Clarke, and M. J. Harris. ""The NIO combination net (RMT 1+ 8) and further developments of rectangular midwater trawls."" Journal of the Marine Biological Association of the United Kingdom 53.1 (1973): 167-184. | Towing speed is 4.5 km/h as stated in samplingEffortValue and samplingEffortUnit.		4.5	km/h			
BROKE_WEST_RMT_125_RMT8	BROKE_WEST_RMT_125_RMT8	1	sampling station		RMT_125									not reported		false		false		true	false					survey only		restricted search taxonomic inventory process	target trawls on acoustically detected aggregations		Kawaguchi S., Nicol S., Virtue P., Davenport S., Casper R., Swadling K., Hosie G.W., 2010. Krill demography and large scale distribution in the Western Indian Ocean sector of the Southern Ocean (CCAMLR Division 58.4.2) in Austral summer of 2006. Deep-Sea Research II 57 (9–10), 934–947.	false	false		false	true	false		false		8074.87	m3	Anton Van de Putte	https://orcid.org/0000-0003-1336-5554	true	RMT setup is described in Baker, A. de C., M. R. Clarke, and M. J. Harris. ""The NIO combination net (RMT 1+ 8) and further developments of rectangular midwater trawls."" Journal of the Marine Biological Association of the United Kingdom 53.1 (1973): 167-184. | Towing speed is 4.5 km/h as stated in samplingEffortValue and samplingEffortUnit.		4.5	km/h			
