"continent","coordinatePrecision","coordinateUncertaintyInMeters","country","countryCode","county","datasetID","datasetName","day","decimalLatitude","decimalLongitude","endDayOfYear","eventCategory","eventConductedBy","eventConductedByID","eventDate","eventEffort","eventID","eventReferences","eventRemarks","eventTime","eventType","fieldNotes","fieldNumber","footprintSpatialFit","footprintSRS","footprintWKT","geodeticDatum","georeferencedBy","georeferencedByID","georeferencedDate","georeferenceProtocol","georeferenceProtocolID","georeferenceRemarks","georeferenceSources","georeferenceVerificationStatus","habitat","higherGeography","higherGeographyID","island","islandGroup","locality","locationID","locationRemarks","maximumDepthInMeters","maximumDistanceAboveSurfaceInMeters","maximumElevationInMeters","minimumDepthInMeters","minimumDistanceAboveSurfaceInMeters","minimumElevationInMeters","month","municipality","parentEventID","pointRadiusSpatialFit","preferredEventName","preferredSpatialRepresentation","siteNumber","startDayOfYear","stateProvince","verbatimCoordinates","verbatimCoordinateSystem","verbatimDepth","verbatimElevation","verbatimEventDate","verbatimLatitude","verbatimLocality","verbatimLongitude","verbatimSRS","verticalDatum","waterBody","year"
"","","","France","","","","Naturalis Biodiversity Center (NL) - Aves","","","","","","","","","","293f063b1dec82aec0e9a080e6cf6d9b","","","","Collecting Event","","","","","","WGS84","","","","","","","","","","","","New Caledonia","","","","","","","","","","","","","","","","","","","","","","","","","","","","","","",""
"","","","England","","","","Naturalis Biodiversity Center (NL) - Aves","","","","","","","","1891-06-04","","b1522d20701e1a311fde3ea71ab56358","","","","Collecting Event","","","","","","WGS84","","","","","","","","","","","","","","Haidburn [?]","","","","","","","","","","","","","","","","","Yorkshire","","","","","4/6/1891","","","","","","",""
"","","","","","","","Naturalis Biodiversity Center (NL) - Aves","","","","","","","","1962-11-05","","d322dee171241e67bf132a76a4243c09","","","","Collecting Event","","","","","","WGS84","","","","","","","","","","","","","","Fortin","","","","","","","","","","","","","","","","","Prov. Veracruz","","","","","05-11-1962","","","","","","",""
"","","","Netherlands","","","","Naturalis Biodiversity Center (NL) - Aves","","","","","","","","1908-12-29","","18985de1ea1aed11c3e5d614f9bbf1b5","","","","Collecting Event","","","","","","WGS84","","","","","","","","","","","","Texel","","","","","","","","","","","","","","","","","","","","","","","","29/12/1908","","","","","","",""
"","","","Netherlands","","","","Naturalis Biodiversity Center (NL) - Aves","","","","","","","","1982-08-07","","04203cf31c2db7b8ffcc4fa682f14067","","","","Collecting Event","","","","","","WGS84","","","","","","","","","","","","","","Zwanenburg, Haarlemmerweg pl 11,6 [Rottepolderplein]","","","","","","","","","","","","","","","","","North Holland","","","","","7-8-1982","","","","","","",""
"","","","Netherlands","","","","Naturalis Biodiversity Center (NL) - Aves","","","","","","","","1978-02-05","","c256f74ebed5ed1a3146d3bfb0e81565","","","","Collecting Event","","","","","","WGS84","","","","","","","","","","","","","","Castricum","","","","","","","","","","","","","","","","","North Holland","","","","","5-2-1978","","","","","","",""
"","","","","","","","Naturalis Biodiversity Center (NL) - Aves","","","","","","","","1984-12-30","","ca18768692fdd3f3f84990253147ba12","","","","Collecting Event","","","","","","WGS84","","","","","","","","","","","","","","Ardery I., Wilkesland","","","","","","","","","","","","","","","","","","","","","","30-12-1984","","","","","","",""
"","","","Suriname","","","","Naturalis Biodiversity Center (NL) - Aves","","","","","","","","1901-05-02","","163357278d2833b243e225f6d2c1f768","","","","Collecting Event","","","","","","WGS84","","","","","","","","","","","","","","Suriname, no further locality","","","","","","","","","","","","","","","","","","","","","","2/5/1901","","","","","","",""
"","","","Netherlands Antilles","","","","Naturalis Biodiversity Center (NL) - Aves","","","","","","","","1952-03-18","","1435261d0fa728a2618b34f0b4c45d15","","","","Collecting Event","","","","","","WGS84","","","","","","","","","","","","Curaçao","","Malpais","","","","","","","","","","","","","","","","","","","","","","18-3-1952","","","","","","",""
"","","","Indonesia","","","","Naturalis Biodiversity Center (NL) - Aves","","","","","","","","1923-06-11","","21a8573dd4dd21a534a69b78f2ecb67c","","","","Collecting Event","","","","","","WGS84","","","","","","","","","","","","Java","","Semarang, C Java","","","","","","","","","","","","","","","","","","","","","","11/6/1923","","","","","","",""
"","","","Netherlands Antilles","","","","Naturalis Biodiversity Center (NL) - Aves","","","","","","","","1954-06-17","","cad49274faccf6be5750c2b94e397e7e","","","","Collecting Event","","","","","","WGS84","","","","","","","","","","","","Curaçao","","Jan Thiel Bay islets","","","","","","","","","","","","","","","","","","","","","","17-6-1954","","","","","","",""
"","","","Netherlands","","","","Naturalis Biodiversity Center (NL) - Aves","","","","","","","","2024-09-17","","c5edc2973489428baec3e681eb057143","","","","Collecting Event","","","","","","WGS84","","","","","","","","","","","","","","Rotterdam, Maasvlakte, Ohiokade","","","","","","","","","","","","","","","","","South Holland","","","","","","","","","","","",""
"","","","Portugal","","","","Naturalis Biodiversity Center (NL) - Aves","","","","","","","","1921-12-02","","8eb31da61889d29a7633ac4bb3061ae8","","","","Collecting Event","","","","","","WGS84","","","","","","","","","","","","","","","","","","","","","","","","","","","","","","","Kaap St. Vincent","","","","","02-12-1921","","","","","","",""
"","","","","","","","Naturalis Biodiversity Center (NL) - Aves","","","","","","","","1910-05-16","","279608dd522c4069b252c3f05b91f266","","","","Collecting Event","","","","","","WGS84","","","","","","","","","","","","","","Swalmen, Kast. Hillenraad","","","","","","","","","","","","","","","","","Limb.","","","","","","","","","","","",""
"","","","New Zealand","","","","Naturalis Biodiversity Center (NL) - Aves","","","","","","","","","","90d2f506b10fa0fffbe11694007dbca1","","","","Collecting Event","","","","","","WGS84","","","","","","","","","","","","","","","","","","","","","","","","","","","","","","","Kermadec Islands","","","","","","","","","","","",""
"","","","Taiwan","","","","Naturalis Biodiversity Center (NL) - Aves","","","","","","","","1968-01-08","","6fbe4d7099e7788e2c54151464851152","","","","Collecting Event","","","","","","WGS84","","","","","","","","","","","","Taiwan","","Puli","","","","","","","","","","","","","","","","","","","","","","08-01-1968","","","","","","",""
"","","","Netherlands","","","","Naturalis Biodiversity Center (NL) - Aves","","","","","","","","1918-01-01","","d8bb90aa62cc044009e2d7a7dadc1fa1","","","","Collecting Event","","","","","","WGS84","","","","","","","","","","","","","","Valkenburg","","","","","","","","","","","","","","","","","","","","","","01-01-1918","","","","","","",""
"","","","Suriname","","","","Naturalis Biodiversity Center (NL) - Aves","","","","","","","","1900-03-28","","ba2507138746e223ab5ddbe51e711f25","","","","Collecting Event","","","","","","WGS84","","","","","","","","","","","","","","Suriname, no further locality","","","","","","","","","","","","","","","","","","","","","","28/3/1900","","","","","","",""
"","","","USA","","","","Naturalis Biodiversity Center (NL) - Aves","","","","","","","","1895-03-11","","8585d7ebeb7fa05c7a92ac4d4ebd2067","","","","Collecting Event","","","","","","WGS84","","","","","","","","","","","","","","California, no further locality","","","","","","","","","","","","","","","","","California","","","","","11-3-1895","","","","","","",""
"","","","Turkestan","","","","Naturalis Biodiversity Center (NL) - Aves","","","","","","","","1905-08-20","","a3c860bbf04dd9d2540bdcc598d80ce0","","","","Collecting Event","","","","","","WGS84","","","","","","","","","","","","","","Karakolskoje Schlucht","","","","","","","","","","","","","","","","","","","","","","20-08-1905","","","","","","",""
"","","","Suriname","","","","Naturalis Biodiversity Center (NL) - Aves","","","","","","","","1972-10-09","","a92ed385f9f43ac2d974e6b208a7b6ce","","","","Collecting Event","","","","","","WGS84","","","","","","","","","","","","","","Tafelberg","","","","","","","","","","","","","","","","","","","","","","09-10-1972","","","","","","",""
"","","","","","","","Naturalis Biodiversity Center (NL) - Aves","","","","","","","","","","4aa46a356e815b6522d70aa76898b4ef","","","","Collecting Event","","","","","","WGS84","","","","","","","","","","","","","","","","","","","","","","","","","","","","","","","","","","","","","","","","","","",""
"","","","Indonesia","","","","Naturalis Biodiversity Center (NL) - Aves","","","","","","","","1908-09-21","","84d26f144f49a7cd2418c93826ba185c","","","","Collecting Event","","","","","","WGS84","","","","","","","","","","","","Java","","Moeara Karang, Batavia","","","","","","","","","","","","","","","","","","","","","","21-09-1908","","","","","","",""
"","","","","","","","Naturalis Biodiversity Center (NL) - Aves","","","","","","","","","","cea4cf27ac50245fdef43357910b7672","","","","Collecting Event","","","","","","WGS84","","","","","","","","","","","","","","sine loco [N South America]","","","","","","","","","","","","","","","","","","","","","","","","","","","","",""
"","","","Netherlands","","","","Naturalis Biodiversity Center (NL) - Aves","","","","","","","","1974-05-01","","41b0a279b1814fb3daa841433de2b04c","","","","Collecting Event","","","","","","WGS84","","","","","","","","","","","","Texel","","lighthouse Eijerland","","","","","","","","","","","","","","","","","North Holland","","","","","1-5-1974","","","","","","",""
"","","","Suriname","","","","Naturalis Biodiversity Center (NL) - Aves","","","","","","","","1964-02-13","","94b1db78125921737206e171c043a0c7","","","","Collecting Event","","","","","","WGS84","","","","","","","","","","","","","","Peperpot","","","","","","","","","","","","","","","","","Suriname Rivier","","","","","13-02-1964","","","","","","",""
"","","","Netherlands","","","","Naturalis Biodiversity Center (NL) - Aves","","","","","","","","1911-09-22","","173cb4dfbdd679e9c5ddfa3afdbf7779","","","","Collecting Event","","","","","","WGS84","","","","","","","","","","","","Texel","","","","","","","","","","","","","","","","","","","","","","","","22-09-1911","","","","","","",""
"","","","Russia (European)","","","","Naturalis Biodiversity Center (NL) - Aves","","","","","","","","1931-06-07","","99703eb567edc134d489d6e52c9dedd6","","","","Collecting Event","","","","","","WGS84","","","","","","","","","","","","","","Salmiyarvi, Pechenga area","","","","","","","","","","","","","","","","","Murmansk","","","","","7/6/1931","","","","","","",""
"","","","","","","","Naturalis Biodiversity Center (NL) - Aves","","","","","","","","","","abf6408fedf216db9ab5c6078349112c","","","","Collecting Event","","","","","","WGS84","","","","","","","","","","","","","","","","","","","","","","","","","","","","","","","Hindoestan","","","","","","","","","","","",""
"","","","Indonesia","","","","Naturalis Biodiversity Center (NL) - Aves","","","","","","","","1922-08-11","","bb52bd5629c2917dfaa2a1671e3e776d","","","","Collecting Event","","","","","","WGS84","","","","","","","","","","","","Java","","","","","","","","","","","","","","","","","","","Pangerango","","","","","11-08-1922","","","","","","",""
"","","","Netherlands","","","","Naturalis Biodiversity Center (NL) - Aves","","","","","","","","1977-07-07","","404d8eefc0862b7d00330e23f90bc8a9","","","","Collecting Event","","","","","","WGS84","","","","","","","","","","","","","","Hoofddorp, boomgaard","","","","","","","","","","","","","","","","","North Holland","","","","","7/7/1977","","","","","","",""
"","","","","","","","Naturalis Biodiversity Center (NL) - Aves","","","","","","","","1925-05-10","","31828be4c843d60b530b97310d656e02","","","","Collecting Event","","","","","","WGS84","","","","","","","","","","","","","","","","","","","","","","","","","","","","","","","Siberië, Tomsk","","","","","10-05-1925","","","","","","",""
"","","","Suriname","","","","Naturalis Biodiversity Center (NL) - Aves","","","","","","","","1903-02-21","","7a77831ca3dee876c763396b45505ea8","","","","Collecting Event","","","","","","WGS84","","","","","","","","","","","","","","Suriname, no further locality","","","","","","","","","","","","","","","","","","","","","","21/2/1903","","","","","","",""
"","","","Rhodesia","","","","Naturalis Biodiversity Center (NL) - Aves","","","","","","","","1964-10-28","","339bbc1975ad00872d59f1a0f528dc4d","","","","Collecting Event","","","","","","WGS84","","","","","","","","","","","","","","","","","","","","","","","","","","","","","","","Inyanga Nat. Park, bos boven Pungwe Ravijn","","","","1800 m","","","","","","","",""
"","","","Netherlands","","","","Naturalis Biodiversity Center (NL) - Aves","","","","","","","","1846-08-06","","a31050de4ff84fe3ff67702ee7d58114","","","","Collecting Event","","","","","","WGS84","","","","","","","","","","","","","","Woubrugge, Wijde Aa lake","","","","","","","","","","","","","","","","","South Holland","","","","","6-8-1846","","","","","","",""
"","","","Indonesia","","","","Naturalis Biodiversity Center (NL) - Aves","","","","","","","","1916-06-01","","c929ec6206c06377529e562b328c524a","","","","Collecting Event","","","","","","WGS84","","","","","","","","","","","","Sumatra","","Bengkulen (hoofdplaats)","","","","","","","","","","","","","","","","","","","","","","01-06-1916","","","","","","",""
"","","","Netherlands","","","","Naturalis Biodiversity Center (NL) - Aves","","","","","","","","","","03ae6ddd88c41ee51a96cdd0c90ee559","","","","Collecting Event","","","","","","WGS84","","","","","","","","","","","","","","sine loco [Nederland]","","","","","","","","","","","","","","","","","","","","","","","","","","","","",""
"","","","United States","","","","Naturalis Biodiversity Center (NL) - Aves","","","","","","","","2017-01-04","","cc326371e998110c4096d76ca0efb4f5","","","","Collecting Event","","","","","","WGS84","","","","","","","","","","","","","","Travis County","","","","","","","","","","","","","","","","","Texas","","","","","4 January 2017","","","","","","",""
"","","","","","","","Naturalis Biodiversity Center (NL) - Aves","","","","","","","","1894-05-15","","5a0258e86bffeb0258b3a66393066a9c","","","","Collecting Event","","","","","","WGS84","","","","","","","","","","","","","","Nanga Raoen","","","","","","","","","","","","","","","","","","","","","","15-05-1894","","","","","","",""
"","","","South Africa","","","","Naturalis Biodiversity Center (NL) - Aves","","","","","","","","1992-08-22","","d24e37e7d260046f7e936432296c2f17","","","","Collecting Event","","","","","","WGS84","","","","","","","","","","","","","","Tugela River, near Weenen","","","","","","","","","","","","","","","","","Natal","","","","","22-08-1992","","","","","","",""
"","","","Indonesia","","","","Naturalis Biodiversity Center (NL) - Aves","","","","","","","","1937-05-15","","5763782b995655203770accbe0626e2b","","","","Collecting Event","","","","","","WGS84","","","","","","","","","","","","Belitung","","Ajer [Air] Kundur","","","","","","","","","","","","","","","","","","","","","","15-5-1937","","","","","","",""
"","","","Brazil","","","","Naturalis Biodiversity Center (NL) - Aves","","","","","","","","","","2219477fc4d0892f8dff141c1033bbbc","","","","Collecting Event","","","","","","WGS84","","","","","","","","","","","","","","","","","","","","","","","","","","","","","","","St. Catharina","","","","","","","","","","","",""
"","","","Mexico","","","","Naturalis Biodiversity Center (NL) - Aves","","","","","","","","1963-04-23","","046d54b6d57334a744d69115d209ced7","","","","Collecting Event","","","","","","WGS84","","","","","","","","","","","","","","Fortin","","","","","","","","","","","","","","","","","Veracruz","","","","","23-04-1963","","","","","","",""
"","","","Netherlands","","","","Naturalis Biodiversity Center (NL) - Aves","","","","","","","","2017-01-21","","9fc1941a02ae812d286f414ec3ffad8d","","","","Collecting Event","","","","","","WGS84","","","","","","","","","","","","","","Harlingen","","","","","","","","","","","","","","","","","Friesland","","","","","21 January 2017","","","","","","",""
"","","","","","","","Naturalis Biodiversity Center (NL) - Aves","","","","","","","","1896-06-12","","d9a1020a7a2630ce93da750c775a56c4","","","","Collecting Event","","","","","","WGS84","","","","","","","","","","","","","","St. Anthony Park","","","","","","","","","","","","","","","","","Minn.","","","","","12-06-1896","","","","","","",""
"","","","Suriname","","","","Naturalis Biodiversity Center (NL) - Aves","","","","","","","","1974-01-18","","940498fbc399d42943d9a1c9e6f0d62b","","","","Collecting Event","","","","","","WGS84","","","","","","","","","","","","","","Phedra","","","","","","","","","","","","","","","","","","","","","","18-01-1974","","","","","","",""
"","","","South Africa","","","","Naturalis Biodiversity Center (NL) - Aves","","","","","","","","","","c80f248c05df4a723182c2a59815f372","","","","Collecting Event","","","","","","WGS84","","","","","","","","","","","","","","","","","","","","","","","","","","","","","","","Kaap","","","","","","","","","","","",""
"","","","","","","","Naturalis Biodiversity Center (NL) - Aves","","","","","","","","< august 1879","","e8a3a59cd91cfd3d644adae08ef437b6","","","","Collecting Event","","","","","","WGS84","","","","","","","","","","","","","","","","","","","","","","","","","","","","","","","Malacca","","","","","< august 1879","","","","","","",""
"","","","India/Pakistan","","","","Naturalis Biodiversity Center (NL) - Aves","","","","","","","","","","eee83c90734b4f42284b9080a568f5c0","","","","Collecting Event","","","","","","WGS84","","","","","","","","","","","","","","","","","","","","","","","","","","","","","","","Hindostan [W India/E Pakistan]","","","","","","","","","","","",""
"","","","Italy","","","","Naturalis Biodiversity Center (NL) - Aves","","","","","","","","1899-01-01/1899-12-31","","3e06070ed18e7ee2d8e1a7535967584f","","","","Collecting Event","","","","","","WGS84","","","","","","","","","","","","","","Cremona","","","","","","","","","","","","","","","","","Cremona","","","","","1899","","","","","","",""
"","","","","","","","Naturalis Biodiversity Center (NL) - Aves","","","","","","","","","","8c269a8372c6ae04f5db824856867a76","","","","Collecting Event","","","","","","WGS84","","","","","","","","","","","","","","","","","","","","","","","","","","","","","","","Zuid Chili","","","","","","","","","","","",""
"","","","Indonesia","","","","Naturalis Biodiversity Center (NL) - Aves","","","","","","","","07-12-1930, On original label:\n7-12-30","","ded57904e7df9e6aedffef38b3ffa8cc","","","","Collecting Event","","","","","","WGS84","","","","","","","","","","","","Java","","Seneng","","","","","","","","","","","","","","","","","Java, Semarang","","","","","07-12-1930, On original label:\n7-12-30","","","","","","",""
"","","","","","","","Naturalis Biodiversity Center (NL) - Aves","","","","","","","","","","36e69cbcfd438ed00961af691cf80c1a","","","","Collecting Event","","","","","","WGS84","","","","","","","","","","","","","","","","","","","","","","","","","","","","","","","x","","","","","","","","","","","",""
"","","","Hungary","","","","Naturalis Biodiversity Center (NL) - Aves","","","","","","","","1908-06-02","","0099e041d42cdbd87f592f71b2f3a49e","","","","Collecting Event","","","","","","WGS84","","","","","","","","","","","","","","Szigetcsep","","","","","","","","","","","","","","","","","Pest","","","","","2/6/1908","","","","","","",""
"","","","Mexico","","","","Naturalis Biodiversity Center (NL) - Aves","","","","","","","","","","103fbf635aac50b129f38c17a6aafe87","","","","Collecting Event","","","","","","WGS84","","","","","","","","","","","","","","Veracruz, no further locality","","","","","","","","","","","","","","","","","Veracruz","","","","","","","","","","","",""
"","","","Indonesia","","","","Naturalis Biodiversity Center (NL) - Aves","","","","","","","","1918-03-15","","2fade5c74c527de347721fd9d67d3c01","","","","Collecting Event","","","","","","WGS84","","","","","","","","","","","","Eiland Edam","","","","","","","","","","","","","","","","","","","Java","","","","","15-03-1918","","","","","","",""
"","","","Netherlands Antilles","","","","Naturalis Biodiversity Center (NL) - Aves","","","","","","","","1951-10-30","","3cc223d07a917dea0c4a5bea0f9daaf0","","","","Collecting Event","","","","","","WGS84","","","","","","","","","","","","Curaçao","","Klein Sint Joris","","","","","","","","","","","","","","","","","","","","","","30-10-1951","","","","","","",""
"","","","Netherlands","","","","Naturalis Biodiversity Center (NL) - Aves","","","","","","","","1976-02-05","","41cb555fbcbb933e0bc791db3ea5c327","","","","Collecting Event","","","","","","WGS84","","","","","","","","","","","","","","Hondsbossche Zeewering","","","","","","","","","","","","","","","","","North Holland","","","","","5-2-1976","","","","","","",""
"","","","Indonesia","","","","Naturalis Biodiversity Center (NL) - Aves","","","","","","","","1910-03-30","","19643a925e8668048f30f08d1e9441dd","","","","Collecting Event","","","","","","WGS84","","","","","","","","","","","","Ambon","","","","","","","","","","","","","","","","","","","Baai van Ambon","","","","","30-03-1910","","","","","","",""
"","","","Indonesia","","","","Naturalis Biodiversity Center (NL) - Aves","","","","","","","","1863-07-19","","0db4a93610821fa279ab08762fbec005","","","","Collecting Event","","","","","","WGS84","","","","","","","","","","","","Guebeh","","","","","","","","","","","","","","","","","","","","","","","","19-07-1863","","","","","","",""
"","","","Indonesia","","","","Naturalis Biodiversity Center (NL) - Aves","","","","","","","","1913-02-24","","15780dcfd21e844ea53e624754045022","","","","Collecting Event","","","","","","WGS84","","","","","","","","","","","","Simalur","","","","","","","","","","","","","","","","","","","","","","","","24-02-1913","","","","","","",""
"","","","Bolivia","","","","Naturalis Biodiversity Center (NL) - Aves","","","","","","","","","","defd3ed020ebf22180e9b27fa2071562","","","","Collecting Event","","","","","","WGS84","","","","","","","","","","","","","","","","","","","","","","","","","","","","","","","","","","","","","","","","","","",""
"","","","Netherlands","","","","Naturalis Biodiversity Center (NL) - Aves","","","","","","","","1916-01-11","","1b2b336972bd01bd465a201483efbe9b","","","","Collecting Event","","","","","","WGS84","","","","","","","","","","","","","","Westernieland","","","","","","","","","","","","","","","","","Groningen","","","","","11-01-1916","","","","","","",""
"","","","Netherlands","","","","Naturalis Biodiversity Center (NL) - Aves","","","","","","","","1940-03-06","","d847aea62da37d5f3bc3921b52ae8b7a","","","","Collecting Event","","","","","","WGS84","","","","","","","","","","","","","","Scheveningen","","","","","","","","","","","","","","","","","South Holland","","","","","6-3-1940","","","","","","",""
"","","","Cuba","","","","Naturalis Biodiversity Center (NL) - Aves","","","","","","","","1933-04-28","","360ea9dd67883dba8a1178de7b108f54","","","","Collecting Event","","","","","","WGS84","","","","","","","","","","","","","","","","","","","","","","","","","","","","","","","Camaguey","","","","","","","","","","","",""
"","","","Indonesia","","","","Naturalis Biodiversity Center (NL) - Aves","","","","","","","","1863-09-02","","0a71e4d52a8ac01ceffe9c4b0b3b1399","","","","Collecting Event","","","","","","WGS84","","","","","","","","","","","","Ambon I.","","","","","","","","","","","","","","","","","","","Molucca Islands","","","","","2/9/1863","","","","","","",""
"","","","Netherlands","","","","Naturalis Biodiversity Center (NL) - Aves","","","","","","","","1912-08-23","","dcfea43936ab4d46c151c6466f448532","","","","Collecting Event","","","","","","WGS84","","","","","","","","","","","","","","Loosduinen","","","","","","","","","","","","","","","","","South Holland","","","","","22 of 23-8-1912","","","","","","",""
"","","","Indonesia","","","","Naturalis Biodiversity Center (NL) - Aves","","","","","","","","1901-05-20","","eb88d8704c950c32a553ce0a34eeb677","","","","Collecting Event","","","","","","WGS84","","","","","","","","","","","","Java","","","","","","","","","","","","","","","","","","","Preanger, Pangerango","","","","","20-05-1901","","","","","","",""
"","","","Netherlands","","","","Naturalis Biodiversity Center (NL) - Aves","","","","","","","","1887-01-07","","f1131e9c202b8fc02d70270d110434b2","","","","Collecting Event","","","","","","WGS84","","","","","","","","","","","","","","Oostzaan","","","","","","","","","","","","","","","","","North Holland","","","","","7-1-1887","","","","","","",""
"","","","Netherlands","","","","Naturalis Biodiversity Center (NL) - Aves","","","","","","","","1939-09-01","","cf1ad194c3983683915566ebd8fef6b1","","","","Collecting Event","","","","","","WGS84","","","","","","","","","","","","","","Assen?","","","","","","","","","","","","","","","","","","","","","","01-09-1939","","","","","","",""
"","","","Scotland","","","","Naturalis Biodiversity Center (NL) - Aves","","","","","","","","1917-05-23","","00ebe126f6b443c0843defaac6686805","","","","Collecting Event","","","","","","WGS84","","","","","","","","","","","","","","Glenwhen Moor [?]","","","","","","","","","","","","","","","","","","","","","","23/5/1917","","","","","","",""
"","","","Netherlands","","","","Naturalis Biodiversity Center (NL) - Aves","","","","","","","","1863-06-13","","6924d983ea9dccab0e59246ec9f8e719","","","","Collecting Event","","","","","","WGS84","","","","","","","","","","","","","","Duinen bij Zandvoort","","","","","","","","","","","","","","","","","North Holland","","","","","13-06-1863","","","","","","",""
"","","","Indonesia","","","","Naturalis Biodiversity Center (NL) - Aves","","","","","","","","1915-08-20","","054fa3dcc2fe7a2925fc83104ec349a4","","","","Collecting Event","","","","","","WGS84","","","","","","","","","","","","Sumatra","","Korintji, Sungai Kumbang","","","","","","","","","","","","","","","","","","","","","","20-08-1915","","","","","","",""
"","","","Indonesia","","","","Naturalis Biodiversity Center (NL) - Aves","","","","","","","","1906-02-22","","d7074d01be791a650e289839547604bf","","","","Collecting Event","","","","","","WGS84","","","","","","","","","","","","Java","","Struiswijk","","","","","","","","","","","","","","","","","Java, Batavia","","","","","22-02-1906","","","","","","",""
"","","","Indonesia","","","","Naturalis Biodiversity Center (NL) - Aves","","","","","","","","1904-05-05","","f1b997bb7458f5a71895228366d4ad4e","","","","Collecting Event","","","","","","WGS84","","","","","","","","","","","","Java","","","","","","","","","","","","","","","","","","","Java, Preanger, district Palaboehan","","","","","05-05-1904","","","","","","",""
"","","","Indonesia","","","","Naturalis Biodiversity Center (NL) - Aves","","","","","","","","1874-06-01/1874-06-30","","6ea2167783eac2047208121e6956303a","","","","Collecting Event","","","","","","WGS84","","","","","","","","","","","","Moluccas","","Halmahera I., central -","","","","","","","","","","","","","","","","","","","","","","1-6-1874 - 30-6-1874","","","","","","",""
"","","","Indonesia","","","","Naturalis Biodiversity Center (NL) - Aves","","","","","","","","1914-07-31","","79f522aad6f0cb386072416ef9f54d35","","","","Collecting Event","","","","","","WGS84","","","","","","","","","","","","Sumatra","","Balun (Muara Labu)","","","","","","","","","","","","","","","","","Sumatra, Pad. Bovenl.","","","","","31-07-1914","","","","","","",""
"","","","Indonesia","","","","Naturalis Biodiversity Center (NL) - Aves","","","","","","","","1912-01-01/1916-12-31","","b86a2e2f2789e331bd329c0089578f1f","","","","Collecting Event","","","","","","WGS84","","","","","","","","","","","","Sumatra","","Deli region [Medan area], NE Sumatra","","","","","","","","","","","","","","","","","","","","","","1912-1916","","","","","","",""
"","","","","","","","Naturalis Biodiversity Center (NL) - Aves","","","","","","","","1930-12-02","","38aa865d632cedadbd870867b4d11fec","","","","Collecting Event","","","","","","WGS84","","","","","","","","","","","","","","Gronsveld bij Maastricht","","","","","","","","","","","","","","","","","Limburg","","","","","02-12-1930","","","","","","",""
"","","","","","","","Naturalis Biodiversity Center (NL) - Aves","","","","","","","","1983-06-01/1983-06-30","","0bca063051b0c3c486cad57dfd7885b8","","","","Collecting Event","","","","","","WGS84","","","","","","","","","","","","Jan Mayen","","Jan Mayen, no further locality","","","","","","","","","","","","","","","","","","","","","","1-6-1983 - 30-6-1983","","","","","","",""
"","","","Indonesia","","","","Naturalis Biodiversity Center (NL) - Aves","","","","","","","","1914-12-14","","f7f38967e0b598f5c03900a2e67890e9","","","","Collecting Event","","","","","","WGS84","","","","","","","","","","","","Sumatra","","","","","","","","","","","","","","","","","","","Padangse Bovenlanden","","","","","14-12-1914","","","","","","",""
"","","","Indonesia","","","","Naturalis Biodiversity Center (NL) - Aves","","","","","","","","1934-02-11","","e8b487c5736876fc268553e033dcc774","","","","Collecting Event","","","","","","WGS84","","","","","","","","","","","","","","Malabai [?], West Kalimantan","","","","","","","","","","","","","","","","","Kalimantan","","","","","11/2/1934","","","","","","",""
"","","","","","","","Naturalis Biodiversity Center (NL) - Aves","","","","","","","","1944-01-01/1945-12-31","","c8618f539c26700bcebb01dd3f0c2381","","","","Collecting Event","","","","","","WGS84","","","","","","","","","","","","","","Buitenzorg","","","","","","","","","","","","","","","","","","","","","","","","","","","","",""
"","","","Netherlands","","","","Naturalis Biodiversity Center (NL) - Aves","","","","","","","","1984-10-23","","cb3ff2a0a627e05aeec0f0cedad11474","","","","Collecting Event","","","","","","WGS84","","","","","","","","","","","","","","Egmond aan Zee<>Bergen aan Zee, beach","","","","","","","","","","","","","","","","","North Holland","","","","","23-10-1984","","","","","","",""
"","","","","","","","Naturalis Biodiversity Center (NL) - Aves","","","","","","","","1930-01-01/1939-12-31","","1bfa23a73af2e711e8d8196c9e7e6127","","","","Collecting Event","","","","","","WGS84","","","","","","","","","","","","","","","","","","","","","","","","","","","","","","","","","","","","1930 - 1939","","","","","","",""
"","","","Indonesia","","","","Naturalis Biodiversity Center (NL) - Aves","","","","","","","","1871-11-01/1871-11-30","","e49249c5b9f7a183b7b30e45c12935b7","","","","Collecting Event","","","","","","WGS84","","","","","","","","","","","","Moluccas","","Halmahera I.","","","","","","","","","","","","","","","","","","","","","","1-11-1871 - 30-11-1871","","","","","","",""
"","","","Netherlands","","","","Naturalis Biodiversity Center (NL) - Aves","","","","","","","","14/5/1890","","31cbb3b63ff3c910cb3cd93561ec4bf0","","","","Collecting Event","","","","","","WGS84","","","","","","","","","","","","","","Lisse","","","","","","","","","","","","","","","","","South Holland","","","","","14/5/1890","","","","","","",""
"","","","Indonesia","","","","Naturalis Biodiversity Center (NL) - Aves","","","","","","","","","","36792f1ac96137e72d4ce7eea8b34281","","","","Collecting Event","","","","","","WGS84","","","","","","","","","","","","Sumatra","","Padang","","","","","","","","","","","","","","","","","West Sumatera","","","","","","","","","","","",""
"","","","Suriname","","","","Naturalis Biodiversity Center (NL) - Aves","","","","","","","","1961-07-11","","31af408bde94df3439d77a05e15bcdbd","","","","Collecting Event","","","","","","WGS84","","","","","","","","","","","","","","Phedra","","","","","","","","","","","","","","","","","Surinamriver","","","","","11-07-1961","","","","","","",""
"","","","Netherlands","","","","Naturalis Biodiversity Center (NL) - Aves","","","","","","","","","","70664b1c36991de268ac7a3cf45c024e","","","","Collecting Event","","","","","","WGS84","","","","","","","","","","","","","","","","","","","","","","","","","","","","","","","Gelderland","","","","","","","","","","","",""
"","","","","","","","Naturalis Biodiversity Center (NL) - Aves","","","","","","","","1939-08-22","","eb780d0b40012898f8ca773c4c0bc343","","","","Collecting Event","","","","","","WGS84","","","","","","","","","","","","","","Bobairo aan Paniaimeer","","","","","","","","","","","","","","","","","","","","","","22-08-1939","","","","","","",""
"","","","Netherlands","","","","Naturalis Biodiversity Center (NL) - Aves","","","","","","","","1925-03-16/1925-03-17","","aebe9f18a1a65cf76e6dbe3ace33831d","","","","Collecting Event","","","","","","WGS84","","","","","","","","","","","","Schouwen-Duiveland","","Haamstede, vuurtoren","","","","","","","","","","","","","","","","","Zeeland","","","","","16/17-3-1925","","","","","","",""
"","","","Netherlands","","","","Naturalis Biodiversity Center (NL) - Aves","","","","","","","","2004-05-09","","78cb3f919791822ca24c904eab0a2844","","","","Collecting Event","","","","","","WGS84","","","","","","","","","","","","","","Utrecht","","","","","","","","","","","","","","","","","Utrecht","","","","","09-05-2004","","","","","","",""
"","","","Indonesia","","","","Naturalis Biodiversity Center (NL) - Aves","","","","","","","","1939-05-23","","3553f42b99b69c2e99194882ee03bc1c","","","","Collecting Event","","","","","","WGS84","","","","","","","","","","","","Celebes","","Soputan Mt. (800-1400 m), Langoan dist., Minahasa","","","","","","","","","","","","","","","","","","","","","","23-5-1939","","","","","","",""
"","","","","","","","Naturalis Biodiversity Center (NL) - Aves","","","","","","","","1891-06-15","","bc90e44e1c8f9c4f7d8155f254fe4633","","","","Collecting Event","","","","","","WGS84","","","","","","","","","","","","","","","","","","","","","","","","","","","","","","","","","","","","15-6-1891","","","","","","",""
"","","","Indonesia","","","","Naturalis Biodiversity Center (NL) - Aves","","","","","","","","","","1aa192575be54ed71b247bd8385f6f70","","","","Collecting Event","","","","","","WGS84","","","","","","","","","","","","Sumatra","","","","","","","","","","","","","","","","","","","Z.W. Sumatra","","","","","","","","","","","",""
"","","","Indonesia","","","","Naturalis Biodiversity Center (NL) - Aves","","","","","","","","1958-06-18","","41bfd7b6fdeb0c7cf590a570f2e18b6f","","","","Collecting Event","","","","","","WGS84","","","","","","","","","","","","Lesser Sunda Islands","","Flores I., Léwé","","","","","","","","","","","","","","","","","","","","","","18/6/1958","","","","","","",""
"","","","","","","","Naturalis Biodiversity Center (NL) - Aves","","","","","","","","1934-04-12","","fb35f1e8567855fff9cdf47cfd639a4c","","","","Collecting Event","","","","","","WGS84","","","","","","","","","","","","","","Wassenaar","","","","","","","","","","","","","","","","","","","","","","12-04-1934","","","","","","",""
"","","","Netherlands","","","","Naturalis Biodiversity Center (NL) - Aves","","","","","","","","1927-11-23","","132d85853d6b0d6c0f69fdb72a2de198","","","","Collecting Event","","","","","","WGS84","","","","","","","","","","","","","","","","","","","","","","","","","","","","","","","Overijssel","","","","","23-11-1927","","","","","","",""
"","","","Colombia","","","","Naturalis Biodiversity Center (NL) - Aves","","","","","","","","","","ceb0c866dfefa82e212e1dca295b04b2","","","","Collecting Event","","","","","","WGS84","","","","","","","","","","","","","","","","","","","","","","","","","","","","","","","","","","","","","","","","","","",""
"","","","Kenya","","","","Naturalis Biodiversity Center (NL) - Aves","","","","","","","","1977-03-07","","5d2c2f5dfe222539e88f9b775d2c4f1d","","","","Collecting Event","","","","","","WGS84","","","","","","","","","","","","","","Muumandu","","","","","","","","","","","","","","","","","Machakos Dist.","","","","","07-03-1977","","","","","","",""
"","","","NETHERLANDS","","","","Naturalis Biodiversity Center (NL) - Aves","","","","","","","","1928-07-01","","60690bf3c6e307d916a21e3db8c4ec92","","","","Collecting Event","","","","","","WGS84","","","","","","","","","","","","","","Wageningen","","","","","","","","","","","","","","","","","Gelderland","","","","","1/7/1928","","","","","","",""
"","","","Netherlands","","","","Naturalis Biodiversity Center (NL) - Aves","","","","","","","","1994-08-30","","e396d5d57a8eab68d2d2be5ede061230","","","","Collecting Event","","","","","","WGS84","","","","","","","","","","","","","","Hondsbossche Zeewering, pl 22","","","","","","","","","","","","","","","","","North Holland","","","","","30-8-1994","","","","","","",""
"","","","Indonesia","","","","Naturalis Biodiversity Center (NL) - Aves","","","","","","","","1919-10-30","","9786c9537a1e9259e73a969dd475bc55","","","","Collecting Event","","","","","","WGS84","","","","","","","","","","","","Sumatra","","Residentie Palembang","","","","","","","","","","","","","","","","","","","","","","30-10-1919","","","","","","",""
"","","","Russia","","","","Naturalis Biodiversity Center (NL) - Aves","","","","","","","","1856","","d52d67154bf85f4ee23394034ccb78b5","","","","Collecting Event","","","","","","WGS84","","","","","","","","","","","","","","Sarepta","","","","","","","","","","","","","","","","","Zuid-Rusland","","","","","1856","","","","","","",""
"","","","Guatemala","","","","Naturalis Biodiversity Center (NL) - Aves","","","","","","","","","","10e650dcba8c70e2222020351ed89a12","","","","Collecting Event","","","","","","WGS84","","","","","","","","","","","","","","","","","","","","","","","","","","","","","","","","","","","","","","","","","","",""
"","","","Tanzania","","","","Naturalis Biodiversity Center (NL) - Aves","","","","","","","","1984-04-02","","081ad02d5b8977d8a54eeccbb92ec866","","","","Collecting Event","","","","","","WGS84","","","","","","","","","","","","","","Mwanza","","","","","","","","","","","","","","","","","","","","","","02-04-1984","","","","","","",""
"","","","Netherlands","","","","Naturalis Biodiversity Center (NL) - Aves","","","","","","","","","","dc75da07c0ac72eb401dda7e15ebba55","","","","Collecting Event","","","","","","WGS84","","","","","","","","","","","","","","","","","","","","","","","","","","","","","","","","","","","","","","","","","","",""
"","","","Netherlands","","","","Naturalis Biodiversity Center (NL) - Aves","","","","","","","","1951-09-11","","2783d19a8cc7ed0200a70df7acaaec3d","","","","Collecting Event","","","","","","WGS84","","","","","","","","","","","","Texel","","lighthouse Eijerland","","","","","","","","","","","","","","","","","North Holland","","","","","11-9-1951","","","","","","",""
"","","","","","","","Naturalis Biodiversity Center (NL) - Aves","","","","","","","","1968-05-30","","d3851bc35d10dc3768f948186c68fcd4","","","","Collecting Event","","","","","","WGS84","","","","","","","","","","","","","","Yandanooka","","","","","","","","","","","","","","","","","W. Australië","","","","","30-05-1968","","","","","","",""
"","","","Netherlands","","","","Naturalis Biodiversity Center (NL) - Aves","","","","","","","","1975-10-14","","494117d6a8118be6f0f0c9e35e57a3a6","","","","Collecting Event","","","","","","WGS84","","","","","","","","","","","","","","Amsterdam","","","","","","","","","","","","","","","","","North Holland","","","","","14-10-1975","","","","","","",""
"","","","Angola","","","","Naturalis Biodiversity Center (NL) - Aves","","","","","","","","1887-01-12","","66ade3202a2c6ba22ae6f4597cb8448e","","","","Collecting Event","","","","","","WGS84","","","","","","","","","","","","","","Kakelli","","","","","","","","","","","","","","","","","Rivier Koeloe-ei","","","","","12-01-1887","","","","","","",""
"","","","Indonesia","","","","Naturalis Biodiversity Center (NL) - Aves","","","","","","","","","","cde0f457de398532aa556b229a375281","","","","Collecting Event","","","","","","WGS84","","","","","","","","","","","","Borneo","","","","","","","","","","","","","","","","","","","","","","","","","","","","","","",""
"","","","India","","","","Naturalis Biodiversity Center (NL) - Aves","","","","","","","","","","630f7aa4348d0d9dddc499ae0ecf4962","","","","Collecting Event","","","","","","WGS84","","","","","","","","","","","","","","Darjeeling","","","","","","","","","","","","","","","","","West Bengal","","","","","","","","","","","",""
"","","","Indonesia","","","","Naturalis Biodiversity Center (NL) - Aves","","","","","","","","1867-06-01/1867-06-30","","fafcf269ba3b4ec43b460d14ddd6264d","","","","Collecting Event","","","","","","WGS84","","","","","","","","","","","","Misol","","","","","","","","","","","","","","","","","","","","","","","","June 1867","","","","","","",""
"","","","Indonesia","","","","Naturalis Biodiversity Center (NL) - Aves","","","","","","","","1915-01-01/1920-12-31","","f1e2d03c31775ec622dac3d3e43882e1","","","","Collecting Event","","","","","","WGS84","","","","","","","","","","","","Sumatra","","Bandarbaru (1000 m), in Batak Mts.","","","","","","","","","","","","","","","","","","","","","","1915-1920","","","","","","",""
"","","","Brazil","","","","Naturalis Biodiversity Center (NL) - Aves","","","","","","","","","","26cdb164fa6ce64f0805852dc42934c2","","","","Collecting Event","","","","","","WGS84","","","","","","","","","","","","","","","","","","","","","","","","","","","","","","","","","","","","","","","","","","",""
"","","","Netherlands","","","","Naturalis Biodiversity Center (NL) - Aves","","","","","","","","1964-10-03","","74dcc9f511d0a2a59fe2fb1e2596e818","","","","Collecting Event","","","","","","WGS84","","","","","","","","","","","","","","Hallum, Noorderleeg","","","","","","","","","","","","","","","","","Friesland","","","","","3-10-1964","","","","","","",""
"","","","Indonesia","","","","Naturalis Biodiversity Center (NL) - Aves","","","","","","","","1901-01-01/1901-12-31","","05d7535bc9717505b91f2a203d54fc26","","","","Collecting Event","","","","","","WGS84","","","","","","","","","","","","Sumatra","","Deli region [at Batangkuis Estate]","","","","","","","","","","","","","","","","","","","","","","1901","","","","","","",""
"","","","United States","","","","Naturalis Biodiversity Center (NL) - Aves","","","","","","","","1872-05-02","","e169ae5103b53a405abfe6c3da2bb385","","","","Collecting Event","","","","","","WGS84","","","","","","","","","","","","","","Cambridge","","","","","","","","","","","","","","","","","Massachusetts","","","","","02-05-1872","","","","","","",""
"","","","Peru","","","","Naturalis Biodiversity Center (NL) - Aves","","","","","","","","","","4b7ca2e8c6a833d12157141644c77efe","","","","Collecting Event","","","","","","WGS84","","","","","","","","","","","","","","","","","","","","","","","","","","","","","","","","","","","","","","","","","","",""
"","","","Germany","","","","Naturalis Biodiversity Center (NL) - Aves","","","","","","","","1924-12-14","","1270c08cc2658133326f7af4ec2465a7","","","","Collecting Event","","","","","","WGS84","","","","","","","","","","","","","","Reipzig bij Frankfurt a/O","","","","","","","","","","","","","","","","","","","","","","14-12-1924","","","","","","",""
"","","","Belgium","","","","Naturalis Biodiversity Center (NL) - Aves","","","","","","","","1962-04-25","","189d61a6704f1aeb954a7c8ff50f27fc","","","","Collecting Event","","","","","","WGS84","","","","","","","","","","","","","","St Pietersberg, Caester estate","","","","","","","","","","","","","","","","","Limburg","","","","","25-4-1962","","","","","","",""
"","","","Indonesia","","","","Naturalis Biodiversity Center (NL) - Aves","","","","","","","","1919-12-24","","d3e8564ad0712ac370135b9a75f2ba85","","","","Collecting Event","","","","","","WGS84","","","","","","","","","","","","Sumatra","","Sungei Tasik, NE Sumatra","","","","","","","","","","","","","","","","","","","","","","24-12-1919","","","","","","",""
"","","","Tanzania","","","","Naturalis Biodiversity Center (NL) - Aves","","","","","","","","1965-10-07","","f3998ff4a7ccaf99a1c853cff975ff18","","","","Collecting Event","","","","","","WGS84","","","","","","","","","","","","","","Mikindani","","","","","","","","","","","","","","","","","Mtwara Distr.","","","","","07-10-1965","","","","","","",""
"","","","Netherlands","","","","Naturalis Biodiversity Center (NL) - Aves","","","","","","","","1909-06-04","","bbeb071e825f7b19361463939989fa7c","","","","Collecting Event","","","","","","WGS84","","","","","","","","","","","","","","Kampereiland","","","","","","","","","","","","","","","","","Overijssel","","","","","4/6/1909","","","","","","",""
"","","","Indonesia","","","","Naturalis Biodiversity Center (NL) - Aves","","","","","","","","1861-09-01/1861-09-30","","4112d12ee814f40f4c0804831da44261","","","","Collecting Event","","","","","","WGS84","","","","","","","","","","","","Morotai","","","","","","","","","","","","","","","","","","","","","","","","September 1861","","","","","","",""
"","","","Netherlands","","","","Naturalis Biodiversity Center (NL) - Aves","","","","","","","","1907-10-26","","4595d08efb509e41ae3658cc17b8fa25","","","","Collecting Event","","","","","","WGS84","","","","","","","","","","","","","","Zoeterwoude","","","","","","","","","","","","","","","","","","","","","","26-10-1907","","","","","","",""
"","","","Netherlands","","","","Naturalis Biodiversity Center (NL) - Aves","","","","","","","","1985-08-29","","8551c5970638113fd17f6ffd25d48ee0","","","","Collecting Event","","","","","","WGS84","","","","","","","","","","","","","","IJsselmeer, Mokkebank","","","","","","","","","","","","","","","","","Friesland","","","","","29-8-1985","","","","","","",""
"","","","Trinidad & Tobago","","","","Naturalis Biodiversity Center (NL) - Aves","","","","","","","","1954-02-05","","0672857428b32dec6f0f418a62cfdba1","","","","Collecting Event","","","","","","WGS84","","","","","","","","","","","","Trinidad","","","","","","","","","","","","","","","","","","","","","","","","05-02-1954","","","","","","",""
"","","","United States","","","","Naturalis Biodiversity Center (NL) - Aves","","","","","","","","1878-05-07","","d30f60835054c1bef25a608051bb239e","","","","Collecting Event","","","","","","WGS84","","","","","","","","","","","","","","Chicago","","","","","","","","","","","","","","","","","Illinois","","","","","07-05-1878","","","","","","",""
"","","","India","","","","Naturalis Biodiversity Center (NL) - Aves","","","","","","","","1930-07-22","","4cca8753bd2e691f10af5bb661bb6a12","","","","Collecting Event","","","","","","WGS84","","","","","","","","","","","","","","Khardong Valley","","","","","","","","","","","","","","","","","Ladakh","","","","","22-7-1930","","","","","","",""
"","","","Philippines","","","","Naturalis Biodiversity Center (NL) - Aves","","","","","","","","","","afc2574af2e9acc2ab7fb4c9faa133e3","","","","Collecting Event","","","","","","WGS84","","","","","","","","","","","","","","","","","","","","","","","","","","","","","","","","","","","","","","","","","","",""
"","","","Netherlands","","","","Naturalis Biodiversity Center (NL) - Aves","","","","","","","","5-9-1971","","e849cc923196e31cacf4295e986b2323","","","","Collecting Event","","","","","","WGS84","","","","","","","","","","","","","","Oostvaardersdijk marshes","","","","","","","","","","","","","","","","","Flevoland","","","","","5-9-1971","","","","","","",""
"","","","Australia","","","","Naturalis Biodiversity Center (NL) - Aves","","","","","","","","1887-07-18","","9c0873498fe1e5cbccdf32b681a1965e","","","","Collecting Event","","","","","","WGS84","","","","","","","","","","","","","","sine loco [Australia]","","","","","","","","","","","","","","","","","","","","","","18-7-1887","","","","","","",""
"","","","Netherlands","","","","Naturalis Biodiversity Center (NL) - Aves","","","","","","","","1937-08-06","","d38f9ada030c26a4a8fb8f397e73eb1a","","","","Collecting Event","","","","","","WGS84","","","","","","","","","","","","","","Barneveld","","","","","","","","","","","","","","","","","Gelderland","","","","","6-8-1937","","","","","","",""
"","","","Taiwan","","","","Naturalis Biodiversity Center (NL) - Aves","","","","","","","","1968-06-23","","de2fe92c990b7fc9b08e42b9dd1419c3","","","","Collecting Event","","","","","","WGS84","","","","","","","","","","","","","","Pei Shan Kun","","","","","","","","","","","","","","","","","","","","","","23-06-1968","","","","","","",""
"","","","Mexico","","","","Naturalis Biodiversity Center (NL) - Aves","","","","","","","","1885-04-14","","f563cf9bbea954701176606d617bcaf9","","","","Collecting Event","","","","","","WGS84","","","","","","","","","","","","","","sine loco [W Mexico]","","","","","","","","","","","","","","","","","","","","","","14-4-1885","","","","","","",""
"","","","Indonesia","","","","Naturalis Biodiversity Center (NL) - Aves","","","","","","","","1969-09-06","","b69356814ea4a437ccdddac2caad1145","","","","Collecting Event","","","","","","WGS84","","","","","","","","","","","","Flores","","Rahong","","","","","","","","","","","","","","","","","","","","","","06-09-1969","","","","","","",""
"","","","Japan","","","","Naturalis Biodiversity Center (NL) - Aves","","","","","","","","1949-11-02","","b9101af83054139043a2be41e35efe5a","","","","Collecting Event","","","","","","WGS84","","","","","","","","","","","","Izu Islands","","Hachijo-jima I.","","","","","","","","","","","","","","","","","","","","","","2-11-1949","","","","","","",""
"","","","Netherlands","","","","Naturalis Biodiversity Center (NL) - Aves","","","","","","","","10/6/1861","","240f9bbb7b94615c80b4b8ce10f5d8a0","","","","Collecting Event","","","","","","WGS84","","","","","","","","","","","","","","Santpoort, Neethof forest","","","","","","","","","","","","","","","","","North Holland","","","","","10/6/1861","","","","","","",""
"","","","Netherlands","","","","Naturalis Biodiversity Center (NL) - Aves","","","","","","","","Date ± 4 days","","bc9954db72130d88ecc0b09490bc034d","","","","Collecting Event","","","","","","WGS84","","","","","","","","","","","","","","Serooskerke, Schouwen","","","","","","","","","","","","","","","","","Zeeland","","","","","Date ± 4 days","","","","","","",""
"","","","","","","","Naturalis Biodiversity Center (NL) - Aves","","","","","","","","1962-03-26","","e1b0b7ce76e50ea4bf53d32694af6c8a","","","","Collecting Event","","","","","","WGS84","","","","","","","","","","","","","","Hoogland","","","","","","","","","","","","","","","","","","","","","","","","","","","","",""
"","","","Brazil","","","","Naturalis Biodiversity Center (NL) - Aves","","","","","","","","1823-08-23","","e5397f13c9ad2a0d95dc8353dbef8298","","","","Collecting Event","","","","","","WGS84","","","","","","","","","","","","","","","","","","","","","","","","","","","","","","","Goias","","","","","23/8/1823","","","","","","",""
"","","","","","","","Naturalis Biodiversity Center (NL) - Aves","","","","","","","","1908-01-05","","32460c5332061fd71815d6039f5e9ccb","","","","Collecting Event","","","","","","WGS84","","","","","","","","","","","","","","Buitenzorg","","","","","","","","","","","","","","","","","","","","","","","","","","","","",""
"","","","Netherlands","","","","Naturalis Biodiversity Center (NL) - Aves","","","","","","","","1917-01-30","","6ecd4d4982e16a30f9df79edbc7e0f3c","","","","Collecting Event","","","","","","WGS84","","","","","","","","","","","","","","Aalsmeer","","","","","","","","","","","","","","","","","North Holland","","","","","30-01-1917","","","","","","",""
"","","","Surinam","","","","Naturalis Biodiversity Center (NL) - Aves","","","","","","","","1969-01-19","","6dd517c9d76f6e8027eb96e2635f88e8","","","","Collecting Event","","","","","","WGS84","","","","","","","","","","","","","","","","","","","","","","","","","","","","","","","Brokopondo","","","","","19-01-1969","","","","","","",""
"","","","Netherlands","","","","Naturalis Biodiversity Center (NL) - Aves","","","","","","","","1966-10-15","","254aa99e8d14cd309ff341eef09de799","","","","Collecting Event","","","","","","WGS84","","","","","","","","","","","","","","North Sea, lightship 'Texel', 25 km off","","","","","","","","","","","","","","","","","North Sea","","","","","15-10-1966","","","","","","",""
"","","","Indonesia","","","","Naturalis Biodiversity Center (NL) - Aves","","","","","","","","","","52edf883b03bf56242ff1b4b22917b86","","","","Collecting Event","","","","","","WGS84","","","","","","","","","","","","Celebes","","","","","","","","","","","","","","","","","","","Minahassa","","","","","","","","","","","",""
"","","","The Netherlands","","","","Naturalis Biodiversity Center (NL) - Aves","","","","","","","","1930-01-01/1930-12-31","","c63834e07b4baa6056a915de9ab16156","","","","Collecting Event","","","","","","WGS84","","","","","","","","","","","","","","","","","","","","","","","","","","","","","","","","","","","","1930","","","","","","",""
"","","","","","","","Naturalis Biodiversity Center (NL) - Aves","","","","","","","","1912-06-12","","dfb9118a36f2555b2b4a923b2853e0ab","","","","Collecting Event","","","","","","WGS84","","","","","","","","","","","","","","Zoeterwoude","","","","","","","","","","","","","","","","","","","","","","12-06-1912","","","","","","",""
"","","","Netherlands","","","","Naturalis Biodiversity Center (NL) - Aves","","","","","","","","1980-10-19","","6dfafd841a9dcd05cef69cbb19365272","","","","Collecting Event","","","","","","WGS84","","","","","","","","","","","","","","Waterland-Oost","","","","","","","","","","","","","","","","","North Holland","","","","","19-10-1980","","","","","","",""
"","","","Netherlands","","","","Naturalis Biodiversity Center (NL) - Aves","","","","","","","","1972-09-25","","ed2bc905016d618de496946ccbd46aa2","","","","Collecting Event","","","","","","WGS84","","","","","","","","","","","","","","Vlieland I., Oude Kooi","","","","","","","","","","","","","","","","","Friesland","","","","","","","","","","","",""
"","","","Spain","","","","Naturalis Biodiversity Center (NL) - Aves","","","","","","","","1962-05-03","","9e22435138e5d6bf701dca43432049a4","","","","Collecting Event","","","","","","WGS84","","","","","","","","","","","","","","Marismas de Hinojos, Coto Doñana","","","","","","","","","","","","","","","","","Huelva","","","","","3/5/1962","","","","","","",""
"","","","Netherlands","","","","Naturalis Biodiversity Center (NL) - Aves","","","","","","","","1946-02-08","","49723b5656ee550bbbdac286632d1d96","","","","Collecting Event","","","","","","WGS84","","","","","","","","","","","","","","Badhoevedorp","","","","","","","","","","","","","","","","","North Holland","","","","","08-02-1946","","","","","","",""
"","","","Mexico","","","","Naturalis Biodiversity Center (NL) - Aves","","","","","","","","","","47e29df40126b7ffcf02e621d86d4be1","","","","Collecting Event","","","","","","WGS84","","","","","","","","","","","","","","","","","","","","","","","","","","","","","","","","","","","","","","","","","","",""
"","","","Indonesia","","","","Naturalis Biodiversity Center (NL) - Aves","","","","","","","","1916-12-31","","dce3566839487ad01aa7c88d80ab3fab","","","","Collecting Event","","","","","","WGS84","","","","","","","","","","","","Sumatra","","Laboean","","","","","","","","","","","","","","","","","Deli","","","","","31-12-1916","","","","","","",""
"","","","Russia","","","","Naturalis Biodiversity Center (NL) - Aves","","","","","","","","1907-05-10","","4918314cf80409dc4c0f9a0df81ef544","","","","Collecting Event","","","","","","WGS84","","","","","","","","","","","","","","Astrakan","","","","","","","","","","","","","","","","","Zuid-Rusland","","","","","10-05-1907","","","","","","",""
"","","","Indonesia","","","","Naturalis Biodiversity Center (NL) - Aves","","","","","","","","1958-01-01/1958-12-31","","5f65eb11cb40f6efe99c876cbfc6bf49","","","","Collecting Event","","","","","","WGS84","","","","","","","","","","","","Nieuw Guinea","","Merauke","","","","","","","","","","","","","","","","","Papua","","","","","1958","","","","","","",""
"","","","Netherlands","","","","Naturalis Biodiversity Center (NL) - Aves","","","","","","","","1914-05-18","","696f485d1b082645d83845ff31adf7bf","","","","Collecting Event","","","","","","WGS84","","","","","","","","","","","","","","Tongelre","","","","","","","","","","","","","","","","","North Brabant","","","","","18/5/1914","","","","","","",""
"","","","The Netherlands","","","","Naturalis Biodiversity Center (NL) - Aves","","","","","","","","1939-05-30","","432f58320d0f5a3681e22bc80e765251","","","","Collecting Event","","","","","","WGS84","","","","","","","","","","","","","","","","","","","","","","","","","","","","","","","Noord-Holland","","","","","30 May 1939","","","","","","",""
"","","","Austria","","","","Naturalis Biodiversity Center (NL) - Aves","","","","","","","","1929-11-02","","17c0a47c26c978e74e0749e40ce45037","","","","Collecting Event","","","","","","WGS84","","","","","","","","","","","","","","Judenburg","","","","","","","","","","","","","","","","","Styria","","","","","2-11-1929","","","","","","",""
"","","","Ecuador","","","","Naturalis Biodiversity Center (NL) - Aves","","","","","","","","1929-02-20","","446f44663aecd1f7b6477a024cb3aa97","","","","Collecting Event","","","","","","WGS84","","","","","","","","","","","","","","Oriente region","","","","","","","","","","","","","","","","","Oriente","","","","","20-2-1929","","","","","","",""
"","","","Indonesia","","","","Naturalis Biodiversity Center (NL) - Aves","","","","","","","","1898-12-24","","3a121efefe2fe443316fc7b20a1d2612","","","","Collecting Event","","","","","","WGS84","","","","","","","","","","","","Borneo","","Blu Riv.","","","","","","","","","","","","","","","","","C. Borneo, upper Mahakam","","","","","24-12-1898","","","","","","",""
"","","","Netherlands","","","","Naturalis Biodiversity Center (NL) - Aves","","","","","","","","2020-10-10","","1e8cbade32581ef3ea831cd870bc7a60","","","","Collecting Event","","","","","","WGS84","","","","","","","","","","","","","","Wassenaar","","","","","","","","","","","","","","","","","South Holland","","","","","10 October 2020","","","","","","",""
"","","","Netherlands","","","","Naturalis Biodiversity Center (NL) - Aves","","","","","","","","1920-03-22","","94aae261fe613700e42301bacfe1f944","","","","Collecting Event","","","","","","WGS84","","","","","","","","","","","","","","Noordwijk aan Zee","","","","","","","","","","","","","","","","","South Holland","","","","","22-03-1920","","","","","","",""
"","","","Indonesia","","","","Naturalis Biodiversity Center (NL) - Aves","","","","","","","","1937-05-21","","c9bb5e410c853862fbf1ccff39425bf1","","","","Collecting Event","","","","","","WGS84","","","","","","","","","","","","","","Belitung I., Simpang Rusa kampong","","","","","","","","","","","","","","","","","Belitung","","","","","21/5/1937","","","","","","",""
"","","","Indonesia","","","","Naturalis Biodiversity Center (NL) - Aves","","","","","","","","22-12-1969, On original label:\n22-12-'69","","51b7ee8b6ea38b43ad0cffba9276cc6d","","","","Collecting Event","","","","","","WGS84","","","","","","","","","","","","Flores","","Todo","","","","","","","","","","","","","","","","","","","","","","22-12-1969, On original label:\n22-12-'69","","","","","","",""
"","","","Gaboen","","","","Naturalis Biodiversity Center (NL) - Aves","","","","","","","","","","7e88187a906d0235e380a337e4677254","","","","Collecting Event","","","","","","WGS84","","","","","","","","","","","","","","","","","","","","","","","","","","","","","","","","","","","","","","","","","","",""
"","","","Indonesia","","","","Naturalis Biodiversity Center (NL) - Aves","","","","","","","","","","156d9960a76b297cda04f0e792fc80d3","","","","Collecting Event","","","","","","WGS84","","","","","","","","","","","","Java","","Litjin","","","","","","","","","","","","","","","","","","","","","","","","","","","","",""
"","","","Indonesia","","","","Naturalis Biodiversity Center (NL) - Aves","","","","","","","","1997-06-02","","0f95e48e3235ff621e929df65ef330b4","","","","Collecting Event","","","","","","WGS84","","","","","","","","","","","","Java","","Cibeureum curug/waterfall, Cibodas region","","","","","","","","","","","","","","","","","","","","","","2/6/1997","","","","","","",""
"","","","Netherlands","","","","Naturalis Biodiversity Center (NL) - Aves","","","","","","","","1979-01-07","","58abec09910ac443e398d089650d6be0","","","","Collecting Event","","","","","","WGS84","","","","","","","","","","","","","","Bergen, Nesdijk","","","","","","","","","","","","","","","","","North Holland","","","","","7-1-1979","","","","","","",""
"","","","Indonesia","","","","Naturalis Biodiversity Center (NL) - Aves","","","","","","","","1931-01-21","","73161cda5ba37a7742e151c66c910926","","","","Collecting Event","","","","","","WGS84","","","","","","","","","","","","Java","","Seneng, Semarang","","","","","","","","","","","","","","","","","","","","","","21-01-1931","","","","","","",""
"","","","","","","","Naturalis Biodiversity Center (NL) - Aves","","","","","","","","1944-09-16","","8c283f6cff107efc48494b3af5873120","","","","Collecting Event","","","","","","WGS84","","","","","","","","","","","","","","Heerlerheide","","","","","","","","","","","","","","","","","Limburg","","","","","16-09-1944","","","","","","",""
"","","","Suriname","","","","Naturalis Biodiversity Center (NL) - Aves","","","","","","","","1966-01-23","","e46934be99a785c3da803dc1ac37ee95","","","","Collecting Event","","","","","","WGS84","","","","","","","","","","","","","","Surinamerivier, Phedra","","","","","","","","","","","","","","","","","","","","","","23-01-1966","","","","","","",""
"","","","Indonesia","","","","Naturalis Biodiversity Center (NL) - Aves","","","","","","","","1957-04-19","","622f5d36a2709ea7f80beb5c0a976fbd","","","","Collecting Event","","","","","","WGS84","","","","","","","","","","","","Lesser Sunda Islands","","Flores I., Tjarang","","","","","","","","","","","","","","","","","","","","","","19/4/1957","","","","","","",""
"","","","Indonesia","","","","Naturalis Biodiversity Center (NL) - Aves","","","","","","","","1894-01-26","","208f2140db87a11d4ef107e0e43f00fd","","","","Collecting Event","","","","","","WGS84","","","","","","","","","","","","Borneo","","Kenepai Gunung/Mt.","","","","","","","","","","","","","","","","","","","","","","26-1-1894","","","","","","",""
"","","","Brazil","","","","Naturalis Biodiversity Center (NL) - Aves","","","","","","","","1831-01-18","","74e9a107598ea0ed5af5e349c50deae6","","","","Collecting Event","","","","","","WGS84","","","","","","","","","","","","","","","","","","","","","","","","","","","","","","","","","","","","","","","","","","",""
"","","","Indonesia","","","","Naturalis Biodiversity Center (NL) - Aves","","","","","","","","1906-06-26","","8ae86df8a9a32c3d2f0a1b3e10fb77f7","","","","Collecting Event","","","","","","WGS84","","","","","","","","","","","","Java","","Pasir Kananga","","","","","","","","","","","","","","","","","Preanger","","","","","26-06-1906","","","","","","",""
"","","","Netherlands","","","","Naturalis Biodiversity Center (NL) - Aves","","","","","","","","","","385f5dfbbea284b2c5d58f3413db4e73","","","","Collecting Event","","","","","","WGS84","","","","","","","","","","","","","","Netherlands, no further locality","","","","","","","","","","","","","","","","","","","","","","","","","","","","",""
"","","","Indonesia","","","","Naturalis Biodiversity Center (NL) - Aves","","","","","","","","1919-11-15","","48221a923bb9f79f5d5bc0b5af341c50","","","","Collecting Event","","","","","","WGS84","","","","","","","","","","","","Sumatra","","","","","","","","","","","","","","","","","","","Sumatra, Res. Palembang","","","","","15-11-1919","","","","","","",""
"","","","Scotland","","","","Naturalis Biodiversity Center (NL) - Aves","","","","","","","","1867-06-26","","36992e5685a8b9d2bb4ea9f4c0301de0","","","","Collecting Event","","","","","","WGS84","","","","","","","","","","","","Unst","","","","","","","","","","","","","","","","","","","Shetland eilanden","","","","","26-06-1867","","","","","","",""
"","","","Indonesia","","","","Naturalis Biodiversity Center (NL) - Aves","","","","","","","","1864-12-15","","1c3e44cba8ccabc09c059bcf6d7d8b79","","","","Collecting Event","","","","","","WGS84","","","","","","","","","","","","Nieuw Guinea","","Sorong","","","","","","","","","","","","","","","","","W. Nieuw Guinea","","","","","15-12-1864","","","","","","",""
"","","","Indonesia","","","","Naturalis Biodiversity Center (NL) - Aves","","","","","","","","1869-03-18","","f7cd8b0c9285b0185dd998f5d646ae46","","","","Collecting Event","","","","","","WGS84","","","","","","","","","","","","Biak Island","","","","","","","","","","","","","","","","","","","Papua","","","","","18/3/1869","","","","","","",""
"","","","Philippijnen","","","","Naturalis Biodiversity Center (NL) - Aves","","","","","","","","","","b97ec8e3de2f0e980d6935e908296e80","","","","Collecting Event","","","","","","WGS84","","","","","","","","","","","","","","","","","","","","","","","","","","","","","","","","","","","","","","","","","","",""
"","","","Norway","","","","Naturalis Biodiversity Center (NL) - Aves","","","","","","","","Date ± 30 days","","557e577fb92b747b997e54fd0b91d349","","","","Collecting Event","","","","","","WGS84","","","","","","","","","","","","Vest Spitsbergen","","Spitsbergen, no further locality [Vest cf]","","","","","","","","","","","","","","","","","Svalbard","","","","","Date ± 30 days","","","","","","",""
"","","","Netherlands","","","","Naturalis Biodiversity Center (NL) - Aves","","","","","","","","2008-11-01/2008-11-30","","b832c3d2bcbcc08c7ea2a2a2903bbdec","","","","Collecting Event","","","","","","WGS84","","","","","","","","","","","","","","Maassluis west","","","","","","","","","","","","","","","","","","","","","","November 2008","","","","","","",""
"","","","The Netherlands","","","","Naturalis Biodiversity Center (NL) - Aves","","","","","","","","1948-05-18","","c8cfea046e69b41ab68bdbb49c39c3e4","","","","Collecting Event","","","","","","WGS84","","","","","","","","","","","","","","Waalre","","","","","","","","","","","","","","","","","Noord-Brabant","","","","","18/5/1948","","","","","","",""
"","","","Italy","","","","Naturalis Biodiversity Center (NL) - Aves","","","","","","","","","","c9b34e60f96374f1f3268b8d7268d143","","","","Collecting Event","","","","","","WGS84","","","","","","","","","","","","Sardinia","","Sardinia, no further locality","","","","","","","","","","","","","","","","","","","","","","","","","","","","",""
"","","","Venezuela","","","","Naturalis Biodiversity Center (NL) - Aves","","","","","","","","1900-06-14/1920-06-14","","fbb43c7ae0eeb32136fddb5ce29c6e71","","","","Collecting Event","","","","","","WGS84","","","","","","","","","","","","","","","","","","","","","","","","","","","","","","","Mérida","","","","3000 m","14-06-19xx","","","","","","",""
"","","","Indonesia","","","","Naturalis Biodiversity Center (NL) - Aves","","","","","","","","1917-06-18","","df60d9432d141e6420cb6bf7a81d23b6","","","","Collecting Event","","","","","","WGS84","","","","","","","","","","","","Sumatra","","","","","","","","","","","","","","","","","","","Ophir District","","","","","18-06-1917","","","","","","",""
"","","","Indonesia","","","","Naturalis Biodiversity Center (NL) - Aves","","","","","","","","1932-03-08","","86fef09af50131f2b3143bbb3fa94818","","","","Collecting Event","","","","","","WGS84","","","","","","","","","","","","Java","","Cibuni estate, NW of Kadupandak, West Java","","","","","","","","","","","","","","","","","","","","","","8/3/1932","","","","","","",""
"","","","Japan","","","","Naturalis Biodiversity Center (NL) - Aves","","","","","","","","","","23fde573b0c3f2d26883dcedce95827c","","","","Collecting Event","","","","","","WGS84","","","","","","","","","","","","","","","","","","","","","","","","","","","","","","","","","","","","","","","","","","",""
"","","","Indonesia","","","","Naturalis Biodiversity Center (NL) - Aves","","","","","","","","1947-01-01/1969-12-31","","bc538cf5669c1e7f3550cbdd2f1711ee","","","","Collecting Event","","","","","","WGS84","","","","","","","","","","","","Lesser Sunda Islands","","Flores I., no further locality","","","","","","","","","","","","","","","","","","","","","","1947-1969","","","","","","",""
"","","","Netherlands","","","","Naturalis Biodiversity Center (NL) - Aves","","","","","","","","1965-02-13","","34359e9b5f22e16b9aefad3c249f569b","","","","Collecting Event","","","","","","WGS84","","","","","","","","","","","","","","Zandvoort, beach","","","","","","","","","","","","","","","","","North Holland","","","","","13-2-1965","","","","","","",""
"","","","Argentina","","","","Naturalis Biodiversity Center (NL) - Aves","","","","","","","","7/1871","","be8770578422aba3431cff8c3f455e0e","","","","Collecting Event","","","","","","WGS84","","","","","","","","","","","","","","","","","","","","","","","","","","","","","","","Rio Negro","","","","","7/1871","","","","","","",""
"","","","Indonesia","","","","Naturalis Biodiversity Center (NL) - Aves","","","","","","","","1942-09-04","","b1d7f9cc974076367ce61c6b311dd94e","","","","Collecting Event","","","","","","WGS84","","","","","","","","","","","","Java","","Cibunder, near Cibodas, West Java","","","","","","","","","","","","","","","","","","","","","","4/9/1942","","","","","","",""
"","","","Netherlands","","","","Naturalis Biodiversity Center (NL) - Aves","","","","","","","","1907-04-08","","59853614db89352c195255330d04c669","","","","Collecting Event","","","","","","WGS84","","","","","","","","","","","","","","Langbroek, Lunenburg estate","","","","","","","","","","","","","","","","","Utrecht","","","","","8-4-1907","","","","","","",""
"","","","Netherlands","","","","Naturalis Biodiversity Center (NL) - Aves","","","","","","","","1976-08-20","","1feca379e158386bc5d064b65081bcc2","","","","Collecting Event","","","","","","WGS84","","","","","","","","","","","","","","Oostvaardersdijk","","","","","","","","","","","","","","","","","Flevoland","","","","","20-8-1976","","","","","","",""
"","","","Indonesia","","","","Naturalis Biodiversity Center (NL) - Aves","","","","","","","","","","4ed8349dd140b7bb3882c77a9e78f4b8","","","","Collecting Event","","","","","","WGS84","","","","","","","","","","","","Java","","Cibodas, West Java","","","","","","","","","","","","","","","","","","","","","","","","","","","","",""
"","","","Netherlands","","","","Naturalis Biodiversity Center (NL) - Aves","","","","","","","","1941-10-30","","236a7d3e8789170b94ce2efe0c878508","","","","Collecting Event","","","","","","WGS84","","","","","","","","","","","","","","Amersfoort","","","","","","","","","","","","","","","","","Utrecht","","","","","30-10-1941","","","","","","",""
"","","","Indonesia","","","","Naturalis Biodiversity Center (NL) - Aves","","","","","","","","1912-12-04","","607891b98f9c2d7895d087229730103a","","","","Collecting Event","","","","","","WGS84","","","","","","","","","","","","Sumatra","","Medan, Deli, NE Sumatra","","","","","","","","","","","","","","","","","","","","","","4-12-1912","","","","","","",""
"","","","Netherlands","","","","Naturalis Biodiversity Center (NL) - Aves","","","","","","","","1992-07-20","","12859f70b8d2c06cf4bf272a014e8637","","","","Collecting Event","","","","","","WGS84","","","","","","","","","","","","","","Oostvaardersplassen","","","","","","","","","","","","","","","","","","","","","","20-07-1992","","","","","","",""
"","","84358.0","Netherlands","","","","Naturalis Biodiversity Center (NL) - Aves","","52.045155","5.871823","","","","","1853-06-30","","84bf20cf35d1c6c5195082e038d1b195","","","","Collecting Event","","","","","","WGS84","","","","","","","","","","","","","","","","","","","","","","","","","","","","","","","Gelderland","","","","","30/6/1853","","","","","","",""
"","","","Indonesia","","","","Naturalis Biodiversity Center (NL) - Aves","","","","","","","","1927-03-10","","4e0049db5dd83e5d28fa4bfb86ad528e","","","","Collecting Event","","","","","","WGS84","","","","","","","","","","","","Java","","Situ Gunung lake (980 m), on Pangrango Gunung/Mt., West JKava","","","","","","","","","","","","","","","","","","","","","","10/3/1927","","","","","","",""
"","","","Indonesia","","","","Naturalis Biodiversity Center (NL) - Aves","","","","","","","","1931-11-18","","ee7b585b25903f836ee2191c17532814","","","","Collecting Event","","","","","","WGS84","","","","","","","","","","","","Java","","Semarang residency, C Java","","","","","","","","","","","","","","","","","","","","","","18/11/1931","","","","","","",""
"","","","Jordan","","","","Naturalis Biodiversity Center (NL) - Aves","","","","","","","","","","5adfe5177f64627fe64b2fef56bf4e9d","","","","Collecting Event","","","","","","WGS84","","","","","","","","","","","","","","Akaba","","","","","","","","","","","","","","","","","","","","","","","","","","","","",""
"","","","""Inde""","","","","Naturalis Biodiversity Center (NL) - Aves","","","","","","","","","","a50466216c0a528b69b5266984766df7","","","","Collecting Event","","","","","","WGS84","","","","","","","","","","","","","","","","","","","","","","","","","","","","","","","Himalaya","","","","","","","","","","","",""
"","","","Netherlands","","","","Naturalis Biodiversity Center (NL) - Aves","","","","","","","","1956-01-15","","05525eca46e1a9f597e22c78f48e9a29","","","","Collecting Event","","","","","","WGS84","","","","","","","","","","","","","","Wolfheze, De Buunderkamp estate","","","","","","","","","","","","","","","","","Gelderland","","","","","15-1-1956","","","","","","",""
"","","","","","","","Naturalis Biodiversity Center (NL) - Aves","","","","","","","","1865-09-21","","10d3ec8b29bd6ea6ed71a8296d544e80","","","","Collecting Event","","","","","","WGS84","","","","","","","","","","","","","","","","","","","","","","","","","","","","","","","Goram","","","","","21-09-1865","","","","","","",""
"","","","Netherlands","","","","Naturalis Biodiversity Center (NL) - Aves","","","","","","","","1970-12-31","","250c31ae0d56e40d66816631a42fd7f0","","","","Collecting Event","","","","","","WGS84","","","","","","","","","","","","","","","","","","","","","","","","","","","","","","","","","","","","31-12-1970","","","","","","",""
"","","","Indonesia","","","","Naturalis Biodiversity Center (NL) - Aves","","","","","","","","1899-10-01/1899-10-31","","ec8b20f032b3404563aa5dd78633a3ab","","","","Collecting Event","","","","","","WGS84","","","","","","","","","","","","Borneo","","Blu riv.","","","","","","","","","","","","","","","","","C. Borneo","","","","","October 1899","","","","","","",""
"","","","Kenya","","","","Naturalis Biodiversity Center (NL) - Aves","","","","","","","","1976-10-26","","f3e9f38c342ed9f30cb04c89d98eb498","","","","Collecting Event","","","","","","WGS84","","","","","","","","","","","","","","Kamuuani","","","","","","","","","","","","","","","","","Machakos, Kalama","","","","","26-10-1976","","","","","","",""
"","","","Netherlands","","","","Naturalis Biodiversity Center (NL) - Aves","","","","","","","","1966-02-27","","e84c2a26f72ba84cb505ee919b1526da","","","","Collecting Event","","","","","","WGS84","","","","","","","","","","","","","","Loenen aan de Vecht","","","","","","","","","","","","","","","","","","","","","","27-02-1966","","","","","","",""
"","","","Germany","","","","Naturalis Biodiversity Center (NL) - Aves","","","","","","","","1880-03-16","","42c07808159b25c6af774c16a4aafe30","","","","Collecting Event","","","","","","WGS84","","","","","","","","","","","","","","Dümmersee","","","","","","","","","","","","","","","","","Lower Saxony","","","","","16-3-1880","","","","","","",""
"","","","Australia","","","","Naturalis Biodiversity Center (NL) - Aves","","","","","","","","1860-03-10","","7841bb76da1d4944877629e9acfc9f7c","","","","Collecting Event","","","","","","WGS84","","","","","","","","","","","","","","","","","","","","","","","","","","","","","","","Cooks River","","","","","10-03-1860","","","","","","",""
"","","","","","","","Naturalis Biodiversity Center (NL) - Aves","","","","","","","","1910-04-09","","54fd2592b2d26d6a373f393dc1f9c996","","","","Collecting Event","","","","","","WGS84","","","","","","","","","","","","","","Anholt","","","","","","","","","","","","","","","","","Westfalen","","","","","09-04-1910","","","","","","",""
"","","","Indonesia","","","","Naturalis Biodiversity Center (NL) - Aves","","","","","","","","1861-04-07","","0c5cc32d96abb9dc7188966d72e45bb3","","","","Collecting Event","","","","","","WGS84","","","","","","","","","","","","Ternate","","","","","","","","","","","","","","","","","","","","","","","","07-04-1861","","","","","","",""
"","","","Indonesia","","","","Naturalis Biodiversity Center (NL) - Aves","","","","","","","","","","1abbcc1146c307c2e83b907886df2b41","","","","Collecting Event","","","","","","WGS84","","","","","","","","","","","","Celebes","","","","","","","","","","","","","","","","","","","Noord-Celebes","","","","","","","","","","","",""
"","","","Netherlands","","","","Naturalis Biodiversity Center (NL) - Aves","","","","","","","","1937-05-10/1937-05-11","","f534ccc4f4aa0a266fc612eafc02bd25","","","","Collecting Event","","","","","","WGS84","","","","","","","","","","","","","","Westschouwen, vuurtoren","","","","","","","","","","","","","","","","","Zeeland","","","","","10/11-5-1937","","","","","","",""
"","","","Indonesia","","","","Naturalis Biodiversity Center (NL) - Aves","","","","","","","","1907-05-09","","d243eae5d9d5aefedf11ffc5f4601fea","","","","Collecting Event","","","","","","WGS84","","","","","","","","","","","","New Guinea","","Noordrivier","","","","","","","","","","","","","","","","","Nieuw-Guinea","","","","","09-05-1907","","","","","","",""
"","","","Netherlands","","","","Naturalis Biodiversity Center (NL) - Aves","","","","","","","","1969-02-19","","8a0f97594dbdafc1d9d900eaf3d45376","","","","Collecting Event","","","","","","WGS84","","","","","","","","","","","","","","Egmond aan Zee, beach","","","","","","","","","","","","","","","","","North Holland","","","","","19-2-1969","","","","","","",""
"","","","Suriname","","","","Naturalis Biodiversity Center (NL) - Aves","","","","","","","","1958-09-10","","96c35bb432ee4830e0b86202d9edae93","","","","Collecting Event","","","","","","WGS84","","","","","","","","","","","","","","Paramaribo","","","","","","","","","","","","","","","","","","","","","","10-09-1958","","","","","","",""
"","","","","","","","Naturalis Biodiversity Center (NL) - Aves","","","","","","","","","","a02de7b865dc78ae52ecf5f0e0d326ce","","","","Collecting Event","","","","","","WGS84","","","","","","","","","","","","","","","","","","","","","","","","","","","","","","","Kisser","","","","","","","","","","","",""
"","","","Indonesia","","","","Naturalis Biodiversity Center (NL) - Aves","","","","","","","","","","10a9366e53b95d614c7de950b3a57f8d","","","","Collecting Event","","","","","","WGS84","","","","","","","","","","","","","","Fakfak [= Onin Mts cf], Onin Peninsula","","","","","","","","","","","","","","","","","West New Guinea","","","","","","","","","","","",""
"","","","Suriname","","","","Naturalis Biodiversity Center (NL) - Aves","","","","","","","","1900-06-30","","652bcb152f9a6cc36c23a0b02afb1894","","","","Collecting Event","","","","","","WGS84","","","","","","","","","","","","","","Suriname, no further locality","","","","","","","","","","","","","","","","","","","","","","30/6/1900","","","","","","",""
"","","","Indonesia","","","","Naturalis Biodiversity Center (NL) - Aves","","","","","","","","1910-06-02","","7c23d51fe929d1ed555a3b2b02ae6e57","","","","Collecting Event","","","","","","WGS84","","","","","","","","","","","","Java","","Pangerango","","","","","","","","","","","","","","","","","Java, Preanger","","","","","02-06-1910","","","","","","",""
"","","","","","","","Naturalis Biodiversity Center (NL) - Aves","","","","","","","","1939-10-26","","51e58d0f60f8574e57c0ac3a0bca52c0","","","","Collecting Event","","","","","","WGS84","","","","","","","","","","","","","","Araboebivak","","","","","","","","","","","","","","","","","","","","","","26-10-1939","","","","","","",""
"","","","Indonesia","","","","Naturalis Biodiversity Center (NL) - Aves","","","","","","","","1940-07-01","","2140c20afd441915584f6b98beb7c5d4","","","","Collecting Event","","","","","","WGS84","","","","","","","","","","","","Java","","Bogor, Kota Baru kampong","","","","","","","","","","","","","","","","","","","","","","1/7/1940","","","","","","",""
"","","","Indonesia","","","","Naturalis Biodiversity Center (NL) - Aves","","","","","","","","1958-07-02","","ae46ea65b99677a8304e1b7fd7ef2b69","","","","Collecting Event","","","","","","WGS84","","","","","","","","","","","","","","","","","","","","","","","","","","","","","","","","","","","","2-7-1958","","","","","","",""
"","","","Netherlands","","","","Naturalis Biodiversity Center (NL) - Aves","","","","","","","","","","d5fba46e1210202abd54b54b668cfb93","","","","Collecting Event","","","","","","WGS84","","","","","","","","","","","","","","Apeldoorn area","","","","","","","","","","","","","","","","","Gelderland","","","","","","","","","","","",""
"","","","","","","","Naturalis Biodiversity Center (NL) - Aves","","","","","","","","1861-11-09","","77afa11a18235ce284b1ec82ae19620c","","","","Collecting Event","","","","","","WGS84","","","","","","","","","","","","","","Dodinga","","","","","","","","","","","","","","","","","Halmahera","","","","","09-11-1861","","","","","","",""
"","","","","","","","Naturalis Biodiversity Center (NL) - Aves","","","","","","","","","","94757bc571a054decbf32bd7b08be0c5","","","","Collecting Event","","","","","","WGS84","","","","","","","","","","","","","","","","","","","","","","","","","","","","","","","Zuidoost-Afrika","","","","","","","","","","","",""
"","","","Netherlands","","","","Naturalis Biodiversity Center (NL) - Aves","","","","","","","","1860-05-15","","96857098e11f7e78805156ab484c8a5b","","","","Collecting Event","","","","","","WGS84","","","","","","","","","","","","","","Bij Rotterdam","","","","","","","","","","","","","","","","","South Holland","","","","","15-05-1860","","","","","","",""
"","","","","","","","Naturalis Biodiversity Center (NL) - Aves","","","","","","","","1881-04-22","","94759e04f921bd04c4e6c90bb919b0e8","","","","Collecting Event","","","","","","WGS84","","","","","","","","","","","","Isl. Soelanga","","","","","","","","","","","","","","","","","","","","","","","","22-04-1881","","","","","","",""
"","","","Netherlands","","","","Naturalis Biodiversity Center (NL) - Aves","","","","","","","","1949-06-21","","d2fc8125e0e85ffca03e63a706227bfe","","","","Collecting Event","","","","","","WGS84","","","","","","","","","","","","","","Drongelen","","","","","","","","","","","","","","","","","North Brabant","","","","","21/6/1949","","","","","","",""
"","","","Suriname","","","","Naturalis Biodiversity Center (NL) - Aves","","","","","","","","1978-03-03","","def69e83f55a7f8a2edeefef63fe2256","","","","Collecting Event","","","","","","WGS84","","","","","","","","","","","","","","Brownsberg","","","","","","","","","","","","","","","","","","","","","","03-03-1978","","","","","","",""
"","","","Netherlands","","","","Naturalis Biodiversity Center (NL) - Aves","","","","","","","","1976-10-02","","347e5d12f0b271b9622dada884b66e9f","","","","Collecting Event","","","","","","WGS84","","","","","","","","","","","","","","Zoutelande, beach","","","","","","","","","","","","","","","","","Zeeland","","","","","2-10-1976","","","","","","",""
"","","","United Kingdom","","","","Naturalis Biodiversity Center (NL) - Aves","","","","","","","","","","44e7fb1d23529ea7143e58f8488ede16","","","","Collecting Event","","","","","","WGS84","","","","","","","","","","","","Falkland Islands","","","","","","","","","","","","","","","","","","","","","","","","","","","","","","",""
"","","","Indonesia","","","","Naturalis Biodiversity Center (NL) - Aves","","","","","","","","1916-01-17","","07857376c65ca01dc199fae9340d840d","","","","Collecting Event","","","","","","WGS84","","","","","","","","","","","","Sumatra","","Serbadjadi (58 m), Serdang, NE Sumatra","","","","","","","","","","","","","","","","","","","","","","17-1-1916","","","","","","",""
"","","","Indonesia","","","","Naturalis Biodiversity Center (NL) - Aves","","","","","","","","1923-12-20","","ee922c50444baa6d7fb07ecd67226300","","","","Collecting Event","","","","","","WGS84","","","","","","","","","","","","Java","","Bij Moeara Gembong","","","","","","","","","","","","","","","","","","","","","","20-12-1923","","","","","","",""
"","","","Ecuador","","","","Naturalis Biodiversity Center (NL) - Aves","","","","","","","","","","41e60832f8d7266f227f216d438d58e2","","","","Collecting Event","","","","","","WGS84","","","","","","","","","","","","","","","","","","","","","","","","","","","","","","","","","","","","","","","","","","",""
"","","","Indonesia","","","","Naturalis Biodiversity Center (NL) - Aves","","","","","","","","1919-01-01/1919-12-31","","b0b30e0e99b7b4262cf9c84c4e6a959f","","","","Collecting Event","","","","","","WGS84","","","","","","","","","","","","Java","","Cikajang, near Garut, West Java","","","","","","","","","","","","","","","","","","","","","","1919","","","","","","",""
"","","","Kenya","","","","Naturalis Biodiversity Center (NL) - Aves","","","","","","","","1976-09-20","","00632244f71d7cb870e0b847483f0c6a","","","","Collecting Event","","","","","","WGS84","","","","","","","","","","","","","","Muumandu","","","","","","","","","","","","","","","","","Machakos, Kalama","","","","","20-09-1976","","","","","","",""
"","","","","","","","Naturalis Biodiversity Center (NL) - Aves","","","","","","","","19-04-1903, On green label: 19/4/03","","d6f5419580e92cd09c26336a13013c33","","","","Collecting Event","","","","","","WGS84","","","","","","","","","","","","","","Liosa","","","","","","","","","","","","","","","","","Attica","","","","","19-04-1903, On green label: 19/4/03","","","","","","",""
"","","","Netherlands","","","","Naturalis Biodiversity Center (NL) - Aves","","","","","","","","1971-01-05","","0084b02170713ccbe7015a78c51f5064","","","","Collecting Event","","","","","","WGS84","","","","","","","","","","","","","","Lage Vuursche<>Baarn","","","","","","","","","","","","","","","","","Utrecht","","","","","5-1-1971","","","","","","",""
"","","","Indonesia","","","","Naturalis Biodiversity Center (NL) - Aves","","","","","","","","1916-02-09","","5e855fc297481ced4783a1fd5512d96a","","","","Collecting Event","","","","","","WGS84","","","","","","","","","","","","Borneo","","Rantau","","","","","","","","","","","","","","","","","Z.O. Borneo","","","","","09-02-1916","","","","","","",""
"","","","Indonesia","","","","Naturalis Biodiversity Center (NL) - Aves","","","","","","","","1940-10-06","","e30f1b79d7f13b33dd4e7aaa21495db9","","","","Collecting Event","","","","","","WGS84","","","","","","","","","","","","Java","","Pangrango Gunung/Mt., West Java","","","","","","","","","","","","","","","","","","","","","","6/10/1940","","","","","","",""
"","","","Indonesia","","","","Naturalis Biodiversity Center (NL) - Aves","","","","","","","","1915-03-24","","02704c7e58bdeed328111cc8cf81c092","","","","Collecting Event","","","","","","WGS84","","","","","","","","","","","","Sumatra","","","","","","","","","","","","","","","","","","","Padangsche Bovenlanden","","","","","24-03-1915","","","","","","",""
"","","","Netherlands","","","","Naturalis Biodiversity Center (NL) - Aves","","","","","","","","28-8-1861","","a0ca0f09ab146206202bddeb227441f6","","","","Collecting Event","","","","","","WGS84","","","","","","","","","","","","","","Rotterdam","","","","","","","","","","","","","","","","","","","","","","28-8-1861","","","","","","",""
"","","","Japan","","","","Naturalis Biodiversity Center (NL) - Aves","","","","","","","","1870-01-01/1870-12-31","","cdd9d039002cef9ee2068f0dd34feafe","","","","Collecting Event","","","","","","WGS84","","","","","","","","","","","","","","","","","","","","","","","","","","","","","","","","","","","","1870","","","","","","",""
"","","","New Zealand","","","","Naturalis Biodiversity Center (NL) - Aves","","","","","","","","","","599547e1397aa1bcf9c89229f3e04927","","","","Collecting Event","","","","","","WGS84","","","","","","","","","","","","","","","","","","","","","","","","","","","","","","","","","","","","","","","","","","",""
"","","","Indonesia","","","","Naturalis Biodiversity Center (NL) - Aves","","","","","","","","1958-05-24","","c97dad0415f3217179e2b9545fc02abc","","","","Collecting Event","","","","","","WGS84","","","","","","","","","","","","Lesser Sunda Islands","","Flores I., no further locality","","","","","","","","","","","","","","","","","","","","","","24/5/1958","","","","","","",""
"","","","Netherlands","","","","Naturalis Biodiversity Center (NL) - Aves","","","","","","","","1900-05-18","","1b650bbe8d12e6ad5304c74403ee0f75","","","","Collecting Event","","","","","","WGS84","","","","","","","","","","","","","","Texel I., no further locality?","","","","","","","","","","","","","","","","","North Holland","","","","","18/5/1900","","","","","","",""
"","","","Uganda","","","","Naturalis Biodiversity Center (NL) - Aves","","","","","","","","1957-09-01","","a0704cb5dd9b1019c630fb9b2d4b712d","","","","Collecting Event","","","","","","WGS84","","","","","","","","","","","","","","Entebbe","","","","","","","","","","","","","","","","","","","","","","1-9-1957","","","","","","",""
"","","","Taiwan","","","","Naturalis Biodiversity Center (NL) - Aves","","","","","","","","1968-05-06","","b1b9e9b3586eff042cb740f35b4f1018","","","","Collecting Event","","","","","","WGS84","","","","","","","","","","","","","","Puli","","","","","","","","","","","","","","","","","","","","","","06-05-1968","","","","","","",""
"","","","Indonesia","","","","Naturalis Biodiversity Center (NL) - Aves","","","","","","","","1913-05-20","","ee1191b19ebfc7c5912e2b01a8d0f6b6","","","","Collecting Event","","","","","","WGS84","","","","","","","","","","","","Java","","","","","","","","","","","","","","","","","","","","","","","","20-05-1913","","","","","","",""
"","","","Netherlands","","","","Naturalis Biodiversity Center (NL) - Aves","","","","","","","","1944-04-22","","cbab26565092f2b960f59ac544f7a08d","","","","Collecting Event","","","","","","WGS84","","","","","","","","","","","","","","Wolfheze area","","","","","","","","","","","","","","","","","Gelderland","","","","","22/4/1944","","","","","","",""
"","","","","","","","Naturalis Biodiversity Center (NL) - Aves","","","","","","","","","","cda277ff224869e368705a62d3aaccc8","","","","Collecting Event","","","","","","WGS84","","","","","","","","","","","","","","Blumenau","","","","","","","","","","","","","","","","","","","","","","","","","","","","",""
"","","","South Africa","","","","Naturalis Biodiversity Center (NL) - Aves","","","","","","","","","","488ceb12f5ae04936e0bce53307d8927","","","","Collecting Event","","","","","","WGS84","","","","","","","","","","","","","","","","","","","","","","","","","","","","","","","Kafferland","","","","","","","","","","","",""
"","","","Netherlands","","","","Naturalis Biodiversity Center (NL) - Aves","","","","","","","","1924-11-18","","3bb838ab1de2afb4dc97f7af59bb3346","","","","Collecting Event","","","","","","WGS84","","","","","","","","","","","","","","Beek","","","","","","","","","","","","","","","","","Limburg","","","","","18-11-1924","","","","","","",""
"","","","Netherlands Antilles","","","","Naturalis Biodiversity Center (NL) - Aves","","","","","","","","1979-11-19","","63d729425bc171e7e956327f527b4be3","","","","Collecting Event","","","","","","WGS84","","","","","","","","","","","","Aruba","","Dividivi Hotel","","","","","","","","","","","","","","","","","","","","","","19-11-1979","","","","","","",""
"","","67360.0","Netherlands","","","","Naturalis Biodiversity Center (NL) - Aves","","52.438781","6.501641","","","","","1865-03-13","","b7a0d6e6c0a60dfb684e0abcc436de66","","","","Collecting Event","","","","","","WGS84","","","","","","","","","","","","","","","","","","","","","","","","","","","","","","","Overijssel","","","","","13-03-1865","","","","","","",""
"","","","Brazil","","","","Naturalis Biodiversity Center (NL) - Aves","","","","","","","","1891-04-01/1891-04-30","","fb8adfcfc70b29c0e24d0e75c517be11","","","","Collecting Event","","","","","","WGS84","","","","","","","","","","","","","","Porto Real","","","","","","","","","","","","","","","","","Rio de Janeiro state","","","","","1-4-1891 - 30-4-1891","","","","","","",""
"","","","Netherlands","","","","Naturalis Biodiversity Center (NL) - Aves","","","","","","","","1934-01-01/1934-12-31","","6e76002eebc85630379a34b20b02f175","","","","Collecting Event","","","","","","WGS84","","","","","","","","","","","","","","","","","","","","","","","","","","","","","","","","","","","","1934","","","","","","",""
"","","","Indonesia","","","","Naturalis Biodiversity Center (NL) - Aves","","","","","","","","","","6a8777cb0702c53142979825af8093a3","","","","Collecting Event","","","","","","WGS84","","","","","","","","","","","","New Guinea","","","","","","","","","","","","","","","","","","","Nieuw-Guinea","","","","","","","","","","","",""
"","","","Netherlands Antilles","","","","Naturalis Biodiversity Center (NL) - Aves","","","","","","","","1952-04-11","","0a9ebef6e5fc81dd91e96ce68ab82be9","","","","Collecting Event","","","","","","WGS84","","","","","","","","","","","","Klein Curaçao","","","","","","","","","","","","","","","","","","","","","","","","11-4-1952","","","","","","",""
"","","","Spain","","","","Naturalis Biodiversity Center (NL) - Aves","","","","","","","","1952-02-22","","5b62974e7791a4ba56e8ccc9c6dd7d4f","","","","Collecting Event","","","","","","WGS84","","","","","","","","","","","","","","Linares de Riofrio","","","","","","","","","","","","","","","","","Salamanca","","","","","22-2-1952","","","","","","",""
"","","","Indonesia","","","","Naturalis Biodiversity Center (NL) - Aves","","","","","","","","1913-05-18","","21059f9a6d9f97ce85f0de1ba3e4b733","","","","Collecting Event","","","","","","WGS84","","","","","","","","","","","","Simalur","","","","","","","","","","","","","","","","","","","","","","","","18-05-1913","","","","","","",""
"","","","Curaçao","","","","Naturalis Biodiversity Center (NL) - Aves","","","","","","","","1930-04-15","","8bfedbd5dc61ac1346a670213e2ac93d","","","","Collecting Event","","","","","","WGS84","","","","","","","","","","","","Curaçao","","Port Marie","","","","","","","","","","","","","","","","","","","","","","15-04-1930","","","","","","",""
"","","","Indonesia","","","","Naturalis Biodiversity Center (NL) - Aves","","","","","","","","22 Jan-27 Jul 1865","","45226a14a7d1958145f24a78f486742c","","","","Collecting Event","","","","","","WGS84","","","","","","","","","","","","","","Aru Is., no further locality","","","","","","","","","","","","","","","","","West New Guinea","","","","","22 Jan-27 Jul 1865","","","","","","",""
"","","","Indonesia","","","","Naturalis Biodiversity Center (NL) - Aves","","","","","","","","1997-06-21","","3d5375a6e359941c42731ae8152387b0","","","","Collecting Event","","","","","","WGS84","","","","","","","","","","","","Java","","Bogor, Jalan Surya Kencana nr 97","","","","","","","","","","","","","","","","","","","","","","21/6/1997","","","","","","",""
"","","","Samoa Group","","","","Naturalis Biodiversity Center (NL) - Aves","","","","","","","","","","93d444820204f4b858cb5dbbf2f99592","","","","Collecting Event","","","","","","WGS84","","","","","","","","","","","","","","","","","","","","","","","","","","","","","","","Upolu","","","","","","","","","","","",""
"","","","Netherlands","","","","Naturalis Biodiversity Center (NL) - Aves","","","","","","","","2009-04-22","","d0cc7d6e2ba151e3f47e652cbf7d1782","","","","Collecting Event","","","","","","WGS84","","","","","","","","","","","","","","Doetinchem","","","","","","","","","","","","","","","","","Gelderland","","","","","22 april 2009","","","","","","",""
"","","","Netherlands","","","","Naturalis Biodiversity Center (NL) - Aves","","","","","","","","1927-05-24","","f63fbbbb71d2770440e450b0564b25da","","","","Collecting Event","","","","","","WGS84","","","","","","","","","","","","","","Olterterp","","","","","","","","","","","","","","","","","Fryslân","","","","","24/5/1927","","","","","","",""
"","","","","","","","Naturalis Biodiversity Center (NL) - Aves","","","","","","","","1909-01-01/1909-01-31","","e2ae0421e92742e615cdfba79ec342c7","","","","Collecting Event","","","","","","WGS84","","","","","","","","","","","","","","Hatert","","","","","","","","","","","","","","","","","(G.)","","","","","January 1909","","","","","","",""
"","","","USA","","","","Naturalis Biodiversity Center (NL) - Aves","","","","","","","","1940-03-08","","84a2571528f9410d8ca4d0a4f408d850","","","","Collecting Event","","","","","","WGS84","","","","","","","","","","","","","","sine loco [C & E North America]","","","","","","","","","","","","","","","","","","","","","","8-3-1940","","","","","","",""
"","","","Philippines","","","","Naturalis Biodiversity Center (NL) - Aves","","","","","","","","1971-12-02","","de1a6e00ca496a2878bdf32096581d8f","","","","Collecting Event","","","","","","WGS84","","","","","","","","","","","","Sulu Archip., Tawi-Tawi Group, Tawi-Tawi Id.","","Batu-Batu","","","","","","","","","","","","","","","","","","","","","","02-12-1971","","","","","","",""
"","","","Indonesia","","","","Naturalis Biodiversity Center (NL) - Aves","","","","","","","","1910-06-23","","38e799914ea2c782dc163aa9bdc0a097","","","","Collecting Event","","","","","","WGS84","","","","","","","","","","","","Seram","","Wahai","","","","","","","","","","","","","","","","","Noord-Ceram","","","","","23-06-1910","","","","","","",""
"","","","Indonesia","","","","Naturalis Biodiversity Center (NL) - Aves","","","","","","","","1920-05-09","","a94af49a2655f2f76fc7a1a1043d24a0","","","","Collecting Event","","","","","","WGS84","","","","","","","","","","","","Sumatra","","","","","","","","","","","","","","","","","","","","","","","950 m","09-05-1920","","","","","","",""
"","","","Netherlands","","","","Naturalis Biodiversity Center (NL) - Aves","","","","","","","","1910-04-29","","6fe22cf7119058da187155b2a31b773d","","","","Collecting Event","","","","","","WGS84","","","","","","","","","","","","","","Gendringen","","","","","","","","","","","","","","","","","Gelderland","","","","","29/4/1910","","","","","","",""
"","","","Netherlands","","","","Naturalis Biodiversity Center (NL) - Aves","","","","","","","","1922-09-16","","7f9dc6bd9a70bbd3190345eb02359e9b","","","","Collecting Event","","","","","","WGS84","","","","","","","","","","","","","","Enter","","","","","","","","","","","","","","","","","Overijssel","","","","","16-09-1922","","","","","","",""
"","","","","","","","Naturalis Biodiversity Center (NL) - Aves","","","","","","","","1911-05-30","","4c656f79ff0170dc06a873ed7d6f9db1","","","","Collecting Event","","","","","","WGS84","","","","","","","","","","","","","","Princenhage","","","","","","","","","","","","","","","","","North Brabant","","","","","30-05-1911","","","","","","",""
"","","","Netherlands","","","","Naturalis Biodiversity Center (NL) - Aves","","","","","","","","1949-05-01","","1a068e070781a1583ff48e7278cf6a69","","","","Collecting Event","","","","","","WGS84","","","","","","","","","","","","","","Laren","","","","","","","","","","","","","","","","","North Holland","","","","","1/5/1949","","","","","","",""
"","","","South Africa","","","","Naturalis Biodiversity Center (NL) - Aves","","","","","","","","1959-08-06","","37e4c32cca2ec82dbb41374b7b616457","","","","Collecting Event","","","","","","WGS84","","","","","","","","","","","","","","Durbanville","","","","","","","","","","","","","","","","","Western Cape","","","","","6-8-1959","","","","","","",""
"","","","Indonesia","","","","Naturalis Biodiversity Center (NL) - Aves","","","","","","","","1903-05-21","","839c6341fc7da5a0dbaf7b5b8114c6cb","","","","Collecting Event","","","","","","WGS84","","","","","","","","","","","","Java","","Pangerango","","","","","","","","","","","","","","","","","Java, Preanger","","","","","21-05-1903","","","","","","",""
"","","","Netherlands","","","","Naturalis Biodiversity Center (NL) - Aves","","","","","","","","Year cf","","e3e091c192d100a059280a18e6b6d589","","","","Collecting Event","","","","","","WGS84","","","","","","","","","","","","","","Zandbelt, Vollenhove<>Barsbeek","","","","","","","","","","","","","","","","","Overijssel","","","","","Year cf","","","","","","",""
"","","","Chili","","","","Naturalis Biodiversity Center (NL) - Aves","","","","","","","","1827-01-01/1829-12-31","","32561215ca9fd15dd6ed43b813742f60","","","","Collecting Event","","","","","","WGS84","","","","","","","","","","","","","","","","","","","","","","","","","","","","","","","","","","","","1827-1829","","","","","","",""
"","","","Netherlands","","","","Naturalis Biodiversity Center (NL) - Aves","","","","","","","","1936-05-11","","9211131f5eeff58c151f76f04450713b","","","","Collecting Event","","","","","","WGS84","","","","","","","","","","","","","","Zwolle","","","","","","","","","","","","","","","","","Overijssel","","","","","11/5/1936","","","","","","",""
