"associatedSequences","catalogNumber","collectedBy","collectedByID","collectionCode","collectionID","collectorNumber","dataGeneralizations","dateIdentified","derivationEventID","derivationType","derivedFromMaterialEntityID","digitalSpecimenID","discipline","disposition","eventID","evidenceForOccurrenceID","externalClassificationSource","feedbackURL","geoClassificationCode","geoName","identificationReferences","identificationRemarks","identificationVerificationStatus","identifiedBy","identifiedByID","informationWithheld","institutionCode","institutionID","isPartOfMaterialEntityID","materialCategory","materialEntityID","materialEntityRemarks","materialEntityType","materialReferences","objectQuantity","objectQuantityType","otherCatalogNumbers","ownerInstitutionCode","ownerInstitutionID","preparations","scientificName","scientificNameAuthorship","scientificNameID","taxonID","taxonRank","typeDesignationType","typeStatus","typifiedName","verbatimIdentification","verbatimLabel","vernacularName"
"","ZMA.AVES.1014","","","","","","","","","","","https://doi.org/TEST/ZZZ-YMH-ZHA","Zoology","","293f063b1dec82aec0e9a080e6cf6d9b","","","https://doi.org/TEST/ZZZ-YMH-ZHA","","","","","","","","","","https://ror.org/0566bfb96","","","https://data.biodiversitydata.nl/naturalis/specimen/ZMA.AVES.1014","","","","","","","","","skin (study skin)","","","","","","","","","","",""
"","RMNH.AVES.78854","","","","","","","","","","","https://doi.org/TEST/ZZZ-WPD-K1T","Zoology","","b1522d20701e1a311fde3ea71ab56358","","","https://doi.org/TEST/ZZZ-WPD-K1T","","","","","","","","","","https://ror.org/0566bfb96","","","https://data.biodiversitydata.nl/naturalis/specimen/RMNH.AVES.78854","","","","","","","","","egg (air dried)","","","","","","","","","","",""
"","RMNH.AVES.34302","","","","","","","","","","","https://doi.org/TEST/ZZZ-P2Q-A33","Zoology","","d322dee171241e67bf132a76a4243c09","","","https://doi.org/TEST/ZZZ-P2Q-A33","","","","","","","","","","https://ror.org/0566bfb96","","","https://data.biodiversitydata.nl/naturalis/specimen/RMNH.AVES.34302","","","","","","","","","skin (air dried)","","","","","","","","","","",""
"","RMNH.AVES.234210","","","","","","","","","","","https://doi.org/TEST/ZZZ-JAZ-GZD","Zoology","","18985de1ea1aed11c3e5d614f9bbf1b5","","","https://doi.org/TEST/ZZZ-JAZ-GZD","","","","","","","","","","https://ror.org/0566bfb96","","","https://data.biodiversitydata.nl/naturalis/specimen/RMNH.AVES.234210","","","","","","","","","skin (study skin)","","","","","","","","","","",""
"","ZMA.AVES.34909","","","","","","","","","","","https://doi.org/TEST/ZZZ-HT9-MGQ","Zoology","","04203cf31c2db7b8ffcc4fa682f14067","","","https://doi.org/TEST/ZZZ-HT9-MGQ","","","","","","","","","","https://ror.org/0566bfb96","","","https://data.biodiversitydata.nl/naturalis/specimen/ZMA.AVES.34909","","","","","","","","","Wing (study skin)","","","","","","","","","","",""
"","ZMA.AVES.31709","","","","","","","","","","","https://doi.org/TEST/ZZZ-AQ2-6KL","Zoology","","c256f74ebed5ed1a3146d3bfb0e81565","","","https://doi.org/TEST/ZZZ-AQ2-6KL","","","","","","","","","","https://ror.org/0566bfb96","","","https://data.biodiversitydata.nl/naturalis/specimen/ZMA.AVES.31709","","","","","","","","","skin (study skin)","","","","","","","","","","",""
"","ZMA.AVES.36986","","","","","","","","","","","https://doi.org/TEST/ZZY-WZR-VN0","Zoology","","ca18768692fdd3f3f84990253147ba12","","","https://doi.org/TEST/ZZY-WZR-VN0","","","","","","","","","","https://ror.org/0566bfb96","","","https://data.biodiversitydata.nl/naturalis/specimen/ZMA.AVES.36986","","","","","","","","","skin (study skin)","","","","","","","","","","",""
"","RMNH.AVES.179722","","","","","","","","","","","https://doi.org/TEST/ZZY-TH9-72C","Zoology","","163357278d2833b243e225f6d2c1f768","","","https://doi.org/TEST/ZZY-TH9-72C","","","","","","","","","","https://ror.org/0566bfb96","","","https://data.biodiversitydata.nl/naturalis/specimen/RMNH.AVES.179722","","","","","","","","","egg (air dried)","","","","","","","","","","",""
"","ZMA.AVES.11031","","","","","","","","","","","https://doi.org/TEST/ZZY-NTM-EPF","Zoology","","1435261d0fa728a2618b34f0b4c45d15","","","https://doi.org/TEST/ZZY-NTM-EPF","","","","","","","","","","https://ror.org/0566bfb96","","","https://data.biodiversitydata.nl/naturalis/specimen/ZMA.AVES.11031","","","","","","","","","skin (study skin)","","","","","","","","","","",""
"","RMNH.AVES.176886","","","","","","","","","","","https://doi.org/TEST/ZZY-NBN-G1C","Zoology","","21a8573dd4dd21a534a69b78f2ecb67c","","","https://doi.org/TEST/ZZY-NBN-G1C","","","","","","","","","","https://ror.org/0566bfb96","","","https://data.biodiversitydata.nl/naturalis/specimen/RMNH.AVES.176886","","","","","","","","","egg (air dried)","","","","","","","","","","",""
"","ZMA.AVES.28640","","","","","","","","","","","https://doi.org/TEST/ZZY-L3D-LFG","Zoology","","cad49274faccf6be5750c2b94e397e7e","","","https://doi.org/TEST/ZZY-L3D-LFG","","","","","","","","","","https://ror.org/0566bfb96","","","https://data.biodiversitydata.nl/naturalis/specimen/ZMA.AVES.28640","","","","","","","","","skin (study skin)","","","","","","","","","","",""
"","RMNH.AVES.260948.c","","","","","","","","","","","https://doi.org/TEST/ZZY-KMN-7G0","Zoology","","c5edc2973489428baec3e681eb057143","","","https://doi.org/TEST/ZZY-KMN-7G0","","","","","","","","","","https://ror.org/0566bfb96","","","https://data.biodiversitydata.nl/naturalis/specimen/RMNH.AVES.260948.c","","","","","","","","","tissue (wet specimen)","","","","","","","","","","",""
"","RMNH.AVES.252899","","","","","","","","","","","https://doi.org/TEST/ZZY-EKA-PPY","Zoology","","8eb31da61889d29a7633ac4bb3061ae8","","","https://doi.org/TEST/ZZY-EKA-PPY","","","","","","","","","","https://ror.org/0566bfb96","","","https://data.biodiversitydata.nl/naturalis/specimen/RMNH.AVES.252899","","","","","","","","","skin (study skin)","","","","","","","","","","",""
"","RMNH.AVES.58046","","","","","","","","","","","https://doi.org/TEST/ZZY-D36-3L4","Zoology","","279608dd522c4069b252c3f05b91f266","","","https://doi.org/TEST/ZZY-D36-3L4","","","","","","","","","","https://ror.org/0566bfb96","","","https://data.biodiversitydata.nl/naturalis/specimen/RMNH.AVES.58046","","","","","","","","","skin (air dried)","","","","","","","","","","",""
"","RMNH.AVES.211568","","","","","","","","","","","https://doi.org/TEST/ZZY-B3Q-24F","Zoology","","90d2f506b10fa0fffbe11694007dbca1","","","https://doi.org/TEST/ZZY-B3Q-24F","","","","","","","","","","https://ror.org/0566bfb96","","","https://data.biodiversitydata.nl/naturalis/specimen/RMNH.AVES.211568","","","","","","","","","skin (study skin)","","","","","","","","","","",""
"","RMNH.AVES.52890","","","","","","","","","","","https://doi.org/TEST/ZZY-B0H-0EJ","Zoology","","6fbe4d7099e7788e2c54151464851152","","","https://doi.org/TEST/ZZY-B0H-0EJ","","","","","","","","","","https://ror.org/0566bfb96","","","https://data.biodiversitydata.nl/naturalis/specimen/RMNH.AVES.52890","","","","","","","","","skin (study skin)","","","","","","","","","","",""
"","RMNH.AVES.4263","","","","","","","","","","","https://doi.org/TEST/ZZY-AZ2-VGG","Zoology","","d8bb90aa62cc044009e2d7a7dadc1fa1","","","https://doi.org/TEST/ZZY-AZ2-VGG","","","","","","","","","","https://ror.org/0566bfb96","","","https://data.biodiversitydata.nl/naturalis/specimen/RMNH.AVES.4263","","","","","","","","","skin (study skin)","","","","","","","","","","",""
"","RMNH.AVES.177951","","","","","","","","","","","https://doi.org/TEST/ZZY-A4N-H2L","Zoology","","ba2507138746e223ab5ddbe51e711f25","","","https://doi.org/TEST/ZZY-A4N-H2L","","","","","","","","","","https://ror.org/0566bfb96","","","https://data.biodiversitydata.nl/naturalis/specimen/RMNH.AVES.177951","","","","","","","","","egg (air dried)","","","","","","","","","","",""
"","ZMA.AVES.39914","","","","","","","","","","","https://doi.org/TEST/ZZX-Y7W-RVZ","Zoology","","8585d7ebeb7fa05c7a92ac4d4ebd2067","","","https://doi.org/TEST/ZZX-Y7W-RVZ","","","","","","","","","","https://ror.org/0566bfb96","","","https://data.biodiversitydata.nl/naturalis/specimen/ZMA.AVES.39914","","","","","","","","","skin (study skin)","","","","","","","","","","",""
"","RMNH.AVES.154818","","","","","","","","","","","https://doi.org/TEST/ZZX-W7L-ZE3","Zoology","","a3c860bbf04dd9d2540bdcc598d80ce0","","","https://doi.org/TEST/ZZX-W7L-ZE3","","","","","","","","","","https://ror.org/0566bfb96","","","https://data.biodiversitydata.nl/naturalis/specimen/RMNH.AVES.154818","","","","","","","","","skin (air dried)","","","","","","","","","","",""
"","RMNH.AVES.72441","","","","","","","","","","","https://doi.org/TEST/ZZX-TC5-KN7","Zoology","","a92ed385f9f43ac2d974e6b208a7b6ce","","","https://doi.org/TEST/ZZX-TC5-KN7","","","","","","","","","","https://ror.org/0566bfb96","","","https://data.biodiversitydata.nl/naturalis/specimen/RMNH.AVES.72441","","","","","","","","","skin (air dried)","","","","","","","","","","",""
"","RMNH.AVES.259619","","","","","","","","","","","https://doi.org/TEST/ZZX-QRB-PAS","Zoology","","4aa46a356e815b6522d70aa76898b4ef","","","https://doi.org/TEST/ZZX-QRB-PAS","","","","","","","","","","https://ror.org/0566bfb96","","","https://data.biodiversitydata.nl/naturalis/specimen/RMNH.AVES.259619","","","","","","","","","egg","","","","","","","","","","",""
"","RMNH.AVES.11006","","","","","","","","","","","https://doi.org/TEST/ZZX-QDR-9M0","Zoology","","84d26f144f49a7cd2418c93826ba185c","","","https://doi.org/TEST/ZZX-QDR-9M0","","","","","","","","","","https://ror.org/0566bfb96","","","https://data.biodiversitydata.nl/naturalis/specimen/RMNH.AVES.11006","","","","","","","","","skin (study skin)","","","","","","","","","","",""
"","ZMA.AVES.1206","","","","","","","","","","","https://doi.org/TEST/ZZX-7KA-BZ3","Zoology","","cea4cf27ac50245fdef43357910b7672","","","https://doi.org/TEST/ZZX-7KA-BZ3","","","","","","","","","","https://ror.org/0566bfb96","","","https://data.biodiversitydata.nl/naturalis/specimen/ZMA.AVES.1206","","","","","","","","","skin (study skin)","","","","","","","","","","",""
"","ZMA.AVES.28059","","","","","","","","","","","https://doi.org/TEST/ZZW-MMT-6HC","Zoology","","41b0a279b1814fb3daa841433de2b04c","","","https://doi.org/TEST/ZZW-MMT-6HC","","","","","","","","","","https://ror.org/0566bfb96","","","https://data.biodiversitydata.nl/naturalis/specimen/ZMA.AVES.28059","","","","","","","","","Wing (study skin)","","","","","","","","","","",""
"","RMNH.AVES.35627","","","","","","","","","","","https://doi.org/TEST/ZZW-LTR-613","Zoology","","94b1db78125921737206e171c043a0c7","","","https://doi.org/TEST/ZZW-LTR-613","","","","","","","","","","https://ror.org/0566bfb96","","","https://data.biodiversitydata.nl/naturalis/specimen/RMNH.AVES.35627","","","","","","","","","skin (study skin)","","","","","","","","","","",""
"","RMNH.AVES.221191","","","","","","","","","","","https://doi.org/TEST/ZZW-LN2-S9G","Zoology","","173cb4dfbdd679e9c5ddfa3afdbf7779","","","https://doi.org/TEST/ZZW-LN2-S9G","","","","","","","","","","https://ror.org/0566bfb96","","","https://data.biodiversitydata.nl/naturalis/specimen/RMNH.AVES.221191","","","","","","","","","skin (study skin)","","","","","","","","","","",""
"","RMNH.AVES.16939","","","","","","","","","","","https://doi.org/TEST/ZZW-CGN-L81","Zoology","","99703eb567edc134d489d6e52c9dedd6","","","https://doi.org/TEST/ZZW-CGN-L81","","","","","","","","","","https://ror.org/0566bfb96","","","https://data.biodiversitydata.nl/naturalis/specimen/RMNH.AVES.16939","","","","","","","","","egg (air dried)","","","","","","","","","","",""
"","RMNH.AVES.213553","","","","","","","","","","","https://doi.org/TEST/ZZW-5EH-52V","Zoology","","abf6408fedf216db9ab5c6078349112c","","","https://doi.org/TEST/ZZW-5EH-52V","","","","","","","","","","https://ror.org/0566bfb96","","","https://data.biodiversitydata.nl/naturalis/specimen/RMNH.AVES.213553","","","","","","","","","skin (mounted skin)","","","","","","","","","","",""
"","RMNH.AVES.29745","","","","","","","","","","","https://doi.org/TEST/ZZW-4JD-BWE","Zoology","","bb52bd5629c2917dfaa2a1671e3e776d","","","https://doi.org/TEST/ZZW-4JD-BWE","","","","","","","","","","https://ror.org/0566bfb96","","","https://data.biodiversitydata.nl/naturalis/specimen/RMNH.AVES.29745","","","","","","","","","skin (study skin)","","","","","","","","","","",""
"","ZMA.AVES.50624","","","","","","","","","","","https://doi.org/TEST/ZZV-NXW-97Y","Zoology","","404d8eefc0862b7d00330e23f90bc8a9","","","https://doi.org/TEST/ZZV-NXW-97Y","","","","","","","","","","https://ror.org/0566bfb96","","","https://data.biodiversitydata.nl/naturalis/specimen/ZMA.AVES.50624","","","","","","","","","egg (air dried)","","","","","","","","","","",""
"","RMNH.AVES.57315","","","","","","","","","","","https://doi.org/TEST/ZZV-LK6-256","Zoology","","31828be4c843d60b530b97310d656e02","","","https://doi.org/TEST/ZZV-LK6-256","","","","","","","","","","https://ror.org/0566bfb96","","","https://data.biodiversitydata.nl/naturalis/specimen/RMNH.AVES.57315","","","","","","","","","skin (air dried)","","","","","","","","","","",""
"","RMNH.AVES.179103","","","","","","","","","","","https://doi.org/TEST/ZZV-DDZ-J71","Zoology","","7a77831ca3dee876c763396b45505ea8","","","https://doi.org/TEST/ZZV-DDZ-J71","","","","","","","","","","https://ror.org/0566bfb96","","","https://data.biodiversitydata.nl/naturalis/specimen/RMNH.AVES.179103","","","","","","","","","egg (air dried)","","","","","","","","","","",""
"","RMNH.AVES.59634","","","","","","","","","","","https://doi.org/TEST/ZZV-8ZR-B2B","Zoology","","339bbc1975ad00872d59f1a0f528dc4d","","","https://doi.org/TEST/ZZV-8ZR-B2B","","","","","","","","","","https://ror.org/0566bfb96","","","https://data.biodiversitydata.nl/naturalis/specimen/RMNH.AVES.59634","","","","","","","","","skin (air dried)","","","","","","","","","","",""
"","ZMA.AVES.56257","","","","","","","","","","","https://doi.org/TEST/ZZV-2RM-3CL","Zoology","","a31050de4ff84fe3ff67702ee7d58114","","","https://doi.org/TEST/ZZV-2RM-3CL","","","","","","","","","","https://ror.org/0566bfb96","","","https://data.biodiversitydata.nl/naturalis/specimen/ZMA.AVES.56257","","","","","","","","","skin (mounted skin)","","","","","","","","","","",""
"","RMNH.AVES.161316","","","","","","","","","","","https://doi.org/TEST/ZZV-274-201","Zoology","","c929ec6206c06377529e562b328c524a","","","https://doi.org/TEST/ZZV-274-201","","","","","","","","","","https://ror.org/0566bfb96","","","https://data.biodiversitydata.nl/naturalis/specimen/RMNH.AVES.161316","","","","","","","","","skin (air dried)","","","","","","","","","","",""
"","ZMA.AVES.50950","","","","","","","","","","","https://doi.org/TEST/ZZT-X6M-FZH","Zoology","","03ae6ddd88c41ee51a96cdd0c90ee559","","","https://doi.org/TEST/ZZT-X6M-FZH","","","","","","","","","","https://ror.org/0566bfb96","","","https://data.biodiversitydata.nl/naturalis/specimen/ZMA.AVES.50950","","","","","","","","","egg (air dried)","","","","","","","","","","",""
"","RMNH.5092444.b","","","","","","","","","","","https://doi.org/TEST/ZZT-WX8-6NV","Zoology","","cc326371e998110c4096d76ca0efb4f5","","","https://doi.org/TEST/ZZT-WX8-6NV","","","","","","","","","","https://ror.org/0566bfb96","","","https://data.biodiversitydata.nl/naturalis/specimen/RMNH.5092444.b","","","","","","","","","Wing (study skin)","","","","","","","","","","",""
"","RMNH.AVES.135228","","","","","","","","","","","https://doi.org/TEST/ZZT-VPF-77F","Zoology","","5a0258e86bffeb0258b3a66393066a9c","","","https://doi.org/TEST/ZZT-VPF-77F","","","","","","","","","","https://ror.org/0566bfb96","","","https://data.biodiversitydata.nl/naturalis/specimen/RMNH.AVES.135228","","","","","","","","","skin (air dried)","","","","","","","","","","",""
"","RMNH.AVES.86161","","","","","","","","","","","https://doi.org/TEST/ZZT-T3P-V5T","Zoology","","d24e37e7d260046f7e936432296c2f17","","","https://doi.org/TEST/ZZT-T3P-V5T","","","","","","","","","","https://ror.org/0566bfb96","","","https://data.biodiversitydata.nl/naturalis/specimen/RMNH.AVES.86161","","","","","","","","","skin (air dried)","","","","","","","","","","",""
"","ZMA.AVES.63838","","","","","","","","","","","https://doi.org/TEST/ZZT-NR4-CYW","Zoology","","03ae6ddd88c41ee51a96cdd0c90ee559","","","https://doi.org/TEST/ZZT-NR4-CYW","","","","","","","","","","https://ror.org/0566bfb96","","","https://data.biodiversitydata.nl/naturalis/specimen/ZMA.AVES.63838","","","","","","","","","egg (air dried)","","","","","","","","","","",""
"","ZMA.AVES.47768","","","","","","","","","","","https://doi.org/TEST/ZZT-NAK-L9K","Zoology","","5763782b995655203770accbe0626e2b","","","https://doi.org/TEST/ZZT-NAK-L9K","","","","","","","","","","https://ror.org/0566bfb96","","","https://data.biodiversitydata.nl/naturalis/specimen/ZMA.AVES.47768","","","","","","","","","skin (study skin)","","","","","","","","","","",""
"","RMNH.AVES.228827","","","","","","","","","","","https://doi.org/TEST/ZZT-DQN-9X5","Zoology","","2219477fc4d0892f8dff141c1033bbbc","","","https://doi.org/TEST/ZZT-DQN-9X5","","","","","","","","","","https://ror.org/0566bfb96","","","https://data.biodiversitydata.nl/naturalis/specimen/RMNH.AVES.228827","","","","","","","","","skin (study skin)","","","","","","","","","","",""
"","RMNH.AVES.188539","","","","","","","","","","","https://doi.org/TEST/ZZT-DE1-9G3","Zoology","","4aa46a356e815b6522d70aa76898b4ef","","","https://doi.org/TEST/ZZT-DE1-9G3","","","","","","","","","","https://ror.org/0566bfb96","","","https://data.biodiversitydata.nl/naturalis/specimen/RMNH.AVES.188539","","","","","","","","","skin (study skin)","","","","","","","","","","",""
"","RMNH.AVES.34528","","","","","","","","","","","https://doi.org/TEST/ZZT-B47-Q6Q","Zoology","","046d54b6d57334a744d69115d209ced7","","","https://doi.org/TEST/ZZT-B47-Q6Q","","","","","","","","","","https://ror.org/0566bfb96","","","https://data.biodiversitydata.nl/naturalis/specimen/RMNH.AVES.34528","","","","","","","","","skin (air dried)","","","","","","","","","","",""
"","RMNH.5092347.a","","","","","","","","","","","https://doi.org/TEST/ZZT-4AV-R1J","Zoology","","9fc1941a02ae812d286f414ec3ffad8d","","","https://doi.org/TEST/ZZT-4AV-R1J","","","","","","","","","","https://ror.org/0566bfb96","","","https://data.biodiversitydata.nl/naturalis/specimen/RMNH.5092347.a","","","","","","","","","skin (study skin)","","","","","","","","","","",""
"","RMNH.AVES.156840","","","","","","","","","","","https://doi.org/TEST/ZZT-248-H0T","Zoology","","d9a1020a7a2630ce93da750c775a56c4","","","https://doi.org/TEST/ZZT-248-H0T","","","","","","","","","","https://ror.org/0566bfb96","","","https://data.biodiversitydata.nl/naturalis/specimen/RMNH.AVES.156840","","","","","","","","","skin (air dried)","","","","","","","","","","",""
"","RMNH.AVES.72028","","","","","","","","","","","https://doi.org/TEST/ZZS-W05-701","Zoology","","940498fbc399d42943d9a1c9e6f0d62b","","","https://doi.org/TEST/ZZS-W05-701","","","","","","","","","","https://ror.org/0566bfb96","","","https://data.biodiversitydata.nl/naturalis/specimen/RMNH.AVES.72028","","","","","","","","","skin (air dried)","","","","","","","","","","",""
"","RMNH.AVES.207363","","","","","","","","","","","https://doi.org/TEST/ZZS-VPV-VB5","Zoology","","c80f248c05df4a723182c2a59815f372","","","https://doi.org/TEST/ZZS-VPV-VB5","","","","","","","","","","https://ror.org/0566bfb96","","","https://data.biodiversitydata.nl/naturalis/specimen/RMNH.AVES.207363","","","","","","","","","skin (mounted skin)","","","","","","","","","","",""
"","RMNH.AVES.140023","","","","","","","","","","","https://doi.org/TEST/ZZS-KCC-XT3","Zoology","","e8a3a59cd91cfd3d644adae08ef437b6","","","https://doi.org/TEST/ZZS-KCC-XT3","","","","","","","","","","https://ror.org/0566bfb96","","","https://data.biodiversitydata.nl/naturalis/specimen/RMNH.AVES.140023","","","","","","","","","skin (air dried)","","","","","","","","","","",""
"","RMNH.AVES.171448","","","","","","","","","","","https://doi.org/TEST/ZZS-KBB-7T7","Zoology","","eee83c90734b4f42284b9080a568f5c0","","","https://doi.org/TEST/ZZS-KBB-7T7","","","","","","","","","","https://ror.org/0566bfb96","","","https://data.biodiversitydata.nl/naturalis/specimen/RMNH.AVES.171448","","","","","","","","","skin (mounted skin)","","","","","","","","","","",""
"","ZMA.AVES.41941","","","","","","","","","","","https://doi.org/TEST/ZZS-7YY-RNV","Zoology","","3e06070ed18e7ee2d8e1a7535967584f","","","https://doi.org/TEST/ZZS-7YY-RNV","","","","","","","","","","https://ror.org/0566bfb96","","","https://data.biodiversitydata.nl/naturalis/specimen/ZMA.AVES.41941","","","","","","","","","skin (study skin)","","","","","","","","","","",""
"","RMNH.AVES.120368","","","","","","","","","","","https://doi.org/TEST/ZZS-7CB-WSX","Zoology","","8c269a8372c6ae04f5db824856867a76","","","https://doi.org/TEST/ZZS-7CB-WSX","","","","","","","","","","https://ror.org/0566bfb96","","","https://data.biodiversitydata.nl/naturalis/specimen/RMNH.AVES.120368","","","","","","","","","skin (air dried)","","","","","","","","","","",""
"","RMNH.AVES.132918","","","","","","","","","","","https://doi.org/TEST/ZZS-4S4-C4E","Zoology","","ded57904e7df9e6aedffef38b3ffa8cc","","","https://doi.org/TEST/ZZS-4S4-C4E","","","","","","","","","","https://ror.org/0566bfb96","","","https://data.biodiversitydata.nl/naturalis/specimen/RMNH.AVES.132918","","","","","","","","","skin (air dried)","","","","","","","","","","",""
"","RMNH.AVES.172987","","","","","","","","","","","https://doi.org/TEST/ZZS-0W2-B22","Zoology","","36e69cbcfd438ed00961af691cf80c1a","","","https://doi.org/TEST/ZZS-0W2-B22","","","","","","","","","","https://ror.org/0566bfb96","","","https://data.biodiversitydata.nl/naturalis/specimen/RMNH.AVES.172987","","","","","","","","","skin (mounted skin)","","","","","","","","","","",""
"","RMNH.AVES.78474","","","","","","","","","","","https://doi.org/TEST/ZZS-0PA-P9M","Zoology","","0099e041d42cdbd87f592f71b2f3a49e","","","https://doi.org/TEST/ZZS-0PA-P9M","","","","","","","","","","https://ror.org/0566bfb96","","","https://data.biodiversitydata.nl/naturalis/specimen/RMNH.AVES.78474","","","","","","","","","egg (air dried)","","","","","","","","","","",""
"","ZMA.AVES.57443","","","","","","","","","","","https://doi.org/TEST/ZZR-XQ2-EQX","Zoology","","103fbf635aac50b129f38c17a6aafe87","","","https://doi.org/TEST/ZZR-XQ2-EQX","","","","","","","","","","https://ror.org/0566bfb96","","","https://data.biodiversitydata.nl/naturalis/specimen/ZMA.AVES.57443","","","","","","","","","skin (study skin)","","","","","","","","","","",""
"","RMNH.AVES.220138","","","","","","","","","","","https://doi.org/TEST/ZZR-XBC-W7L","Zoology","","2fade5c74c527de347721fd9d67d3c01","","","https://doi.org/TEST/ZZR-XBC-W7L","","","","","","","","","","https://ror.org/0566bfb96","","","https://data.biodiversitydata.nl/naturalis/specimen/RMNH.AVES.220138","","","","","","","","","skin (study skin)","","","","","","","","","","",""
"","ZMA.AVES.12672","","","","","","","","","","","https://doi.org/TEST/ZZR-X01-P29","Zoology","","3cc223d07a917dea0c4a5bea0f9daaf0","","","https://doi.org/TEST/ZZR-X01-P29","","","","","","","","","","https://ror.org/0566bfb96","","","https://data.biodiversitydata.nl/naturalis/specimen/ZMA.AVES.12672","","","","","","","","","skin (study skin)","","","","","","","","","","",""
"","ZMA.AVES.30393","","","","","","","","","","","https://doi.org/TEST/ZZR-W17-PYE","Zoology","","41cb555fbcbb933e0bc791db3ea5c327","","","https://doi.org/TEST/ZZR-W17-PYE","","","","","","","","","","https://ror.org/0566bfb96","","","https://data.biodiversitydata.nl/naturalis/specimen/ZMA.AVES.30393","","","","","","","","","skin (study skin)","","","","","","","","","","",""
"","RMNH.AVES.15160","","","","","","","","","","","https://doi.org/TEST/ZZR-VPK-4AX","Zoology","","19643a925e8668048f30f08d1e9441dd","","","https://doi.org/TEST/ZZR-VPK-4AX","","","","","","","","","","https://ror.org/0566bfb96","","","https://data.biodiversitydata.nl/naturalis/specimen/RMNH.AVES.15160","","","","","","","","","skin (study skin)","","","","","","","","","","",""
"","RMNH.AVES.210848","","","","","","","","","","","https://doi.org/TEST/ZZR-N40-WRD","Zoology","","0db4a93610821fa279ab08762fbec005","","","https://doi.org/TEST/ZZR-N40-WRD","","","","","","","","","","https://ror.org/0566bfb96","","","https://data.biodiversitydata.nl/naturalis/specimen/RMNH.AVES.210848","","","","","","","","","skin (mounted skin)","","","","","","","","","","",""
"","RMNH.AVES.202476","","","","","","","","","","","https://doi.org/TEST/ZZR-LBB-VGW","Zoology","","15780dcfd21e844ea53e624754045022","","","https://doi.org/TEST/ZZR-LBB-VGW","","","","","","","","","","https://ror.org/0566bfb96","","","https://data.biodiversitydata.nl/naturalis/specimen/RMNH.AVES.202476","","","","","","","","","skin (study skin)","","","","","","","","","","",""
"","RMNH.AVES.223763","","","","","","","","","","","https://doi.org/TEST/ZZR-JAT-BHF","Zoology","","defd3ed020ebf22180e9b27fa2071562","","","https://doi.org/TEST/ZZR-JAT-BHF","","","","","","","","","","https://ror.org/0566bfb96","","","https://data.biodiversitydata.nl/naturalis/specimen/RMNH.AVES.223763","","","","","","","","","skin (study skin)","","","","","","","","","","",""
"","RMNH.AVES.232675","","","","","","","","","","","https://doi.org/TEST/ZZR-J3E-TGC","Zoology","","1b2b336972bd01bd465a201483efbe9b","","","https://doi.org/TEST/ZZR-J3E-TGC","","","","","","","","","","https://ror.org/0566bfb96","","","https://data.biodiversitydata.nl/naturalis/specimen/RMNH.AVES.232675","","","","","","","","","skin (study skin)","","","","","","","","","","",""
"","RMNH.AVES.11449","","","","","","","","","","","https://doi.org/TEST/ZZR-HCY-S89","Zoology","","d847aea62da37d5f3bc3921b52ae8b7a","","","https://doi.org/TEST/ZZR-HCY-S89","","","","","","","","","","https://ror.org/0566bfb96","","","https://data.biodiversitydata.nl/naturalis/specimen/RMNH.AVES.11449","","","","","","","","","skull (skeletonized)","","","","","","","","","","",""
"","RMNH.AVES.146776","","","","","","","","","","","https://doi.org/TEST/ZZR-D22-SLP","Zoology","","360ea9dd67883dba8a1178de7b108f54","","","https://doi.org/TEST/ZZR-D22-SLP","","","","","","","","","","https://ror.org/0566bfb96","","","https://data.biodiversitydata.nl/naturalis/specimen/RMNH.AVES.146776","","","","","","","","","skin (air dried)","","","","","","","","","","",""
"","RMNH.AVES.170652","","","","","","","","","","","https://doi.org/TEST/ZZR-5HM-JK5","Zoology","","0a71e4d52a8ac01ceffe9c4b0b3b1399","","","https://doi.org/TEST/ZZR-5HM-JK5","","","","","","","","","","https://ror.org/0566bfb96","","","https://data.biodiversitydata.nl/naturalis/specimen/RMNH.AVES.170652","","","","","","","","","skin (mounted skin)","","","","","","","","","","",""
"","RMNH.AVES.224338","","","","","","","","","","","https://doi.org/TEST/ZZR-3P0-CEY","Zoology","","dcfea43936ab4d46c151c6466f448532","","","https://doi.org/TEST/ZZR-3P0-CEY","","","","","","","","","","https://ror.org/0566bfb96","","","https://data.biodiversitydata.nl/naturalis/specimen/RMNH.AVES.224338","","","","","","","","","skin (study skin)","","","","","","","","","","",""
"","RMNH.AVES.47607","","","","","","","","","","","https://doi.org/TEST/ZZQ-RT5-6HT","Zoology","","eb88d8704c950c32a553ce0a34eeb677","","","https://doi.org/TEST/ZZQ-RT5-6HT","","","","","","","","","","https://ror.org/0566bfb96","","","https://data.biodiversitydata.nl/naturalis/specimen/RMNH.AVES.47607","","","","","","","","","skin (study skin)","","","","","","","","","","",""
"","ZMA.AVES.54107","","","","","","","","","","","https://doi.org/TEST/ZZQ-MKN-7ZB","Zoology","","f1131e9c202b8fc02d70270d110434b2","","","https://doi.org/TEST/ZZQ-MKN-7ZB","","","","","","","","","","https://ror.org/0566bfb96","","","https://data.biodiversitydata.nl/naturalis/specimen/ZMA.AVES.54107","","","","","","","","","skin (mounted skin)","","","","","","","","","","",""
"","RMNH.AVES.9141","","","","","","","","","","","https://doi.org/TEST/ZZQ-LSP-M4C","Zoology","","cf1ad194c3983683915566ebd8fef6b1","","","https://doi.org/TEST/ZZQ-LSP-M4C","","","","","","","","","","https://ror.org/0566bfb96","","","https://data.biodiversitydata.nl/naturalis/specimen/RMNH.AVES.9141","","","","","","","","","skin (study skin)","","","","","","","","","","",""
"","RMNH.AVES.17937","","","","","","","","","","","https://doi.org/TEST/ZZQ-HKB-LEG","Zoology","","00ebe126f6b443c0843defaac6686805","","","https://doi.org/TEST/ZZQ-HKB-LEG","","","","","","","","","","https://ror.org/0566bfb96","","","https://data.biodiversitydata.nl/naturalis/specimen/RMNH.AVES.17937","","","","","","","","","egg (air dried)","","","","","","","","","","",""
"","RMNH.AVES.198467","","","","","","","","","","","https://doi.org/TEST/ZZQ-FHG-WGC","Zoology","","6924d983ea9dccab0e59246ec9f8e719","","","https://doi.org/TEST/ZZQ-FHG-WGC","","","","","","","","","","https://ror.org/0566bfb96","","","https://data.biodiversitydata.nl/naturalis/specimen/RMNH.AVES.198467","","","","","","","","","skin (mounted skin)","","","","","","","","","","",""
"","RMNH.AVES.126660","","","","","","","","","","","https://doi.org/TEST/ZZQ-BH7-T4H","Zoology","","054fa3dcc2fe7a2925fc83104ec349a4","","","https://doi.org/TEST/ZZQ-BH7-T4H","","","","","","","","","","https://ror.org/0566bfb96","","","https://data.biodiversitydata.nl/naturalis/specimen/RMNH.AVES.126660","","","","","","","","","skin (air dried)","","","","","","","","","","",""
"","RMNH.AVES.98105","","","","","","","","","","","https://doi.org/TEST/ZZQ-9LV-22Z","Zoology","","d7074d01be791a650e289839547604bf","","","https://doi.org/TEST/ZZQ-9LV-22Z","","","","","","","","","","https://ror.org/0566bfb96","","","https://data.biodiversitydata.nl/naturalis/specimen/RMNH.AVES.98105","","","","","","","","","skin (air dried)","","","","","","","","","","",""
"","RMNH.AVES.48135","","","","","","","","","","","https://doi.org/TEST/ZZP-P1A-DPM","Zoology","","f1b997bb7458f5a71895228366d4ad4e","","","https://doi.org/TEST/ZZP-P1A-DPM","","","","","","","","","","https://ror.org/0566bfb96","","","https://data.biodiversitydata.nl/naturalis/specimen/RMNH.AVES.48135","","","","","","","","","skin (air dried)","","","","","","","","","","",""
"","ZMA.AVES.59285","","","","","","","","","","","https://doi.org/TEST/ZZP-HW5-NQ6","Zoology","","6ea2167783eac2047208121e6956303a","","","https://doi.org/TEST/ZZP-HW5-NQ6","","","","","","","","","","https://ror.org/0566bfb96","","","https://data.biodiversitydata.nl/naturalis/specimen/ZMA.AVES.59285","","","","","","","","","skin (study skin)","","","","","","","","","","",""
"","RMNH.AVES.147655","","","","","","","","","","","https://doi.org/TEST/ZZP-ENY-XBE","Zoology","","79f522aad6f0cb386072416ef9f54d35","","","https://doi.org/TEST/ZZP-ENY-XBE","","","","","","","","","","https://ror.org/0566bfb96","","","https://data.biodiversitydata.nl/naturalis/specimen/RMNH.AVES.147655","","","","","","","","","skin (air dried)","","","","","","","","","","",""
"","RMNH.AVES.176672","","","","","","","","","","","https://doi.org/TEST/ZZP-7PQ-BSS","Zoology","","b86a2e2f2789e331bd329c0089578f1f","","","https://doi.org/TEST/ZZP-7PQ-BSS","","","","","","","","","","https://ror.org/0566bfb96","","","https://data.biodiversitydata.nl/naturalis/specimen/RMNH.AVES.176672","","","","","","","","","egg (air dried)","","","","","","","","","","",""
"","RMNH.AVES.56975","","","","","","","","","","","https://doi.org/TEST/ZZP-6SA-9XH","Zoology","","38aa865d632cedadbd870867b4d11fec","","","https://doi.org/TEST/ZZP-6SA-9XH","","","","","","","","","","https://ror.org/0566bfb96","","","https://data.biodiversitydata.nl/naturalis/specimen/RMNH.AVES.56975","","","","","","","","","skin (air dried)","","","","","","","","","","",""
"","RMNH.AVES.55236","","","","","","","","","","","https://doi.org/TEST/ZZN-TFW-5A2","Zoology","","4aa46a356e815b6522d70aa76898b4ef","","","https://doi.org/TEST/ZZN-TFW-5A2","","","","","","","","","","https://ror.org/0566bfb96","","","https://data.biodiversitydata.nl/naturalis/specimen/RMNH.AVES.55236","","","","","","","","","skin (study skin)","","","","","","","","","","",""
"","ZMA.AVES.39356","","","","","","","","","","","https://doi.org/TEST/ZZN-Q7Q-ACJ","Zoology","","0bca063051b0c3c486cad57dfd7885b8","","","https://doi.org/TEST/ZZN-Q7Q-ACJ","","","","","","","","","","https://ror.org/0566bfb96","","","https://data.biodiversitydata.nl/naturalis/specimen/ZMA.AVES.39356","","","","","","","","","skin (part) (flat skin)","","","","","","","","","","",""
"","RMNH.AVES.216677","","","","","","","","","","","https://doi.org/TEST/ZZN-GRT-G68","Zoology","","f7f38967e0b598f5c03900a2e67890e9","","","https://doi.org/TEST/ZZN-GRT-G68","","","","","","","","","","https://ror.org/0566bfb96","","","https://data.biodiversitydata.nl/naturalis/specimen/RMNH.AVES.216677","","","","","","","","","skin (study skin)","","","","","","","","","","",""
"","RMNH.AVES.28242","","","","","","","","","","","https://doi.org/TEST/ZZN-473-62Q","Zoology","","e8b487c5736876fc268553e033dcc774","","","https://doi.org/TEST/ZZN-473-62Q","","","","","","","","","","https://ror.org/0566bfb96","","","https://data.biodiversitydata.nl/naturalis/specimen/RMNH.AVES.28242","","","","","","","","","egg (air dried)","","","","","","","","","","",""
"","RMNH.AVES.24254","","","","","","","","","","","https://doi.org/TEST/ZZN-1F4-DEJ","Zoology","","c8618f539c26700bcebb01dd3f0c2381","","","https://doi.org/TEST/ZZN-1F4-DEJ","","","","","","","","","","https://ror.org/0566bfb96","","","https://data.biodiversitydata.nl/naturalis/specimen/RMNH.AVES.24254","","","","","","","","","skin (air dried)","","","","","","","","","","",""
"","ZMA.AVES.64480","","","","","","","","","","","https://doi.org/TEST/ZZN-07E-E9M","Zoology","","cb3ff2a0a627e05aeec0f0cedad11474","","","https://doi.org/TEST/ZZN-07E-E9M","","","","","","","","","","https://ror.org/0566bfb96","","","https://data.biodiversitydata.nl/naturalis/specimen/ZMA.AVES.64480","","","","","","","","","feather","","","","","","","","","","",""
"","RMNH.AVES.23934","","","","","","","","","","","https://doi.org/TEST/ZZM-ZY9-PT6","Zoology","","1bfa23a73af2e711e8d8196c9e7e6127","","","https://doi.org/TEST/ZZM-ZY9-PT6","","","","","","","","","","https://ror.org/0566bfb96","","","https://data.biodiversitydata.nl/naturalis/specimen/RMNH.AVES.23934","","","","","","","","","nest","","","","","","","","","","",""
"","ZMA.AVES.4560","","","","","","","","","","","https://doi.org/TEST/ZZM-NWY-TMD","Zoology","","e49249c5b9f7a183b7b30e45c12935b7","","","https://doi.org/TEST/ZZM-NWY-TMD","","","","","","","","","","https://ror.org/0566bfb96","","","https://data.biodiversitydata.nl/naturalis/specimen/ZMA.AVES.4560","","","","","","","","","skin (study skin)","","","","","","","","","","",""
"","RMNH.AVES.100878","","","","","","","","","","","https://doi.org/TEST/ZZM-FYK-593","Zoology","","31cbb3b63ff3c910cb3cd93561ec4bf0","","","https://doi.org/TEST/ZZM-FYK-593","","","","","","","","","","https://ror.org/0566bfb96","","","https://data.biodiversitydata.nl/naturalis/specimen/RMNH.AVES.100878","","","","","","","","","skin (mounted skin)","","","","","","","","","","",""
"","RMNH.AVES.89301","","","","","","","","","","","https://doi.org/TEST/ZZM-FC7-1GR","Zoology","","36792f1ac96137e72d4ce7eea8b34281","","","https://doi.org/TEST/ZZM-FC7-1GR","","","","","","","","","","https://ror.org/0566bfb96","","","https://data.biodiversitydata.nl/naturalis/specimen/RMNH.AVES.89301","","","","","","","","","skin (mounted skin)","","","","","","","","","","",""
"","ZMA.AVES.35006","","","","","","","","","","","https://doi.org/TEST/ZZM-C1X-N82","Zoology","","70664b1c36991de268ac7a3cf45c024e","","","https://doi.org/TEST/ZZM-C1X-N82","","","","","","","","","","https://ror.org/0566bfb96","","","https://data.biodiversitydata.nl/naturalis/specimen/ZMA.AVES.35006","","","","","","","","","Wing (study skin)","","","","","","","","","","",""
"","RMNH.AVES.18560","","","","","","","","","","","https://doi.org/TEST/ZZM-9GC-6DH","Zoology","","eb780d0b40012898f8ca773c4c0bc343","","","https://doi.org/TEST/ZZM-9GC-6DH","","","","","","","","","","https://ror.org/0566bfb96","","","https://data.biodiversitydata.nl/naturalis/specimen/RMNH.AVES.18560","","","","","","","","","skin (air dried)","","","","","","","","","","",""
"","RMNH.AVES.233147","","","","","","","","","","","https://doi.org/TEST/ZZM-8E8-DXW","Zoology","","aebe9f18a1a65cf76e6dbe3ace33831d","","","https://doi.org/TEST/ZZM-8E8-DXW","","","","","","","","","","https://ror.org/0566bfb96","","","https://data.biodiversitydata.nl/naturalis/specimen/RMNH.AVES.233147","","","","","","","","","skin (study skin)","","","","","","","","","","",""
"","RMNH.AVES.156018","","","","","","","","","","","https://doi.org/TEST/ZZL-VXJ-148","Zoology","","78cb3f919791822ca24c904eab0a2844","","","https://doi.org/TEST/ZZL-VXJ-148","","","","","","","","","","https://ror.org/0566bfb96","","","https://data.biodiversitydata.nl/naturalis/specimen/RMNH.AVES.156018","","","","","","","","","skin (study skin)","","","","","","","","","","",""
"","ZMA.AVES.47185","","","","","","","","","","","https://doi.org/TEST/ZZL-M8Q-YMA","Zoology","","3553f42b99b69c2e99194882ee03bc1c","","","https://doi.org/TEST/ZZL-M8Q-YMA","","","","","","","","","","https://ror.org/0566bfb96","","","https://data.biodiversitydata.nl/naturalis/specimen/ZMA.AVES.47185","","","","","","","","","skin (study skin)","","","","","","","","","","",""
"","RMNH.AVES.33281","","","","","","","","","","","https://doi.org/TEST/ZZL-GHG-FPM","Zoology","","31af408bde94df3439d77a05e15bcdbd","","","https://doi.org/TEST/ZZL-GHG-FPM","","","","","","","","","","https://ror.org/0566bfb96","","","https://data.biodiversitydata.nl/naturalis/specimen/RMNH.AVES.33281","","","","","","","","","skin (air dried)","","","","","","","","","","",""
"","RMNH.AVES.24500","","","","","","","","","","","https://doi.org/TEST/ZZL-679-JG8","Zoology","","bc90e44e1c8f9c4f7d8155f254fe4633","","","https://doi.org/TEST/ZZL-679-JG8","","","","","","","","","","https://ror.org/0566bfb96","","","https://data.biodiversitydata.nl/naturalis/specimen/RMNH.AVES.24500","","","","","","","","","skin (study skin)","","","","","","","","","","",""
"","RMNH.AVES.131995","","","","","","","","","","","https://doi.org/TEST/ZZL-1P4-6CQ","Zoology","","1aa192575be54ed71b247bd8385f6f70","","","https://doi.org/TEST/ZZL-1P4-6CQ","","","","","","","","","","https://ror.org/0566bfb96","","","https://data.biodiversitydata.nl/naturalis/specimen/RMNH.AVES.131995","","","","","","","","","skin (air dried)","","","","","","","","","","",""
"","RMNH.AVES.71101.a","","","","","","","","","","","https://doi.org/TEST/ZZL-1DL-AS9","Zoology","","41bfd7b6fdeb0c7cf590a570f2e18b6f","","","https://doi.org/TEST/ZZL-1DL-AS9","","","","","","","","","","https://ror.org/0566bfb96","","","https://data.biodiversitydata.nl/naturalis/specimen/RMNH.AVES.71101.a","","","","","","","","","egg (air dried)","","","","","","","","","","",""
"","RMNH.AVES.131263","","","","","","","","","","","https://doi.org/TEST/ZZK-YYM-X4W","Zoology","","fb35f1e8567855fff9cdf47cfd639a4c","","","https://doi.org/TEST/ZZK-YYM-X4W","","","","","","","","","","https://ror.org/0566bfb96","","","https://data.biodiversitydata.nl/naturalis/specimen/RMNH.AVES.131263","","","","","","","","","skin (air dried)","","","","","","","","","","",""
"","RMNH.AVES.5782","","","","","","","","","","","https://doi.org/TEST/ZZK-YJS-P3E","Zoology","","132d85853d6b0d6c0f69fdb72a2de198","","","https://doi.org/TEST/ZZK-YJS-P3E","","","","","","","","","","https://ror.org/0566bfb96","","","https://data.biodiversitydata.nl/naturalis/specimen/RMNH.AVES.5782","","","","","","","","","skin (study skin)","","","","","","","","","","",""
"","RMNH.AVES.102192","","","","","","","","","","","https://doi.org/TEST/ZZK-AG1-P8S","Zoology","","ceb0c866dfefa82e212e1dca295b04b2","","","https://doi.org/TEST/ZZK-AG1-P8S","","","","","","","","","","https://ror.org/0566bfb96","","","https://data.biodiversitydata.nl/naturalis/specimen/RMNH.AVES.102192","","","","","","","","","skin (mounted skin)","","","","","","","","","","",""
"","RMNH.AVES.93191","","","","","","","","","","","https://doi.org/TEST/ZZK-1MZ-QA8","Zoology","","5d2c2f5dfe222539e88f9b775d2c4f1d","","","https://doi.org/TEST/ZZK-1MZ-QA8","","","","","","","","","","https://ror.org/0566bfb96","","","https://data.biodiversitydata.nl/naturalis/specimen/RMNH.AVES.93191","","","","","","","","","skin (air dried)","","","","","","","","","","",""
"","RMNH.AVES.16147.b","","","","","","","","","","","https://doi.org/TEST/ZZK-17A-91R","Zoology","","60690bf3c6e307d916a21e3db8c4ec92","","","https://doi.org/TEST/ZZK-17A-91R","","","","","","","","","","https://ror.org/0566bfb96","","","https://data.biodiversitydata.nl/naturalis/specimen/RMNH.AVES.16147.b","","","","","","","","","nest (air dried)","","","","","","","","","","",""
"","ZMA.AVES.38771","","","","","","","","","","","https://doi.org/TEST/ZZJ-Z7P-KRS","Zoology","","e396d5d57a8eab68d2d2be5ede061230","","","https://doi.org/TEST/ZZJ-Z7P-KRS","","","","","","","","","","https://ror.org/0566bfb96","","","https://data.biodiversitydata.nl/naturalis/specimen/ZMA.AVES.38771","","","","","","","","","skin (study skin)","","","","","","","","","","",""
"","RMNH.AVES.161861","","","","","","","","","","","https://doi.org/TEST/ZZJ-PWA-KXP","Zoology","","9786c9537a1e9259e73a969dd475bc55","","","https://doi.org/TEST/ZZJ-PWA-KXP","","","","","","","","","","https://ror.org/0566bfb96","","","https://data.biodiversitydata.nl/naturalis/specimen/RMNH.AVES.161861","","","","","","","","","skin (study skin)","","","","","","","","","","",""
"","RMNH.AVES.107361","","","","","","","","","","","https://doi.org/TEST/ZZJ-NYH-317","Zoology","","d52d67154bf85f4ee23394034ccb78b5","","","https://doi.org/TEST/ZZJ-NYH-317","","","","","","","","","","https://ror.org/0566bfb96","","","https://data.biodiversitydata.nl/naturalis/specimen/RMNH.AVES.107361","","","","","","","","","skin","","","","","","","","","","",""
"","RMNH.AVES.205463","","","","","","","","","","","https://doi.org/TEST/ZZJ-NPT-22A","Zoology","","10e650dcba8c70e2222020351ed89a12","","","https://doi.org/TEST/ZZJ-NPT-22A","","","","","","","","","","https://ror.org/0566bfb96","","","https://data.biodiversitydata.nl/naturalis/specimen/RMNH.AVES.205463","","","","","","","","","skin (mounted skin)","","","","","","","","","","",""
"","RMNH.AVES.92316","","","","","","","","","","","https://doi.org/TEST/ZZJ-LXF-69M","Zoology","","081ad02d5b8977d8a54eeccbb92ec866","","","https://doi.org/TEST/ZZJ-LXF-69M","","","","","","","","","","https://ror.org/0566bfb96","","","https://data.biodiversitydata.nl/naturalis/specimen/RMNH.AVES.92316","","","","","","","","","skin (air dried)","","","","","","","","","","",""
"","RMNH.AVES.156767","","","","","","","","","","","https://doi.org/TEST/ZZJ-AMV-KKA","Zoology","","dc75da07c0ac72eb401dda7e15ebba55","","","https://doi.org/TEST/ZZJ-AMV-KKA","","","","","","","","","","https://ror.org/0566bfb96","","","https://data.biodiversitydata.nl/naturalis/specimen/RMNH.AVES.156767","","","","","","","","","skeleton (whole) (skeletonized)","","","","","","","","","","",""
"","ZMA.AVES.12416","","","","","","","","","","","https://doi.org/TEST/ZZJ-7JV-0SQ","Zoology","","2783d19a8cc7ed0200a70df7acaaec3d","","","https://doi.org/TEST/ZZJ-7JV-0SQ","","","","","","","","","","https://ror.org/0566bfb96","","","https://data.biodiversitydata.nl/naturalis/specimen/ZMA.AVES.12416","","","","","","","","","skin (study skin)","","","","","","","","","","",""
"","RMNH.AVES.54388","","","","","","","","","","","https://doi.org/TEST/ZZJ-6TC-XJ0","Zoology","","d3851bc35d10dc3768f948186c68fcd4","","","https://doi.org/TEST/ZZJ-6TC-XJ0","","","","","","","","","","https://ror.org/0566bfb96","","","https://data.biodiversitydata.nl/naturalis/specimen/RMNH.AVES.54388","","","","","","","","","skin (air dried)","","","","","","","","","","",""
"","ZMA.AVES.34938","","","","","","","","","","","https://doi.org/TEST/ZZJ-5MS-A7V","Zoology","","494117d6a8118be6f0f0c9e35e57a3a6","","","https://doi.org/TEST/ZZJ-5MS-A7V","","","","","","","","","","https://ror.org/0566bfb96","","","https://data.biodiversitydata.nl/naturalis/specimen/ZMA.AVES.34938","","","","","","","","","Wing (study skin)","","","","","","","","","","",""
"","RMNH.AVES.198327","","","","","","","","","","","https://doi.org/TEST/ZZH-ZBT-8YK","Zoology","","4aa46a356e815b6522d70aa76898b4ef","","","https://doi.org/TEST/ZZH-ZBT-8YK","","","","","","","","","","https://ror.org/0566bfb96","","","https://data.biodiversitydata.nl/naturalis/specimen/RMNH.AVES.198327","","","","","","","","","skin (mounted skin)","","","","","","","","","","",""
"","RMNH.AVES.197050","","","","","","","","","","","https://doi.org/TEST/ZZH-Z16-XS7","Zoology","","66ade3202a2c6ba22ae6f4597cb8448e","","","https://doi.org/TEST/ZZH-Z16-XS7","","","","","","","","","","https://ror.org/0566bfb96","","","https://data.biodiversitydata.nl/naturalis/specimen/RMNH.AVES.197050","","","","","","","","","skin (study skin)","","","","","","","","","","",""
"","RMNH.AVES.229353","","","","","","","","","","","https://doi.org/TEST/ZZH-TW4-RV8","Zoology","","cde0f457de398532aa556b229a375281","","","https://doi.org/TEST/ZZH-TW4-RV8","","","","","","","","","","https://ror.org/0566bfb96","","","https://data.biodiversitydata.nl/naturalis/specimen/RMNH.AVES.229353","","","","","","","","","skin (mounted skin)","","","","","","","","","","",""
"","RMNH.AVES.169996","","","","","","","","","","","https://doi.org/TEST/ZZH-PGC-1CP","Zoology","","630f7aa4348d0d9dddc499ae0ecf4962","","","https://doi.org/TEST/ZZH-PGC-1CP","","","","","","","","","","https://ror.org/0566bfb96","","","https://data.biodiversitydata.nl/naturalis/specimen/RMNH.AVES.169996","","","","","","","","","skin (mounted skin)","","","","","","","","","","",""
"","RMNH.AVES.214162","","","","","","","","","","","https://doi.org/TEST/ZZH-NVF-CB5","Zoology","","fafcf269ba3b4ec43b460d14ddd6264d","","","https://doi.org/TEST/ZZH-NVF-CB5","","","","","","","","","","https://ror.org/0566bfb96","","","https://data.biodiversitydata.nl/naturalis/specimen/RMNH.AVES.214162","","","","","","","","","skin (mounted skin)","","","","","","","","","","",""
"","ZMA.AVES.64784","","","","","","","","","","","https://doi.org/TEST/ZZH-L3G-KAN","Zoology","","f1e2d03c31775ec622dac3d3e43882e1","","","https://doi.org/TEST/ZZH-L3G-KAN","","","","","","","","","","https://ror.org/0566bfb96","","","https://data.biodiversitydata.nl/naturalis/specimen/ZMA.AVES.64784","","","","","","","","","nest (air dried)","","","","","","","","","","",""
"","RMNH.AVES.124655","","","","","","","","","","","https://doi.org/TEST/ZZH-FGM-V6Y","Zoology","","26cdb164fa6ce64f0805852dc42934c2","","","https://doi.org/TEST/ZZH-FGM-V6Y","","","","","","","","","","https://ror.org/0566bfb96","","","https://data.biodiversitydata.nl/naturalis/specimen/RMNH.AVES.124655","","","","","","","","","skin (air dried)","","","","","","","","","","",""
"","ZMA.AVES.17803","","","","","","","","","","","https://doi.org/TEST/ZZH-DAA-S03","Zoology","","74dcc9f511d0a2a59fe2fb1e2596e818","","","https://doi.org/TEST/ZZH-DAA-S03","","","","","","","","","","https://ror.org/0566bfb96","","","https://data.biodiversitydata.nl/naturalis/specimen/ZMA.AVES.17803","","","","","","","","","skin (study skin)","","","","","","","","","","",""
"","ZMA.AVES.57764","","","","","","","","","","","https://doi.org/TEST/ZZH-AXD-3KG","Zoology","","05d7535bc9717505b91f2a203d54fc26","","","https://doi.org/TEST/ZZH-AXD-3KG","","","","","","","","","","https://ror.org/0566bfb96","","","https://data.biodiversitydata.nl/naturalis/specimen/ZMA.AVES.57764","","","","","","","","","skin (study skin)","","","","","","","","","","",""
"","RMNH.AVES.90239","","","","","","","","","","","https://doi.org/TEST/ZZH-8RW-7BK","Zoology","","e169ae5103b53a405abfe6c3da2bb385","","","https://doi.org/TEST/ZZH-8RW-7BK","","","","","","","","","","https://ror.org/0566bfb96","","","https://data.biodiversitydata.nl/naturalis/specimen/RMNH.AVES.90239","","","","","","","","","skin (study skin)","","","","","","","","","","",""
"","RMNH.AVES.232841","","","","","","","","","","","https://doi.org/TEST/ZZH-87H-Y3K","Zoology","","4b7ca2e8c6a833d12157141644c77efe","","","https://doi.org/TEST/ZZH-87H-Y3K","","","","","","","","","","https://ror.org/0566bfb96","","","https://data.biodiversitydata.nl/naturalis/specimen/RMNH.AVES.232841","","","","","","","","","skin (mounted skin)","","","","","","","","","","",""
"","RMNH.AVES.58274","","","","","","","","","","","https://doi.org/TEST/ZZH-7QJ-06W","Zoology","","1270c08cc2658133326f7af4ec2465a7","","","https://doi.org/TEST/ZZH-7QJ-06W","","","","","","","","","","https://ror.org/0566bfb96","","","https://data.biodiversitydata.nl/naturalis/specimen/RMNH.AVES.58274","","","","","","","","","skin (air dried)","","","","","","","","","","",""
"","ZMA.AVES.16512","","","","","","","","","","","https://doi.org/TEST/ZZH-35Z-3NZ","Zoology","","189d61a6704f1aeb954a7c8ff50f27fc","","","https://doi.org/TEST/ZZH-35Z-3NZ","","","","","","","","","","https://ror.org/0566bfb96","","","https://data.biodiversitydata.nl/naturalis/specimen/ZMA.AVES.16512","","","","","","","","","skin (study skin)","","","","","","","","","","",""
"","ZMA.AVES.16080","","","","","","","","","","","https://doi.org/TEST/ZZH-0LN-61G","Zoology","","d3e8564ad0712ac370135b9a75f2ba85","","","https://doi.org/TEST/ZZH-0LN-61G","","","","","","","","","","https://ror.org/0566bfb96","","","https://data.biodiversitydata.nl/naturalis/specimen/ZMA.AVES.16080","","","","","","","","","skin (study skin)","","","","","","","","","","",""
"","RMNH.AVES.44228","","","","","","","","","","","https://doi.org/TEST/ZZG-Z1E-QW0","Zoology","","f3998ff4a7ccaf99a1c853cff975ff18","","","https://doi.org/TEST/ZZG-Z1E-QW0","","","","","","","","","","https://ror.org/0566bfb96","","","https://data.biodiversitydata.nl/naturalis/specimen/RMNH.AVES.44228","","","","","","","","","skin (air dried)","","","","","","","","","","",""
"","RMNH.AVES.176556","","","","","","","","","","","https://doi.org/TEST/ZZG-X8N-GVQ","Zoology","","bbeb071e825f7b19361463939989fa7c","","","https://doi.org/TEST/ZZG-X8N-GVQ","","","","","","","","","","https://ror.org/0566bfb96","","","https://data.biodiversitydata.nl/naturalis/specimen/RMNH.AVES.176556","","","","","","","","","egg (air dried)","","","","","","","","","","",""
"","RMNH.AVES.207145","","","","","","","","","","","https://doi.org/TEST/ZZG-VLX-XF8","Zoology","","4112d12ee814f40f4c0804831da44261","","","https://doi.org/TEST/ZZG-VLX-XF8","","","","","","","","","","https://ror.org/0566bfb96","","","https://data.biodiversitydata.nl/naturalis/specimen/RMNH.AVES.207145","","","","","","","","","skin (mounted skin)","","","","","","","","","","",""
"","RMNH.AVES.132593","","","","","","","","","","","https://doi.org/TEST/ZZG-TJX-Y7W","Zoology","","4595d08efb509e41ae3658cc17b8fa25","","","https://doi.org/TEST/ZZG-TJX-Y7W","","","","","","","","","","https://ror.org/0566bfb96","","","https://data.biodiversitydata.nl/naturalis/specimen/RMNH.AVES.132593","","","","","","","","","skin (air dried)","","","","","","","","","","",""
"","ZMA.AVES.37049","","","","","","","","","","","https://doi.org/TEST/ZZG-NHF-PSF","Zoology","","8551c5970638113fd17f6ffd25d48ee0","","","https://doi.org/TEST/ZZG-NHF-PSF","","","","","","","","","","https://ror.org/0566bfb96","","","https://data.biodiversitydata.nl/naturalis/specimen/ZMA.AVES.37049","","","","","","","","","Wing (study skin)","","","","","","","","","","",""
"","RMNH.AVES.21898","","","","","","","","","","","https://doi.org/TEST/ZZG-FGC-SJV","Zoology","","0672857428b32dec6f0f418a62cfdba1","","","https://doi.org/TEST/ZZG-FGC-SJV","","","","","","","","","","https://ror.org/0566bfb96","","","https://data.biodiversitydata.nl/naturalis/specimen/RMNH.AVES.21898","","","","","","","","","skin (study skin)","","","","","","","","","","",""
"","RMNH.AVES.203681","","","","","","","","","","","https://doi.org/TEST/ZZG-A0Z-FYD","Zoology","","d30f60835054c1bef25a608051bb239e","","","https://doi.org/TEST/ZZG-A0Z-FYD","","","","","","","","","","https://ror.org/0566bfb96","","","https://data.biodiversitydata.nl/naturalis/specimen/RMNH.AVES.203681","","","","","","","","","skin (study skin)","","","","","","","","","","",""
"","ZMA.AVES.43896","","","","","","","","","","","https://doi.org/TEST/ZZG-4M7-Z01","Zoology","","4cca8753bd2e691f10af5bb661bb6a12","","","https://doi.org/TEST/ZZG-4M7-Z01","","","","","","","","","","https://ror.org/0566bfb96","","","https://data.biodiversitydata.nl/naturalis/specimen/ZMA.AVES.43896","","","","","","","","","skin (study skin)","","","","","","","","","","",""
"","RMNH.AVES.121385","","","","","","","","","","","https://doi.org/TEST/ZZF-ZX0-F9E","Zoology","","afc2574af2e9acc2ab7fb4c9faa133e3","","","https://doi.org/TEST/ZZF-ZX0-F9E","","","","","","","","","","https://ror.org/0566bfb96","","","https://data.biodiversitydata.nl/naturalis/specimen/RMNH.AVES.121385","","","","","","","","","skin (air dried)","","","","","","","","","","",""
"","RMNH.AVES.66037","","","","","","","","","","","https://doi.org/TEST/ZZF-QBT-F9N","Zoology","","e849cc923196e31cacf4295e986b2323","","","https://doi.org/TEST/ZZF-QBT-F9N","","","","","","","","","","https://ror.org/0566bfb96","","","https://data.biodiversitydata.nl/naturalis/specimen/RMNH.AVES.66037","","","","","","","","","skull (skeletonized)","","","","","","","","","","",""
"","RMNH.AVES.254986","","","","","","","","","","","https://doi.org/TEST/ZZF-L02-SVY","Zoology","","9c0873498fe1e5cbccdf32b681a1965e","","","https://doi.org/TEST/ZZF-L02-SVY","","","","","","","","","","https://ror.org/0566bfb96","","","https://data.biodiversitydata.nl/naturalis/specimen/RMNH.AVES.254986","","","","","","","","","skeleton (whole) (skeletonized)","","","","","","","","","","",""
"","ZMA.AVES.4767","","","","","","","","","","","https://doi.org/TEST/ZZF-GWJ-G0A","Zoology","","d38f9ada030c26a4a8fb8f397e73eb1a","","","https://doi.org/TEST/ZZF-GWJ-G0A","","","","","","","","","","https://ror.org/0566bfb96","","","https://data.biodiversitydata.nl/naturalis/specimen/ZMA.AVES.4767","","","","","","","","","skin (study skin)","","","","","","","","","","",""
"","RMNH.AVES.54129","","","","","","","","","","","https://doi.org/TEST/ZZF-CP5-3FT","Zoology","","de2fe92c990b7fc9b08e42b9dd1419c3","","","https://doi.org/TEST/ZZF-CP5-3FT","","","","","","","","","","https://ror.org/0566bfb96","","","https://data.biodiversitydata.nl/naturalis/specimen/RMNH.AVES.54129","","","","","","","","","skin (air dried)","","","","","","","","","","",""
"","ZMA.AVES.864","","","","","","","","","","","https://doi.org/TEST/ZZF-BND-KXF","Zoology","","f563cf9bbea954701176606d617bcaf9","","","https://doi.org/TEST/ZZF-BND-KXF","","","","","","","","","","https://ror.org/0566bfb96","","","https://data.biodiversitydata.nl/naturalis/specimen/ZMA.AVES.864","","","","","","","","","skin (study skin)","","","","","","","","","","",""
"","RMNH.AVES.65339","","","","","","","","","","","https://doi.org/TEST/ZZF-BJ4-TTA","Zoology","","b69356814ea4a437ccdddac2caad1145","","","https://doi.org/TEST/ZZF-BJ4-TTA","","","","","","","","","","https://ror.org/0566bfb96","","","https://data.biodiversitydata.nl/naturalis/specimen/RMNH.AVES.65339","","","","","","","","","skin (study skin)","","","","","","","","","","",""
"","ZMA.AVES.13756","","","","","","","","","","","https://doi.org/TEST/ZZF-A8P-RKR","Zoology","","b9101af83054139043a2be41e35efe5a","","","https://doi.org/TEST/ZZF-A8P-RKR","","","","","","","","","","https://ror.org/0566bfb96","","","https://data.biodiversitydata.nl/naturalis/specimen/ZMA.AVES.13756","","","","","","","","","skin (study skin)","","","","","","","","","","",""
"","RMNH.AVES.155398","","","","","","","","","","","https://doi.org/TEST/ZZF-9LF-7XF","Zoology","","240f9bbb7b94615c80b4b8ce10f5d8a0","","","https://doi.org/TEST/ZZF-9LF-7XF","","","","","","","","","","https://ror.org/0566bfb96","","","https://data.biodiversitydata.nl/naturalis/specimen/RMNH.AVES.155398","","","","","","","","","skin (mounted skin)","","","","","","","","","","",""
"","RMNH.AVES.33334","","","","","","","","","","","https://doi.org/TEST/ZZF-9J3-J1N","Zoology","","e1b0b7ce76e50ea4bf53d32694af6c8a","","","https://doi.org/TEST/ZZF-9J3-J1N","","","","","","","","","","https://ror.org/0566bfb96","","","https://data.biodiversitydata.nl/naturalis/specimen/RMNH.AVES.33334","","","","","","","","","skin (air dried)","","","","","","","","","","",""
"","RMNH.AVES.174197","","","","","","","","","","","https://doi.org/TEST/ZZF-7E6-4CW","Zoology","","e5397f13c9ad2a0d95dc8353dbef8298","","","https://doi.org/TEST/ZZF-7E6-4CW","","","","","","","","","","https://ror.org/0566bfb96","","","https://data.biodiversitydata.nl/naturalis/specimen/RMNH.AVES.174197","","","","","","","","","skin (mounted skin)","","","","","","","","","","",""
"","RMNH.AVES.127101","","","","","","","","","","","https://doi.org/TEST/ZZF-6E8-4NM","Zoology","","32460c5332061fd71815d6039f5e9ccb","","","https://doi.org/TEST/ZZF-6E8-4NM","","","","","","","","","","https://ror.org/0566bfb96","","","https://data.biodiversitydata.nl/naturalis/specimen/RMNH.AVES.127101","","","","","","","","","skin (air dried)","","","","","","","","","","",""
"","RMNH.AVES.226207","","","","","","","","","","","https://doi.org/TEST/ZZE-VBS-DVD","Zoology","","6ecd4d4982e16a30f9df79edbc7e0f3c","","","https://doi.org/TEST/ZZE-VBS-DVD","","","","","","","","","","https://ror.org/0566bfb96","","","https://data.biodiversitydata.nl/naturalis/specimen/RMNH.AVES.226207","","","","","","","","","skin (study skin)","","","","","","","","","","",""
"","RMNH.AVES.78301","","","","","","","","","","","https://doi.org/TEST/ZZE-T8Z-DQE","Zoology","","bc9954db72130d88ecc0b09490bc034d","","","https://doi.org/TEST/ZZE-T8Z-DQE","","","","","","","","","","https://ror.org/0566bfb96","","","https://data.biodiversitydata.nl/naturalis/specimen/RMNH.AVES.78301","","","","","","","","","egg (air dried)","","","","","","","","","","",""
"","RMNH.AVES.58849","","","","","","","","","","","https://doi.org/TEST/ZZE-PSQ-P44","Zoology","","6dd517c9d76f6e8027eb96e2635f88e8","","","https://doi.org/TEST/ZZE-PSQ-P44","","","","","","","","","","https://ror.org/0566bfb96","","","https://data.biodiversitydata.nl/naturalis/specimen/RMNH.AVES.58849","","","","","","","","","skin (study skin)","","","","","","","","","","",""
"","ZMA.AVES.19293","","","","","","","","","","","https://doi.org/TEST/ZZE-E6Q-HQ1","Zoology","","254aa99e8d14cd309ff341eef09de799","","","https://doi.org/TEST/ZZE-E6Q-HQ1","","","","","","","","","","https://ror.org/0566bfb96","","","https://data.biodiversitydata.nl/naturalis/specimen/ZMA.AVES.19293","","","","","","","","","skin (study skin)","","","","","","","","","","",""
"","RMNH.AVES.165038","","","","","","","","","","","https://doi.org/TEST/ZZE-DDJ-C0T","Zoology","","52edf883b03bf56242ff1b4b22917b86","","","https://doi.org/TEST/ZZE-DDJ-C0T","","","","","","","","","","https://ror.org/0566bfb96","","","https://data.biodiversitydata.nl/naturalis/specimen/RMNH.AVES.165038","","","","","","","","","skin (mounted skin)","","","","","","","","","","",""
"","RMNH.AVES.259833","","","","","","","","","","","https://doi.org/TEST/ZZE-8W1-EAY","Zoology","","c63834e07b4baa6056a915de9ab16156","","","https://doi.org/TEST/ZZE-8W1-EAY","","","","","","","","","","https://ror.org/0566bfb96","","","https://data.biodiversitydata.nl/naturalis/specimen/RMNH.AVES.259833","","","","","","","","","egg","","","","","","","","","","",""
"","RMNH.AVES.123109","","","","","","","","","","","https://doi.org/TEST/ZZE-7MH-N1G","Zoology","","dfb9118a36f2555b2b4a923b2853e0ab","","","https://doi.org/TEST/ZZE-7MH-N1G","","","","","","","","","","https://ror.org/0566bfb96","","","https://data.biodiversitydata.nl/naturalis/specimen/RMNH.AVES.123109","","","","","","","","","skin (air dried)","","","","","","","","","","",""
"","ZMA.AVES.34486","","","","","","","","","","","https://doi.org/TEST/ZZE-65F-DPP","Zoology","","6dfafd841a9dcd05cef69cbb19365272","","","https://doi.org/TEST/ZZE-65F-DPP","","","","","","","","","","https://ror.org/0566bfb96","","","https://data.biodiversitydata.nl/naturalis/specimen/ZMA.AVES.34486","","","","","","","","","skin (study skin)","","","","","","","","","","",""
"","ZMA.AVES.30858","","","","","","","","","","","https://doi.org/TEST/ZZE-5PV-J4J","Zoology","","ed2bc905016d618de496946ccbd46aa2","","","https://doi.org/TEST/ZZE-5PV-J4J","","","","","","","","","","https://ror.org/0566bfb96","","","https://data.biodiversitydata.nl/naturalis/specimen/ZMA.AVES.30858","","","","","","","","","skin (study skin)","","","","","","","","","","",""
"","ZMA.AVES.57024","","","","","","","","","","","https://doi.org/TEST/ZZD-ZR6-V38","Zoology","","9e22435138e5d6bf701dca43432049a4","","","https://doi.org/TEST/ZZD-ZR6-V38","","","","","","","","","","https://ror.org/0566bfb96","","","https://data.biodiversitydata.nl/naturalis/specimen/ZMA.AVES.57024","","","","","","","","","egg (air dried)","","","","","","","","","","",""
"","RMNH.AVES.61737","","","","","","","","","","","https://doi.org/TEST/ZZD-SK6-GD1","Zoology","","49723b5656ee550bbbdac286632d1d96","","","https://doi.org/TEST/ZZD-SK6-GD1","","","","","","","","","","https://ror.org/0566bfb96","","","https://data.biodiversitydata.nl/naturalis/specimen/RMNH.AVES.61737","","","","","","","","","skin (study skin)","","","","","","","","","","",""
"","RMNH.AVES.167931","","","","","","","","","","","https://doi.org/TEST/ZZD-NLX-Q49","Zoology","","47e29df40126b7ffcf02e621d86d4be1","","","https://doi.org/TEST/ZZD-NLX-Q49","","","","","","","","","","https://ror.org/0566bfb96","","","https://data.biodiversitydata.nl/naturalis/specimen/RMNH.AVES.167931","","","","","","","","","skin (mounted skin)","","","","","","","","","","",""
"","RMNH.AVES.61449","","","","","","","","","","","https://doi.org/TEST/ZZD-KK7-YXS","Zoology","","dce3566839487ad01aa7c88d80ab3fab","","","https://doi.org/TEST/ZZD-KK7-YXS","","","","","","","","","","https://ror.org/0566bfb96","","","https://data.biodiversitydata.nl/naturalis/specimen/RMNH.AVES.61449","","","","","","","","","skin (study skin)","","","","","","","","","","",""
"","RMNH.AVES.209337","","","","","","","","","","","https://doi.org/TEST/ZZD-C1J-QH1","Zoology","","4918314cf80409dc4c0f9a0df81ef544","","","https://doi.org/TEST/ZZD-C1J-QH1","","","","","","","","","","https://ror.org/0566bfb96","","","https://data.biodiversitydata.nl/naturalis/specimen/RMNH.AVES.209337","","","","","","","","","skin (study skin)","","","","","","","","","","",""
"","RMNH.AVES.25692","","","","","","","","","","","https://doi.org/TEST/ZZD-5HT-XXJ","Zoology","","5f65eb11cb40f6efe99c876cbfc6bf49","","","https://doi.org/TEST/ZZD-5HT-XXJ","","","","","","","","","","https://ror.org/0566bfb96","","","https://data.biodiversitydata.nl/naturalis/specimen/RMNH.AVES.25692","","","","","","","","","skin (study skin)","","","","","","","","","","",""
"","RMNH.AVES.175711","","","","","","","","","","","https://doi.org/TEST/ZZD-56R-EYK","Zoology","","696f485d1b082645d83845ff31adf7bf","","","https://doi.org/TEST/ZZD-56R-EYK","","","","","","","","","","https://ror.org/0566bfb96","","","https://data.biodiversitydata.nl/naturalis/specimen/RMNH.AVES.175711","","","","","","","","","egg (air dried)","","","","","","","","","","",""
"","RMNH.AVES.260514","","","","","","","","","","","https://doi.org/TEST/ZZD-4SX-ARX","Zoology","","432f58320d0f5a3681e22bc80e765251","","","https://doi.org/TEST/ZZD-4SX-ARX","","","","","","","","","","https://ror.org/0566bfb96","","","https://data.biodiversitydata.nl/naturalis/specimen/RMNH.AVES.260514","","","","","","","","","egg","","","","","","","","","","",""
"","ZMA.AVES.42204","","","","","","","","","","","https://doi.org/TEST/ZZC-RFT-Y1G","Zoology","","17c0a47c26c978e74e0749e40ce45037","","","https://doi.org/TEST/ZZC-RFT-Y1G","","","","","","","","","","https://ror.org/0566bfb96","","","https://data.biodiversitydata.nl/naturalis/specimen/ZMA.AVES.42204","","","","","","","","","skin (study skin)","","","","","","","","","","",""
"","ZMA.AVES.37601","","","","","","","","","","","https://doi.org/TEST/ZZC-P5V-NNQ","Zoology","","446f44663aecd1f7b6477a024cb3aa97","","","https://doi.org/TEST/ZZC-P5V-NNQ","","","","","","","","","","https://ror.org/0566bfb96","","","https://data.biodiversitydata.nl/naturalis/specimen/ZMA.AVES.37601","","","","","","","","","skin (study skin)","","","","","","","","","","",""
"","RMNH.AVES.137978","","","","","","","","","","","https://doi.org/TEST/ZZC-L7Q-C4C","Zoology","","3a121efefe2fe443316fc7b20a1d2612","","","https://doi.org/TEST/ZZC-L7Q-C4C","","","","","","","","","","https://ror.org/0566bfb96","","","https://data.biodiversitydata.nl/naturalis/specimen/RMNH.AVES.137978","","","","","","","","","skin (air dried)","","","","","","","","","","",""
"","RMNH.AVES.259452.c","","","","","","","","","","","https://doi.org/TEST/ZZC-KT8-D6E","Zoology","","1e8cbade32581ef3ea831cd870bc7a60","","","https://doi.org/TEST/ZZC-KT8-D6E","","","","","","","","","","https://ror.org/0566bfb96","","","https://data.biodiversitydata.nl/naturalis/specimen/RMNH.AVES.259452.c","","","","","","","","","tissue (wet specimen)","","","","","","","","","","",""
"","RMNH.AVES.62266","","","","","","","","","","","https://doi.org/TEST/ZZC-JSP-8EE","Zoology","","94aae261fe613700e42301bacfe1f944","","","https://doi.org/TEST/ZZC-JSP-8EE","","","","","","","","","","https://ror.org/0566bfb96","","","https://data.biodiversitydata.nl/naturalis/specimen/RMNH.AVES.62266","","","","","","","","","skin (study skin)","","","","","","","","","","",""
"","RMNH.AVES.60330.b","","","","","","","","","","","https://doi.org/TEST/ZZC-HYS-1E8","Zoology","","c9bb5e410c853862fbf1ccff39425bf1","","","https://doi.org/TEST/ZZC-HYS-1E8","","","","","","","","","","https://ror.org/0566bfb96","","","https://data.biodiversitydata.nl/naturalis/specimen/RMNH.AVES.60330.b","","","","","","","","","nest (air dried)","","","","","","","","","","",""
"","RMNH.AVES.65519","","","","","","","","","","","https://doi.org/TEST/ZZC-HLT-DK5","Zoology","","51b7ee8b6ea38b43ad0cffba9276cc6d","","","https://doi.org/TEST/ZZC-HLT-DK5","","","","","","","","","","https://ror.org/0566bfb96","","","https://data.biodiversitydata.nl/naturalis/specimen/RMNH.AVES.65519","","","","","","","","","skin (air dried)","","","","","","","","","","",""
"","RMNH.AVES.150844","","","","","","","","","","","https://doi.org/TEST/ZZC-BC1-V43","Zoology","","7e88187a906d0235e380a337e4677254","","","https://doi.org/TEST/ZZC-BC1-V43","","","","","","","","","","https://ror.org/0566bfb96","","","https://data.biodiversitydata.nl/naturalis/specimen/RMNH.AVES.150844","","","","","","","","","skin (air dried)","","","","","","","","","","",""
"","RMNH.AVES.108750","","","","","","","","","","","https://doi.org/TEST/ZZC-79B-VJM","Zoology","","cde0f457de398532aa556b229a375281","","","https://doi.org/TEST/ZZC-79B-VJM","","","","","","","","","","https://ror.org/0566bfb96","","","https://data.biodiversitydata.nl/naturalis/specimen/RMNH.AVES.108750","","","","","","","","","skin (mounted skin)","","","","","","","","","","",""
"","RMNH.AVES.193421","","","","","","","","","","","https://doi.org/TEST/ZZC-6B8-LYD","Zoology","","156d9960a76b297cda04f0e792fc80d3","","","https://doi.org/TEST/ZZC-6B8-LYD","","","","","","","","","","https://ror.org/0566bfb96","","","https://data.biodiversitydata.nl/naturalis/specimen/RMNH.AVES.193421","","","","","","","","","skin (study skin)","","","","","","","","","","",""
"","ZMA.AVES.63310","","","","","","","","","","","https://doi.org/TEST/ZZC-66X-DFL","Zoology","","0f95e48e3235ff621e929df65ef330b4","","","https://doi.org/TEST/ZZC-66X-DFL","","","","","","","","","","https://ror.org/0566bfb96","","","https://data.biodiversitydata.nl/naturalis/specimen/ZMA.AVES.63310","","","","","","","","","egg (air dried)","","","","","","","","","","",""
"","ZMA.AVES.64634","","","","","","","","","","","https://doi.org/TEST/ZZC-2R5-1MF","Zoology","","58abec09910ac443e398d089650d6be0","","","https://doi.org/TEST/ZZC-2R5-1MF","","","","","","","","","","https://ror.org/0566bfb96","","","https://data.biodiversitydata.nl/naturalis/specimen/ZMA.AVES.64634","","","","","","","","","feather","","","","","","","","","","",""
"","RMNH.AVES.195764","","","","","","","","","","","https://doi.org/TEST/ZZB-TV4-RXY","Zoology","","73161cda5ba37a7742e151c66c910926","","","https://doi.org/TEST/ZZB-TV4-RXY","","","","","","","","","","https://ror.org/0566bfb96","","","https://data.biodiversitydata.nl/naturalis/specimen/RMNH.AVES.195764","","","","","","","","","skin (study skin)","","","","","","","","","","",""
"","RMNH.AVES.56764","","","","","","","","","","","https://doi.org/TEST/ZZB-R6T-GW2","Zoology","","8c283f6cff107efc48494b3af5873120","","","https://doi.org/TEST/ZZB-R6T-GW2","","","","","","","","","","https://ror.org/0566bfb96","","","https://data.biodiversitydata.nl/naturalis/specimen/RMNH.AVES.56764","","","","","","","","","skin (air dried)","","","","","","","","","","",""
"","RMNH.AVES.38413","","","","","","","","","","","https://doi.org/TEST/ZZB-J7F-EL5","Zoology","","e46934be99a785c3da803dc1ac37ee95","","","https://doi.org/TEST/ZZB-J7F-EL5","","","","","","","","","","https://ror.org/0566bfb96","","","https://data.biodiversitydata.nl/naturalis/specimen/RMNH.AVES.38413","","","","","","","","","skin (air dried)","","","","","","","","","","",""
"","RMNH.AVES.71433","","","","","","","","","","","https://doi.org/TEST/ZZA-YQY-C02","Zoology","","622f5d36a2709ea7f80beb5c0a976fbd","","","https://doi.org/TEST/ZZA-YQY-C02","","","","","","","","","","https://ror.org/0566bfb96","","","https://data.biodiversitydata.nl/naturalis/specimen/RMNH.AVES.71433","","","","","","","","","egg (air dried)","","","","","","","","","","",""
"","RMNH.AVES.256953","","","","","","","","","","","https://doi.org/TEST/ZZA-LDW-PPC","Zoology","","208f2140db87a11d4ef107e0e43f00fd","","","https://doi.org/TEST/ZZA-LDW-PPC","","","","","","","","","","https://ror.org/0566bfb96","","","https://data.biodiversitydata.nl/naturalis/specimen/RMNH.AVES.256953","","","","","","","","","skeleton (whole) (skeletonized)","","","","","","","","","","",""
"","RMNH.AVES.P.2133","","","","","","","","","","","https://doi.org/TEST/ZZA-2RH-N7A","Zoology","","4aa46a356e815b6522d70aa76898b4ef","","","https://doi.org/TEST/ZZA-2RH-N7A","","","","","","","","","","https://ror.org/0566bfb96","","","https://data.biodiversitydata.nl/naturalis/specimen/RMNH.AVES.P.2133","","","","","","","","","feather (microscopic slide)","","","","","","","","","","",""
"","RMNH.AVES.201226","","","","","","","","","","","https://doi.org/TEST/ZZ9-RJK-3G7","Zoology","","74e9a107598ea0ed5af5e349c50deae6","","","https://doi.org/TEST/ZZ9-RJK-3G7","","","","","","","","","","https://ror.org/0566bfb96","","","https://data.biodiversitydata.nl/naturalis/specimen/RMNH.AVES.201226","","","","","","","","","skin (mounted skin)","","","","","","","","","","",""
"","RMNH.AVES.64357","","","","","","","","","","","https://doi.org/TEST/ZZ9-DMK-WMJ","Zoology","","8ae86df8a9a32c3d2f0a1b3e10fb77f7","","","https://doi.org/TEST/ZZ9-DMK-WMJ","","","","","","","","","","https://ror.org/0566bfb96","","","https://data.biodiversitydata.nl/naturalis/specimen/RMNH.AVES.64357","","","","","","","","","skin (study skin)","","","","","","","","","","",""
"","ZMA.AVES.64827.a","","","","","","","","","","","https://doi.org/TEST/ZZ9-7PQ-S0H","Zoology","","385f5dfbbea284b2c5d58f3413db4e73","","","https://doi.org/TEST/ZZ9-7PQ-S0H","","","","","","","","","","https://ror.org/0566bfb96","","","https://data.biodiversitydata.nl/naturalis/specimen/ZMA.AVES.64827.a","","","","","","","","","egg (air dried)","","","","","","","","","","",""
"","RMNH.AVES.123823","","","","","","","","","","","https://doi.org/TEST/ZZ9-7D3-7VM","Zoology","","48221a923bb9f79f5d5bc0b5af341c50","","","https://doi.org/TEST/ZZ9-7D3-7VM","","","","","","","","","","https://ror.org/0566bfb96","","","https://data.biodiversitydata.nl/naturalis/specimen/RMNH.AVES.123823","","","","","","","","","skin (air dried)","","","","","","","","","","",""
"","RMNH.AVES.212253","","","","","","","","","","","https://doi.org/TEST/ZZ9-54X-KPF","Zoology","","36992e5685a8b9d2bb4ea9f4c0301de0","","","https://doi.org/TEST/ZZ9-54X-KPF","","","","","","","","","","https://ror.org/0566bfb96","","","https://data.biodiversitydata.nl/naturalis/specimen/RMNH.AVES.212253","","","","","","","","","skin (mounted skin)","","","","","","","","","","",""
"","RMNH.AVES.134053","","","","","","","","","","","https://doi.org/TEST/ZZ8-SRA-ZJD","Zoology","","1c3e44cba8ccabc09c059bcf6d7d8b79","","","https://doi.org/TEST/ZZ8-SRA-ZJD","","","","","","","","","","https://ror.org/0566bfb96","","","https://data.biodiversitydata.nl/naturalis/specimen/RMNH.AVES.134053","","","","","","","","","skin (air dried)","","","","","","","","","","",""
"","RMNH.AVES.172405","","","","","","","","","","","https://doi.org/TEST/ZZ8-REK-DZ1","Zoology","","f7cd8b0c9285b0185dd998f5d646ae46","","","https://doi.org/TEST/ZZ8-REK-DZ1","","","","","","","","","","https://ror.org/0566bfb96","","","https://data.biodiversitydata.nl/naturalis/specimen/RMNH.AVES.172405","","","","","","","","","skin (mounted skin)","","","","","","","","","","",""
"","RMNH.AVES.31167","","","","","","","","","","","https://doi.org/TEST/ZZ8-HME-AHM","Zoology","","b97ec8e3de2f0e980d6935e908296e80","","","https://doi.org/TEST/ZZ8-HME-AHM","","","","","","","","","","https://ror.org/0566bfb96","","","https://data.biodiversitydata.nl/naturalis/specimen/RMNH.AVES.31167","","","","","","","","","skin (mounted skin)","","","","","","","","","","",""
"","RMNH.AVES.183049","","","","","","","","","","","https://doi.org/TEST/ZZ8-2MP-C7L","Zoology","","557e577fb92b747b997e54fd0b91d349","","","https://doi.org/TEST/ZZ8-2MP-C7L","","","","","","","","","","https://ror.org/0566bfb96","","","https://data.biodiversitydata.nl/naturalis/specimen/RMNH.AVES.183049","","","","","","","","","egg (air dried)","","","","","","","","","","",""
"","RMNH.AVES.161504","","","","","","","","","","","https://doi.org/TEST/ZZ7-Z3S-4MN","Zoology","","b832c3d2bcbcc08c7ea2a2a2903bbdec","","","https://doi.org/TEST/ZZ7-Z3S-4MN","","","","","","","","","","https://ror.org/0566bfb96","","","https://data.biodiversitydata.nl/naturalis/specimen/RMNH.AVES.161504","","","","","","","","","skin (study skin)","","","","","","","","","","",""
"","RMNH.AVES.259161","","","","","","","","","","","https://doi.org/TEST/ZZ7-R8E-YQS","Zoology","","c8cfea046e69b41ab68bdbb49c39c3e4","","","https://doi.org/TEST/ZZ7-R8E-YQS","","","","","","","","","","https://ror.org/0566bfb96","","","https://data.biodiversitydata.nl/naturalis/specimen/RMNH.AVES.259161","","","","","","","","","egg","","","","","","","","","","",""
"","ZMA.AVES.44577","","","","","","","","","","","https://doi.org/TEST/ZZ7-LW0-F3W","Zoology","","c9b34e60f96374f1f3268b8d7268d143","","","https://doi.org/TEST/ZZ7-LW0-F3W","","","","","","","","","","https://ror.org/0566bfb96","","","https://data.biodiversitydata.nl/naturalis/specimen/ZMA.AVES.44577","","","","","","","","","skin (study skin)","","","","","","","","","","",""
"","RMNH.AVES.189355","","","","","","","","","","","https://doi.org/TEST/ZZ7-LDX-H3H","Zoology","","fbb43c7ae0eeb32136fddb5ce29c6e71","","","https://doi.org/TEST/ZZ7-LDX-H3H","","","","","","","","","","https://ror.org/0566bfb96","","","https://data.biodiversitydata.nl/naturalis/specimen/RMNH.AVES.189355","","","","","","","","","skin (study skin)","","","","","","","","","","",""
"","RMNH.AVES.200428","","","","","","","","","","","https://doi.org/TEST/ZZ7-K37-418","Zoology","","df60d9432d141e6420cb6bf7a81d23b6","","","https://doi.org/TEST/ZZ7-K37-418","","","","","","","","","","https://ror.org/0566bfb96","","","https://data.biodiversitydata.nl/naturalis/specimen/RMNH.AVES.200428","","","","","","","","","skin (study skin)","","","","","","","","","","",""
"","RMNH.AVES.39880","","","","","","","","","","","https://doi.org/TEST/ZZ7-6N5-K7Y","Zoology","","86fef09af50131f2b3143bbb3fa94818","","","https://doi.org/TEST/ZZ7-6N5-K7Y","","","","","","","","","","https://ror.org/0566bfb96","","","https://data.biodiversitydata.nl/naturalis/specimen/RMNH.AVES.39880","","","","","","","","","egg (air dried)","","","","","","","","","","",""
"","RMNH.AVES.57509","","","","","","","","","","","https://doi.org/TEST/ZZ7-5YE-2JX","Zoology","","23fde573b0c3f2d26883dcedce95827c","","","https://doi.org/TEST/ZZ7-5YE-2JX","","","","","","","","","","https://ror.org/0566bfb96","","","https://data.biodiversitydata.nl/naturalis/specimen/RMNH.AVES.57509","","","","","","","","","skin (air dried)","","","","","","","","","","",""
"","RMNH.AVES.70433","","","","","","","","","","","https://doi.org/TEST/ZZ7-03F-RY7","Zoology","","bc538cf5669c1e7f3550cbdd2f1711ee","","","https://doi.org/TEST/ZZ7-03F-RY7","","","","","","","","","","https://ror.org/0566bfb96","","","https://data.biodiversitydata.nl/naturalis/specimen/RMNH.AVES.70433","","","","","","","","","egg (air dried)","","","","","","","","","","",""
"","ZMA.AVES.20174","","","","","","","","","","","https://doi.org/TEST/ZZ6-Q2X-QFK","Zoology","","34359e9b5f22e16b9aefad3c249f569b","","","https://doi.org/TEST/ZZ6-Q2X-QFK","","","","","","","","","","https://ror.org/0566bfb96","","","https://data.biodiversitydata.nl/naturalis/specimen/ZMA.AVES.20174","","","","","","","","","skin (study skin)","","","","","","","","","","",""
"","RMNH.AVES.173954","","","","","","","","","","","https://doi.org/TEST/ZZ6-PW1-DBS","Zoology","","be8770578422aba3431cff8c3f455e0e","","","https://doi.org/TEST/ZZ6-PW1-DBS","","","","","","","","","","https://ror.org/0566bfb96","","","https://data.biodiversitydata.nl/naturalis/specimen/RMNH.AVES.173954","","","","","","","","","skin (mounted skin)","","","","","","","","","","",""
"","RMNH.AVES.76144","","","","","","","","","","","https://doi.org/TEST/ZZ6-NHF-A8K","Zoology","","b1d7f9cc974076367ce61c6b311dd94e","","","https://doi.org/TEST/ZZ6-NHF-A8K","","","","","","","","","","https://ror.org/0566bfb96","","","https://data.biodiversitydata.nl/naturalis/specimen/RMNH.AVES.76144","","","","","","","","","egg (air dried)","","","","","","","","","","",""
"","RMNH.AVES.168725","","","","","","","","","","","https://doi.org/TEST/ZZ6-LML-4FE","Zoology","","ceb0c866dfefa82e212e1dca295b04b2","","","https://doi.org/TEST/ZZ6-LML-4FE","","","","","","","","","","https://ror.org/0566bfb96","","","https://data.biodiversitydata.nl/naturalis/specimen/RMNH.AVES.168725","","","","","","","","","skin (mounted skin)","","","","","","","","","","",""
"","ZMA.AVES.42961","","","","","","","","","","","https://doi.org/TEST/ZZ6-GBP-2KW","Zoology","","59853614db89352c195255330d04c669","","","https://doi.org/TEST/ZZ6-GBP-2KW","","","","","","","","","","https://ror.org/0566bfb96","","","https://data.biodiversitydata.nl/naturalis/specimen/ZMA.AVES.42961","","","","","","","","","skin (study skin)","","","","","","","","","","",""
"","ZMA.AVES.30432","","","","","","","","","","","https://doi.org/TEST/ZZ6-ENF-9T9","Zoology","","1feca379e158386bc5d064b65081bcc2","","","https://doi.org/TEST/ZZ6-ENF-9T9","","","","","","","","","","https://ror.org/0566bfb96","","","https://data.biodiversitydata.nl/naturalis/specimen/ZMA.AVES.30432","","","","","","","","","skin (study skin)","","","","","","","","","","",""
"","RMNH.AVES.76237","","","","","","","","","","","https://doi.org/TEST/ZZ6-BVW-PRX","Zoology","","4ed8349dd140b7bb3882c77a9e78f4b8","","","https://doi.org/TEST/ZZ6-BVW-PRX","","","","","","","","","","https://ror.org/0566bfb96","","","https://data.biodiversitydata.nl/naturalis/specimen/RMNH.AVES.76237","","","","","","","","","egg (air dried)","","","","","","","","","","",""
"","ZMA.AVES.164","","","","","","","","","","","https://doi.org/TEST/ZZ6-BJE-MZE","Zoology","","236a7d3e8789170b94ce2efe0c878508","","","https://doi.org/TEST/ZZ6-BJE-MZE","","","","","","","","","","https://ror.org/0566bfb96","","","https://data.biodiversitydata.nl/naturalis/specimen/ZMA.AVES.164","","","","","","","","","skin (study skin)","","","","","","","","","","",""
"","ZMA.AVES.55634","","","","","","","","","","","https://doi.org/TEST/ZZ6-B3H-DMB","Zoology","","607891b98f9c2d7895d087229730103a","","","https://doi.org/TEST/ZZ6-B3H-DMB","","","","","","","","","","https://ror.org/0566bfb96","","","https://data.biodiversitydata.nl/naturalis/specimen/ZMA.AVES.55634","","","","","","","","","skin (study skin)","","","","","","","","","","",""
"","RMNH.AVES.86611","","","","","","","","","","","https://doi.org/TEST/ZZ6-8Y5-NEE","Zoology","","12859f70b8d2c06cf4bf272a014e8637","","","https://doi.org/TEST/ZZ6-8Y5-NEE","","","","","","","","","","https://ror.org/0566bfb96","","","https://data.biodiversitydata.nl/naturalis/specimen/RMNH.AVES.86611","","","","","","","","","skin (air dried)","","","","","","","","","","",""
"","RMNH.AVES.155164","","","","","","","","","","","https://doi.org/TEST/ZZ5-ZXJ-CRN","Zoology","","84bf20cf35d1c6c5195082e038d1b195","","","https://doi.org/TEST/ZZ5-ZXJ-CRN","","","","","","","","","","https://ror.org/0566bfb96","","","https://data.biodiversitydata.nl/naturalis/specimen/RMNH.AVES.155164","","","","","","","","","skin (mounted skin)","","","","","","","","","","",""
"","RMNH.AVES.41335","","","","","","","","","","","https://doi.org/TEST/ZZ5-XDF-PES","Zoology","","4e0049db5dd83e5d28fa4bfb86ad528e","","","https://doi.org/TEST/ZZ5-XDF-PES","","","","","","","","","","https://ror.org/0566bfb96","","","https://data.biodiversitydata.nl/naturalis/specimen/RMNH.AVES.41335","","","","","","","","","egg (air dried)","","","","","","","","","","",""
"","RMNH.AVES.121703","","","","","","","","","","","https://doi.org/TEST/ZZ5-WAW-JG6","Zoology","","5adfe5177f64627fe64b2fef56bf4e9d","","","https://doi.org/TEST/ZZ5-WAW-JG6","","","","","","","","","","https://ror.org/0566bfb96","","","https://data.biodiversitydata.nl/naturalis/specimen/RMNH.AVES.121703","","","","","","","","","skin (air dried)","","","","","","","","","","",""
"","RMNH.AVES.89179","","","","","","","","","","","https://doi.org/TEST/ZZ5-SLE-WS1","Zoology","","a50466216c0a528b69b5266984766df7","","","https://doi.org/TEST/ZZ5-SLE-WS1","","","","","","","","","","https://ror.org/0566bfb96","","","https://data.biodiversitydata.nl/naturalis/specimen/RMNH.AVES.89179","","","","","","","","","skin (mounted skin)","","","","","","","","","","",""
"","ZMA.AVES.12991","","","","","","","","","","","https://doi.org/TEST/ZZ5-MVQ-7XT","Zoology","","05525eca46e1a9f597e22c78f48e9a29","","","https://doi.org/TEST/ZZ5-MVQ-7XT","","","","","","","","","","https://ror.org/0566bfb96","","","https://data.biodiversitydata.nl/naturalis/specimen/ZMA.AVES.12991","","","","","","","","","skin (study skin)","","","","","","","","","","",""
"","RMNH.AVES.134549","","","","","","","","","","","https://doi.org/TEST/ZZ5-LQD-TMS","Zoology","","10d3ec8b29bd6ea6ed71a8296d544e80","","","https://doi.org/TEST/ZZ5-LQD-TMS","","","","","","","","","","https://ror.org/0566bfb96","","","https://data.biodiversitydata.nl/naturalis/specimen/RMNH.AVES.134549","","","","","","","","","skin (air dried)","","","","","","","","","","",""
"","ZMA.AVES.22608","","","","","","","","","","","https://doi.org/TEST/ZZ4-XT8-3PK","Zoology","","250c31ae0d56e40d66816631a42fd7f0","","","https://doi.org/TEST/ZZ4-XT8-3PK","","","","","","","","","","https://ror.org/0566bfb96","","","https://data.biodiversitydata.nl/naturalis/specimen/ZMA.AVES.22608","","","","","","","","","skin (study skin)","","","","","","","","","","",""
"","RMNH.AVES.126199","","","","","","","","","","","https://doi.org/TEST/ZZ4-X7S-WKN","Zoology","","ec8b20f032b3404563aa5dd78633a3ab","","","https://doi.org/TEST/ZZ4-X7S-WKN","","","","","","","","","","https://ror.org/0566bfb96","","","https://data.biodiversitydata.nl/naturalis/specimen/RMNH.AVES.126199","","","","","","","","","skin (air dried)","","","","","","","","","","",""
"","RMNH.AVES.83178","","","","","","","","","","","https://doi.org/TEST/ZZ4-PK3-VJ7","Zoology","","f3e9f38c342ed9f30cb04c89d98eb498","","","https://doi.org/TEST/ZZ4-PK3-VJ7","","","","","","","","","","https://ror.org/0566bfb96","","","https://data.biodiversitydata.nl/naturalis/specimen/RMNH.AVES.83178","","","","","","","","","skin (study skin)","","","","","","","","","","",""
"","RMNH.AVES.85535","","","","","","","","","","","https://doi.org/TEST/ZZ4-ERM-2Y4","Zoology","","e84c2a26f72ba84cb505ee919b1526da","","","https://doi.org/TEST/ZZ4-ERM-2Y4","","","","","","","","","","https://ror.org/0566bfb96","","","https://data.biodiversitydata.nl/naturalis/specimen/RMNH.AVES.85535","","","","","","","","","skin (study skin)","","","","","","","","","","",""
"","ZMA.AVES.13240","","","","","","","","","","","https://doi.org/TEST/ZZ4-98Z-6YZ","Zoology","","42c07808159b25c6af774c16a4aafe30","","","https://doi.org/TEST/ZZ4-98Z-6YZ","","","","","","","","","","https://ror.org/0566bfb96","","","https://data.biodiversitydata.nl/naturalis/specimen/ZMA.AVES.13240","","","","","","","","","skin (study skin)","","","","","","","","","","",""
"","RMNH.AVES.177712","","","","","","","","","","","https://doi.org/TEST/ZZ4-1JE-YC7","Zoology","","ee7b585b25903f836ee2191c17532814","","","https://doi.org/TEST/ZZ4-1JE-YC7","","","","","","","","","","https://ror.org/0566bfb96","","","https://data.biodiversitydata.nl/naturalis/specimen/RMNH.AVES.177712","","","","","","","","","egg (air dried)","","","","","","","","","","",""
"","RMNH.AVES.216759","","","","","","","","","","","https://doi.org/TEST/ZZ3-ZFK-8WW","Zoology","","7841bb76da1d4944877629e9acfc9f7c","","","https://doi.org/TEST/ZZ3-ZFK-8WW","","","","","","","","","","https://ror.org/0566bfb96","","","https://data.biodiversitydata.nl/naturalis/specimen/RMNH.AVES.216759","","","","","","","","","skin (mounted skin)","","","","","","","","","","",""
"","RMNH.AVES.146315","","","","","","","","","","","https://doi.org/TEST/ZZ3-Z7W-TGH","Zoology","","54fd2592b2d26d6a373f393dc1f9c996","","","https://doi.org/TEST/ZZ3-Z7W-TGH","","","","","","","","","","https://ror.org/0566bfb96","","","https://data.biodiversitydata.nl/naturalis/specimen/RMNH.AVES.146315","","","","","","","","","skin (air dried)","","","","","","","","","","",""
"","RMNH.AVES.210840","","","","","","","","","","","https://doi.org/TEST/ZZ3-JQ6-MFZ","Zoology","","0c5cc32d96abb9dc7188966d72e45bb3","","","https://doi.org/TEST/ZZ3-JQ6-MFZ","","","","","","","","","","https://ror.org/0566bfb96","","","https://data.biodiversitydata.nl/naturalis/specimen/RMNH.AVES.210840","","","","","","","","","skin (mounted skin)","","","","","","","","","","",""
"","RMNH.AVES.195661","","","","","","","","","","","https://doi.org/TEST/ZZ3-HSF-7JS","Zoology","","1abbcc1146c307c2e83b907886df2b41","","","https://doi.org/TEST/ZZ3-HSF-7JS","","","","","","","","","","https://ror.org/0566bfb96","","","https://data.biodiversitydata.nl/naturalis/specimen/RMNH.AVES.195661","","","","","","","","","skin (mounted skin)","","","","","","","","","","",""
"","ZMA.AVES.50234","","","","","","","","","","","https://doi.org/TEST/ZZ3-FNV-P4Q","Zoology","","03ae6ddd88c41ee51a96cdd0c90ee559","","","https://doi.org/TEST/ZZ3-FNV-P4Q","","","","","","","","","","https://ror.org/0566bfb96","","","https://data.biodiversitydata.nl/naturalis/specimen/ZMA.AVES.50234","","","","","","","","","egg (air dried)","","","","","","","","","","",""
"","RMNH.AVES.48901","","","","","","","","","","","https://doi.org/TEST/ZZ3-ETX-L16","Zoology","","f534ccc4f4aa0a266fc612eafc02bd25","","","https://doi.org/TEST/ZZ3-ETX-L16","","","","","","","","","","https://ror.org/0566bfb96","","","https://data.biodiversitydata.nl/naturalis/specimen/RMNH.AVES.48901","","","","","","","","","skin (study skin)","","","","","","","","","","",""
"","RMNH.AVES.208197","","","","","","","","","","","https://doi.org/TEST/ZZ3-8BH-TTZ","Zoology","","d243eae5d9d5aefedf11ffc5f4601fea","","","https://doi.org/TEST/ZZ3-8BH-TTZ","","","","","","","","","","https://ror.org/0566bfb96","","","https://data.biodiversitydata.nl/naturalis/specimen/RMNH.AVES.208197","","","","","","","","","skin (study skin)","","","","","","","","","","",""
"","ZMA.AVES.20175","","","","","","","","","","","https://doi.org/TEST/ZZ3-1K1-RC9","Zoology","","8a0f97594dbdafc1d9d900eaf3d45376","","","https://doi.org/TEST/ZZ3-1K1-RC9","","","","","","","","","","https://ror.org/0566bfb96","","","https://data.biodiversitydata.nl/naturalis/specimen/ZMA.AVES.20175","","","","","","","","","skin (study skin)","","","","","","","","","","",""
"","RMNH.AVES.27974","","","","","","","","","","","https://doi.org/TEST/ZZ3-0BG-1LG","Zoology","","96c35bb432ee4830e0b86202d9edae93","","","https://doi.org/TEST/ZZ3-0BG-1LG","","","","","","","","","","https://ror.org/0566bfb96","","","https://data.biodiversitydata.nl/naturalis/specimen/RMNH.AVES.27974","","","","","","","","","skin (air dried)","","","","","","","","","","",""
"","RMNH.AVES.122916","","","","","","","","","","","https://doi.org/TEST/ZZ2-XKF-BQS","Zoology","","a02de7b865dc78ae52ecf5f0e0d326ce","","","https://doi.org/TEST/ZZ2-XKF-BQS","","","","","","","","","","https://ror.org/0566bfb96","","","https://data.biodiversitydata.nl/naturalis/specimen/RMNH.AVES.122916","","","","","","","","","skin (air dried)","","","","","","","","","","",""
"","ZMA.AVES.54896","","","","","","","","","","","https://doi.org/TEST/ZZ2-S5V-2V4","Zoology","","10a9366e53b95d614c7de950b3a57f8d","","","https://doi.org/TEST/ZZ2-S5V-2V4","","","","","","","","","","https://ror.org/0566bfb96","","","https://data.biodiversitydata.nl/naturalis/specimen/ZMA.AVES.54896","","","","","","","","","skin (study skin)","","","","","","","","","","",""
"","RMNH.AVES.183417","","","","","","","","","","","https://doi.org/TEST/ZZ2-QF4-YZM","Zoology","","652bcb152f9a6cc36c23a0b02afb1894","","","https://doi.org/TEST/ZZ2-QF4-YZM","","","","","","","","","","https://ror.org/0566bfb96","","","https://data.biodiversitydata.nl/naturalis/specimen/RMNH.AVES.183417","","","","","","","","","egg (air dried)","","","","","","","","","","",""
"","RMNH.AVES.97775","","","","","","","","","","","https://doi.org/TEST/ZZ2-J49-W59","Zoology","","7c23d51fe929d1ed555a3b2b02ae6e57","","","https://doi.org/TEST/ZZ2-J49-W59","","","","","","","","","","https://ror.org/0566bfb96","","","https://data.biodiversitydata.nl/naturalis/specimen/RMNH.AVES.97775","","","","","","","","","skin (air dried)","","","","","","","","","","",""
"","RMNH.AVES.18641","","","","","","","","","","","https://doi.org/TEST/ZZ2-5S0-VWA","Zoology","","51e58d0f60f8574e57c0ac3a0bca52c0","","","https://doi.org/TEST/ZZ2-5S0-VWA","","","","","","","","","","https://ror.org/0566bfb96","","","https://data.biodiversitydata.nl/naturalis/specimen/RMNH.AVES.18641","","","","","","","","","skin (air dried)","","","","","","","","","","",""
"","ZMA.AVES.61675","","","","","","","","","","","https://doi.org/TEST/ZZ2-3DS-KRQ","Zoology","","2140c20afd441915584f6b98beb7c5d4","","","https://doi.org/TEST/ZZ2-3DS-KRQ","","","","","","","","","","https://ror.org/0566bfb96","","","https://data.biodiversitydata.nl/naturalis/specimen/ZMA.AVES.61675","","","","","","","","","egg (air dried)","","","","","","","","","","",""
"","RMNH.AVES.186385","","","","","","","","","","","https://doi.org/TEST/ZZ1-NA2-4MQ","Zoology","","ae46ea65b99677a8304e1b7fd7ef2b69","","","https://doi.org/TEST/ZZ1-NA2-4MQ","","","","","","","","","","https://ror.org/0566bfb96","","","https://data.biodiversitydata.nl/naturalis/specimen/RMNH.AVES.186385","","","","","","","","","egg","","","","","","","","","","",""
"","ZMA.AVES.10274","","","","","","","","","","","https://doi.org/TEST/ZZ1-M5Z-37T","Zoology","","d5fba46e1210202abd54b54b668cfb93","","","https://doi.org/TEST/ZZ1-M5Z-37T","","","","","","","","","","https://ror.org/0566bfb96","","","https://data.biodiversitydata.nl/naturalis/specimen/ZMA.AVES.10274","","","","","","","","","skin (study skin)","","","","","","","","","","",""
"","RMNH.AVES.134511","","","","","","","","","","","https://doi.org/TEST/ZZ1-J1E-4XV","Zoology","","77afa11a18235ce284b1ec82ae19620c","","","https://doi.org/TEST/ZZ1-J1E-4XV","","","","","","","","","","https://ror.org/0566bfb96","","","https://data.biodiversitydata.nl/naturalis/specimen/RMNH.AVES.134511","","","","","","","","","skin (air dried)","","","","","","","","","","",""
"","RMNH.AVES.212830","","","","","","","","","","","https://doi.org/TEST/ZZ1-H4Y-EAR","Zoology","","94757bc571a054decbf32bd7b08be0c5","","","https://doi.org/TEST/ZZ1-H4Y-EAR","","","","","","","","","","https://ror.org/0566bfb96","","","https://data.biodiversitydata.nl/naturalis/specimen/RMNH.AVES.212830","","","","","","","","","skin (mounted skin)","","","","","","","","","","",""
"","RMNH.AVES.225173","","","","","","","","","","","https://doi.org/TEST/ZZ1-FGH-0F4","Zoology","","96857098e11f7e78805156ab484c8a5b","","","https://doi.org/TEST/ZZ1-FGH-0F4","","","","","","","","","","https://ror.org/0566bfb96","","","https://data.biodiversitydata.nl/naturalis/specimen/RMNH.AVES.225173","","","","","","","","","skin (mounted skin)","","","","","","","","","","",""
"","RMNH.AVES.126748","","","","","","","","","","","https://doi.org/TEST/ZZ1-90R-QCY","Zoology","","94759e04f921bd04c4e6c90bb919b0e8","","","https://doi.org/TEST/ZZ1-90R-QCY","","","","","","","","","","https://ror.org/0566bfb96","","","https://data.biodiversitydata.nl/naturalis/specimen/RMNH.AVES.126748","","","","","","","","","skin (air dried)","","","","","","","","","","",""
"","ZMA.AVES.39238","","","","","","","","","","","https://doi.org/TEST/ZZ1-8X5-V87","Zoology","","d2fc8125e0e85ffca03e63a706227bfe","","","https://doi.org/TEST/ZZ1-8X5-V87","","","","","","","","","","https://ror.org/0566bfb96","","","https://data.biodiversitydata.nl/naturalis/specimen/ZMA.AVES.39238","","","","","","","","","egg (air dried)","","","","","","","","","","",""
"","RMNH.AVES.162334","","","","","","","","","","","https://doi.org/TEST/ZZ1-6MB-JXW","Zoology","","def69e83f55a7f8a2edeefef63fe2256","","","https://doi.org/TEST/ZZ1-6MB-JXW","","","","","","","","","","https://ror.org/0566bfb96","","","https://data.biodiversitydata.nl/naturalis/specimen/RMNH.AVES.162334","","","","","","","","","skin (wet specimen)","","","","","","","","","","",""
"","RMNH.AVES.75369","","","","","","","","","","","https://doi.org/TEST/ZZ1-1DW-MR8","Zoology","","347e5d12f0b271b9622dada884b66e9f","","","https://doi.org/TEST/ZZ1-1DW-MR8","","","","","","","","","","https://ror.org/0566bfb96","","","https://data.biodiversitydata.nl/naturalis/specimen/RMNH.AVES.75369","","","","","","","","","skeleton (whole) (skeletonized)","","","","","","","","","","",""
"","RMNH.AVES.223949","","","","","","","","","","","https://doi.org/TEST/ZZ0-VPH-Q2R","Zoology","","44e7fb1d23529ea7143e58f8488ede16","","","https://doi.org/TEST/ZZ0-VPH-Q2R","","","","","","","","","","https://ror.org/0566bfb96","","","https://data.biodiversitydata.nl/naturalis/specimen/RMNH.AVES.223949","","","","","","","","","skin (mounted skin)","","","","","","","","","","",""
"","ZMA.AVES.19679","","","","","","","","","","","https://doi.org/TEST/ZZ0-TYA-F87","Zoology","","07857376c65ca01dc199fae9340d840d","","","https://doi.org/TEST/ZZ0-TYA-F87","","","","","","","","","","https://ror.org/0566bfb96","","","https://data.biodiversitydata.nl/naturalis/specimen/ZMA.AVES.19679","","","","","","","","","skin (study skin)","","","","","","","","","","",""
"","RMNH.AVES.32583","","","","","","","","","","","https://doi.org/TEST/ZZ0-J12-0GG","Zoology","","ee922c50444baa6d7fb07ecd67226300","","","https://doi.org/TEST/ZZ0-J12-0GG","","","","","","","","","","https://ror.org/0566bfb96","","","https://data.biodiversitydata.nl/naturalis/specimen/RMNH.AVES.32583","","","","","","","","","skin (study skin)","","","","","","","","","","",""
"","RMNH.AVES.189572","","","","","","","","","","","https://doi.org/TEST/ZZ0-44X-PPS","Zoology","","41e60832f8d7266f227f216d438d58e2","","","https://doi.org/TEST/ZZ0-44X-PPS","","","","","","","","","","https://ror.org/0566bfb96","","","https://data.biodiversitydata.nl/naturalis/specimen/RMNH.AVES.189572","","","","","","","","","skin (study skin)","","","","","","","","","","",""
"","RMNH.AVES.72865","","","","","","","","","","","https://doi.org/TEST/ZZ0-3YY-W1S","Zoology","","b0b30e0e99b7b4262cf9c84c4e6a959f","","","https://doi.org/TEST/ZZ0-3YY-W1S","","","","","","","","","","https://ror.org/0566bfb96","","","https://data.biodiversitydata.nl/naturalis/specimen/RMNH.AVES.72865","","","","","","","","","egg (air dried)","","","","","","","","","","",""
"","RMNH.AVES.95728","","","","","","","","","","","https://doi.org/TEST/ZZ0-36V-61R","Zoology","","00632244f71d7cb870e0b847483f0c6a","","","https://doi.org/TEST/ZZ0-36V-61R","","","","","","","","","","https://ror.org/0566bfb96","","","https://data.biodiversitydata.nl/naturalis/specimen/RMNH.AVES.95728","","","","","","","","","skin (air dried)","","","","","","","","","","",""
"","RMNH.AVES.136964","","","","","","","","","","","https://doi.org/TEST/ZYZ-J4S-QS5","Zoology","","d6f5419580e92cd09c26336a13013c33","","","https://doi.org/TEST/ZYZ-J4S-QS5","","","","","","","","","","https://ror.org/0566bfb96","","","https://data.biodiversitydata.nl/naturalis/specimen/RMNH.AVES.136964","","","","","","","","","skin (air dried)","","","","","","","","","","",""
"","RMNH.AVES.189783","","","","","","","","","","","https://doi.org/TEST/ZYZ-AF0-CNR","Zoology","","ceb0c866dfefa82e212e1dca295b04b2","","","https://doi.org/TEST/ZYZ-AF0-CNR","","","","","","","","","","https://ror.org/0566bfb96","","","https://data.biodiversitydata.nl/naturalis/specimen/RMNH.AVES.189783","","","","","","","","","skin (study skin)","","","","","","","","","","",""
"","ZMA.AVES.22721","","","","","","","","","","","https://doi.org/TEST/ZYZ-23W-PHY","Zoology","","0084b02170713ccbe7015a78c51f5064","","","https://doi.org/TEST/ZYZ-23W-PHY","","","","","","","","","","https://ror.org/0566bfb96","","","https://data.biodiversitydata.nl/naturalis/specimen/ZMA.AVES.22721","","","","","","","","","skin (study skin)","","","","","","","","","","",""
"","RMNH.AVES.150920","","","","","","","","","","","https://doi.org/TEST/ZYY-C3X-XKB","Zoology","","5e855fc297481ced4783a1fd5512d96a","","","https://doi.org/TEST/ZYY-C3X-XKB","","","","","","","","","","https://ror.org/0566bfb96","","","https://data.biodiversitydata.nl/naturalis/specimen/RMNH.AVES.150920","","","","","","","","","skin (air dried)","","","","","","","","","","",""
"","RMNH.AVES.40520","","","","","","","","","","","https://doi.org/TEST/ZYY-ADQ-NN6","Zoology","","e30f1b79d7f13b33dd4e7aaa21495db9","","","https://doi.org/TEST/ZYY-ADQ-NN6","","","","","","","","","","https://ror.org/0566bfb96","","","https://data.biodiversitydata.nl/naturalis/specimen/RMNH.AVES.40520","","","","","","","","","egg (air dried)","","","","","","","","","","",""
"","RMNH.AVES.199695","","","","","","","","","","","https://doi.org/TEST/ZYY-ACQ-R6B","Zoology","","02704c7e58bdeed328111cc8cf81c092","","","https://doi.org/TEST/ZYY-ACQ-R6B","","","","","","","","","","https://ror.org/0566bfb96","","","https://data.biodiversitydata.nl/naturalis/specimen/RMNH.AVES.199695","","","","","","","","","skin (study skin)","","","","","","","","","","",""
"","RMNH.AVES.107565","","","","","","","","","","","https://doi.org/TEST/ZYY-8D5-HE0","Zoology","","a0ca0f09ab146206202bddeb227441f6","","","https://doi.org/TEST/ZYY-8D5-HE0","","","","","","","","","","https://ror.org/0566bfb96","","","https://data.biodiversitydata.nl/naturalis/specimen/RMNH.AVES.107565","","","","","","","","","skin (mounted skin)","","","","","","","","","","",""
"","RMNH.AVES.108731","","","","","","","","","","","https://doi.org/TEST/ZYX-S7Q-A1S","Zoology","","cdd9d039002cef9ee2068f0dd34feafe","","","https://doi.org/TEST/ZYX-S7Q-A1S","","","","","","","","","","https://ror.org/0566bfb96","","","https://data.biodiversitydata.nl/naturalis/specimen/RMNH.AVES.108731","","","","","","","","","skin (mounted skin)","","","","","","","","","","",""
"","RMNH.AVES.134385","","","","","","","","","","","https://doi.org/TEST/ZYX-NBR-337","Zoology","","599547e1397aa1bcf9c89229f3e04927","","","https://doi.org/TEST/ZYX-NBR-337","","","","","","","","","","https://ror.org/0566bfb96","","","https://data.biodiversitydata.nl/naturalis/specimen/RMNH.AVES.134385","","","","","","","","","skin (air dried)","","","","","","","","","","",""
"","RMNH.AVES.70552","","","","","","","","","","","https://doi.org/TEST/ZYX-MN9-1N7","Zoology","","c97dad0415f3217179e2b9545fc02abc","","","https://doi.org/TEST/ZYX-MN9-1N7","","","","","","","","","","https://ror.org/0566bfb96","","","https://data.biodiversitydata.nl/naturalis/specimen/RMNH.AVES.70552","","","","","","","","","egg (air dried)","","","","","","","","","","",""
"","RMNH.AVES.177249","","","","","","","","","","","https://doi.org/TEST/ZYX-3FT-H9T","Zoology","","1b650bbe8d12e6ad5304c74403ee0f75","","","https://doi.org/TEST/ZYX-3FT-H9T","","","","","","","","","","https://ror.org/0566bfb96","","","https://data.biodiversitydata.nl/naturalis/specimen/RMNH.AVES.177249","","","","","","","","","egg (air dried)","","","","","","","","","","",""
"","RMNH.AVES.219421","","","","","","","","","","","https://doi.org/TEST/ZYX-0B5-V6Q","Zoology","","4aa46a356e815b6522d70aa76898b4ef","","","https://doi.org/TEST/ZYX-0B5-V6Q","","","","","","","","","","https://ror.org/0566bfb96","","","https://data.biodiversitydata.nl/naturalis/specimen/RMNH.AVES.219421","","","","","","","","","skin (study skin)","","","","","","","","","","",""
"","ZMA.AVES.13392","","","","","","","","","","","https://doi.org/TEST/ZYW-V44-TPD","Zoology","","a0704cb5dd9b1019c630fb9b2d4b712d","","","https://doi.org/TEST/ZYW-V44-TPD","","","","","","","","","","https://ror.org/0566bfb96","","","https://data.biodiversitydata.nl/naturalis/specimen/ZMA.AVES.13392","","","","","","","","","skin (study skin)","","","","","","","","","","",""
"","RMNH.AVES.53647","","","","","","","","","","","https://doi.org/TEST/ZYW-THZ-2CE","Zoology","","b1b9e9b3586eff042cb740f35b4f1018","","","https://doi.org/TEST/ZYW-THZ-2CE","","","","","","","","","","https://ror.org/0566bfb96","","","https://data.biodiversitydata.nl/naturalis/specimen/RMNH.AVES.53647","","","","","","","","","skin (air dried)","","","","","","","","","","",""
"","RMNH.AVES.74916","","","","","","","","","","","https://doi.org/TEST/ZYW-SYA-XEJ","Zoology","","ee1191b19ebfc7c5912e2b01a8d0f6b6","","","https://doi.org/TEST/ZYW-SYA-XEJ","","","","","","","","","","https://ror.org/0566bfb96","","","https://data.biodiversitydata.nl/naturalis/specimen/RMNH.AVES.74916","","","","","","","","","skin (study skin)","","","","","","","","","","",""
"","RMNH.AVES.16394","","","","","","","","","","","https://doi.org/TEST/ZYW-GPA-G09","Zoology","","cbab26565092f2b960f59ac544f7a08d","","","https://doi.org/TEST/ZYW-GPA-G09","","","","","","","","","","https://ror.org/0566bfb96","","","https://data.biodiversitydata.nl/naturalis/specimen/RMNH.AVES.16394","","","","","","","","","egg (air dried)","","","","","","","","","","",""
"","RMNH.AVES.153661","","","","","","","","","","","https://doi.org/TEST/ZYW-FMS-HBC","Zoology","","cda277ff224869e368705a62d3aaccc8","","","https://doi.org/TEST/ZYW-FMS-HBC","","","","","","","","","","https://ror.org/0566bfb96","","","https://data.biodiversitydata.nl/naturalis/specimen/RMNH.AVES.153661","","","","","","","","","skin (air dried)","","","","","","","","","","",""
"","RMNH.AVES.149027","","","","","","","","","","","https://doi.org/TEST/ZYW-EN5-EDR","Zoology","","488ceb12f5ae04936e0bce53307d8927","","","https://doi.org/TEST/ZYW-EN5-EDR","","","","","","","","","","https://ror.org/0566bfb96","","","https://data.biodiversitydata.nl/naturalis/specimen/RMNH.AVES.149027","","","","","","","","","skin (air dried)","","","","","","","","","","",""
"","RMNH.AVES.56155","","","","","","","","","","","https://doi.org/TEST/ZYW-DWT-11M","Zoology","","3bb838ab1de2afb4dc97f7af59bb3346","","","https://doi.org/TEST/ZYW-DWT-11M","","","","","","","","","","https://ror.org/0566bfb96","","","https://data.biodiversitydata.nl/naturalis/specimen/RMNH.AVES.56155","","","","","","","","","skin (study skin)","","","","","","","","","","",""
"","ZMA.AVES.33696","","","","","","","","","","","https://doi.org/TEST/ZYW-34B-ER2","Zoology","","63d729425bc171e7e956327f527b4be3","","","https://doi.org/TEST/ZYW-34B-ER2","","","","","","","","","","https://ror.org/0566bfb96","","","https://data.biodiversitydata.nl/naturalis/specimen/ZMA.AVES.33696","","","","","","","","","skin (study skin)","","","","","","","","","","",""
"","RMNH.AVES.230205","","","","","","","","","","","https://doi.org/TEST/ZYW-30L-VHD","Zoology","","b7a0d6e6c0a60dfb684e0abcc436de66","","","https://doi.org/TEST/ZYW-30L-VHD","","","","","","","","","","https://ror.org/0566bfb96","","","https://data.biodiversitydata.nl/naturalis/specimen/RMNH.AVES.230205","","","","","","","","","skin (mounted skin)","","","","","","","","","","",""
"","RMNH.AVES.254786","","","","","","","","","","","https://doi.org/TEST/ZYW-2LB-68S","Zoology","","fb8adfcfc70b29c0e24d0e75c517be11","","","https://doi.org/TEST/ZYW-2LB-68S","","","","","","","","","","https://ror.org/0566bfb96","","","https://data.biodiversitydata.nl/naturalis/specimen/RMNH.AVES.254786","","","","","","","","","skeleton (whole) (skeletonized)","","","","","","","","","","",""
"","ZMA.AVES.23597","","","","","","","","","","","https://doi.org/TEST/ZYV-YJJ-WYD","Zoology","","6e76002eebc85630379a34b20b02f175","","","https://doi.org/TEST/ZYV-YJJ-WYD","","","","","","","","","","https://ror.org/0566bfb96","","","https://data.biodiversitydata.nl/naturalis/specimen/ZMA.AVES.23597","","","","","","","","","skin (study skin)","","","","","","","","","","",""
"","RMNH.AVES.209780","","","","","","","","","","","https://doi.org/TEST/ZYV-X3W-ZNE","Zoology","","6a8777cb0702c53142979825af8093a3","","","https://doi.org/TEST/ZYV-X3W-ZNE","","","","","","","","","","https://ror.org/0566bfb96","","","https://data.biodiversitydata.nl/naturalis/specimen/RMNH.AVES.209780","","","","","","","","","skin (mounted skin)","","","","","","","","","","",""
"","ZMA.AVES.11517","","","","","","","","","","","https://doi.org/TEST/ZYV-QB6-2TE","Zoology","","0a9ebef6e5fc81dd91e96ce68ab82be9","","","https://doi.org/TEST/ZYV-QB6-2TE","","","","","","","","","","https://ror.org/0566bfb96","","","https://data.biodiversitydata.nl/naturalis/specimen/ZMA.AVES.11517","","","","","","","","","skin (study skin)","","","","","","","","","","",""
"","ZMA.AVES.46311","","","","","","","","","","","https://doi.org/TEST/ZYV-P0K-706","Zoology","","5b62974e7791a4ba56e8ccc9c6dd7d4f","","","https://doi.org/TEST/ZYV-P0K-706","","","","","","","","","","https://ror.org/0566bfb96","","","https://data.biodiversitydata.nl/naturalis/specimen/ZMA.AVES.46311","","","","","","","","","skin (study skin)","","","","","","","","","","",""
"","RMNH.AVES.203562","","","","","","","","","","","https://doi.org/TEST/ZYV-K5K-933","Zoology","","21059f9a6d9f97ce85f0de1ba3e4b733","","","https://doi.org/TEST/ZYV-K5K-933","","","","","","","","","","https://ror.org/0566bfb96","","","https://data.biodiversitydata.nl/naturalis/specimen/RMNH.AVES.203562","","","","","","","","","skin (study skin)","","","","","","","","","","",""
"","RMNH.AVES.208622","","","","","","","","","","","https://doi.org/TEST/ZYV-HQL-8GM","Zoology","","8bfedbd5dc61ac1346a670213e2ac93d","","","https://doi.org/TEST/ZYV-HQL-8GM","","","","","","","","","","https://ror.org/0566bfb96","","","https://data.biodiversitydata.nl/naturalis/specimen/RMNH.AVES.208622","","","","","","","","","skin (study skin)","","","","","","","","","","",""
"","RMNH.AVES.179677","","","","","","","","","","","https://doi.org/TEST/ZYV-EJ6-HTG","Zoology","","45226a14a7d1958145f24a78f486742c","","","https://doi.org/TEST/ZYV-EJ6-HTG","","","","","","","","","","https://ror.org/0566bfb96","","","https://data.biodiversitydata.nl/naturalis/specimen/RMNH.AVES.179677","","","","","","","","","egg (air dried)","","","","","","","","","","",""
"","ZMA.AVES.63087.b","","","","","","","","","","","https://doi.org/TEST/ZYV-BGN-R62","Zoology","","3d5375a6e359941c42731ae8152387b0","","","https://doi.org/TEST/ZYV-BGN-R62","","","","","","","","","","https://ror.org/0566bfb96","","","https://data.biodiversitydata.nl/naturalis/specimen/ZMA.AVES.63087.b","","","","","","","","","nest (air dried)","","","","","","","","","","",""
"","RMNH.AVES.153305","","","","","","","","","","","https://doi.org/TEST/ZYV-7GP-J4D","Zoology","","cda277ff224869e368705a62d3aaccc8","","","https://doi.org/TEST/ZYV-7GP-J4D","","","","","","","","","","https://ror.org/0566bfb96","","","https://data.biodiversitydata.nl/naturalis/specimen/RMNH.AVES.153305","","","","","","","","","skin (air dried)","","","","","","","","","","",""
"","RMNH.AVES.143308","","","","","","","","","","","https://doi.org/TEST/ZYV-5BF-TAR","Zoology","","93d444820204f4b858cb5dbbf2f99592","","","https://doi.org/TEST/ZYV-5BF-TAR","","","","","","","","","","https://ror.org/0566bfb96","","","https://data.biodiversitydata.nl/naturalis/specimen/RMNH.AVES.143308","","","","","","","","","skin (air dried)","","","","","","","","","","",""
"","RMNH.5070242.c","","","","","","","","","","","https://doi.org/TEST/ZYV-06Y-FFZ","Zoology","","d0cc7d6e2ba151e3f47e652cbf7d1782","","","https://doi.org/TEST/ZYV-06Y-FFZ","","","","","","","","","","https://ror.org/0566bfb96","","","https://data.biodiversitydata.nl/naturalis/specimen/RMNH.5070242.c","","","","","","","","","tissue (alcohol 96%)","","","","","","","","","","",""
"","RMNH.AVES.26347","","","","","","","","","","","https://doi.org/TEST/ZYT-MCB-YZ2","Zoology","","f63fbbbb71d2770440e450b0564b25da","","","https://doi.org/TEST/ZYT-MCB-YZ2","","","","","","","","","","https://ror.org/0566bfb96","","","https://data.biodiversitydata.nl/naturalis/specimen/RMNH.AVES.26347","","","","","","","","","egg (air dried)","","","","","","","","","","",""
"","RMNH.AVES.121916","","","","","","","","","","","https://doi.org/TEST/ZYT-LWX-XSG","Zoology","","e2ae0421e92742e615cdfba79ec342c7","","","https://doi.org/TEST/ZYT-LWX-XSG","","","","","","","","","","https://ror.org/0566bfb96","","","https://data.biodiversitydata.nl/naturalis/specimen/RMNH.AVES.121916","","","","","","","","","skin (air dried)","","","","","","","","","","",""
"","ZMA.AVES.9571","","","","","","","","","","","https://doi.org/TEST/ZYT-HYS-RHZ","Zoology","","84a2571528f9410d8ca4d0a4f408d850","","","https://doi.org/TEST/ZYT-HYS-RHZ","","","","","","","","","","https://ror.org/0566bfb96","","","https://data.biodiversitydata.nl/naturalis/specimen/ZMA.AVES.9571","","","","","","","","","skin (study skin)","","","","","","","","","","",""
"","RMNH.AVES.100019","","","","","","","","","","","https://doi.org/TEST/ZYT-HP8-CBF","Zoology","","de1a6e00ca496a2878bdf32096581d8f","","","https://doi.org/TEST/ZYT-HP8-CBF","","","","","","","","","","https://ror.org/0566bfb96","","","https://data.biodiversitydata.nl/naturalis/specimen/RMNH.AVES.100019","","","","","","","","","skin (air dried)","","","","","","","","","","",""
"","RMNH.AVES.15127","","","","","","","","","","","https://doi.org/TEST/ZYT-GPG-EZG","Zoology","","38e799914ea2c782dc163aa9bdc0a097","","","https://doi.org/TEST/ZYT-GPG-EZG","","","","","","","","","","https://ror.org/0566bfb96","","","https://data.biodiversitydata.nl/naturalis/specimen/RMNH.AVES.15127","","","","","","","","","skin (study skin)","","","","","","","","","","",""
"","RMNH.AVES.61338","","","","","","","","","","","https://doi.org/TEST/ZYT-G84-4K1","Zoology","","a94af49a2655f2f76fc7a1a1043d24a0","","","https://doi.org/TEST/ZYT-G84-4K1","","","","","","","","","","https://ror.org/0566bfb96","","","https://data.biodiversitydata.nl/naturalis/specimen/RMNH.AVES.61338","","","","","","","","","skin (study skin)","","","","","","","","","","",""
"","RMNH.AVES.177206","","","","","","","","","","","https://doi.org/TEST/ZYT-CG4-79S","Zoology","","6fe22cf7119058da187155b2a31b773d","","","https://doi.org/TEST/ZYT-CG4-79S","","","","","","","","","","https://ror.org/0566bfb96","","","https://data.biodiversitydata.nl/naturalis/specimen/RMNH.AVES.177206","","","","","","","","","egg (air dried)","","","","","","","","","","",""
"","RMNH.AVES.252950","","","","","","","","","","","https://doi.org/TEST/ZYT-38R-QD8","Zoology","","7f9dc6bd9a70bbd3190345eb02359e9b","","","https://doi.org/TEST/ZYT-38R-QD8","","","","","","","","","","https://ror.org/0566bfb96","","","https://data.biodiversitydata.nl/naturalis/specimen/RMNH.AVES.252950","","","","","","","","","skin (study skin)","","","","","","","","","","",""
"","RMNH.AVES.140130","","","","","","","","","","","https://doi.org/TEST/ZYT-29L-7D0","Zoology","","4c656f79ff0170dc06a873ed7d6f9db1","","","https://doi.org/TEST/ZYT-29L-7D0","","","","","","","","","","https://ror.org/0566bfb96","","","https://data.biodiversitydata.nl/naturalis/specimen/RMNH.AVES.140130","","","","","","","","","skin (air dried)","","","","","","","","","","",""
"","ZMA.AVES.49773","","","","","","","","","","","https://doi.org/TEST/ZYS-XHY-HSM","Zoology","","1a068e070781a1583ff48e7278cf6a69","","","https://doi.org/TEST/ZYS-XHY-HSM","","","","","","","","","","https://ror.org/0566bfb96","","","https://data.biodiversitydata.nl/naturalis/specimen/ZMA.AVES.49773","","","","","","","","","egg (air dried)","","","","","","","","","","",""
"","ZMA.AVES.14478","","","","","","","","","","","https://doi.org/TEST/ZYS-X3K-KL8","Zoology","","37e4c32cca2ec82dbb41374b7b616457","","","https://doi.org/TEST/ZYS-X3K-KL8","","","","","","","","","","https://ror.org/0566bfb96","","","https://data.biodiversitydata.nl/naturalis/specimen/ZMA.AVES.14478","","","","","","","","","skin (study skin)","","","","","","","","","","",""
"","RMNH.AVES.64307","","","","","","","","","","","https://doi.org/TEST/ZYS-WJ3-MHG","Zoology","","839c6341fc7da5a0dbaf7b5b8114c6cb","","","https://doi.org/TEST/ZYS-WJ3-MHG","","","","","","","","","","https://ror.org/0566bfb96","","","https://data.biodiversitydata.nl/naturalis/specimen/RMNH.AVES.64307","","","","","","","","","skin (air dried)","","","","","","","","","","",""
"","RMNH.AVES.15668","","","","","","","","","","","https://doi.org/TEST/ZYS-QMC-XF4","Zoology","","e3e091c192d100a059280a18e6b6d589","","","https://doi.org/TEST/ZYS-QMC-XF4","","","","","","","","","","https://ror.org/0566bfb96","","","https://data.biodiversitydata.nl/naturalis/specimen/RMNH.AVES.15668","","","","","","","","","egg (air dried)","","","","","","","","","","",""
"","RMNH.AVES.197796","","","","","","","","","","","https://doi.org/TEST/ZYS-EH5-83B","Zoology","","32561215ca9fd15dd6ed43b813742f60","","","https://doi.org/TEST/ZYS-EH5-83B","","","","","","","","","","https://ror.org/0566bfb96","","","https://data.biodiversitydata.nl/naturalis/specimen/RMNH.AVES.197796","","","","","","","","","skin (mounted skin)","","","","","","","","","","",""
"","ZMA.AVES.39545","","","","","","","","","","","https://doi.org/TEST/ZYS-E43-QMN","Zoology","","9211131f5eeff58c151f76f04450713b","","","https://doi.org/TEST/ZYS-E43-QMN","","","","","","","","","","https://ror.org/0566bfb96","","","https://data.biodiversitydata.nl/naturalis/specimen/ZMA.AVES.39545","","","","","","","","","egg (air dried)","","","","","","","","","","",""